{"level":"info","message":"Browser initialized","timestamp":"2026-06-24T11:41:51.213Z"}
{"level":"info","message":"Logging in to Kimland...","timestamp":"2026-06-24T11:41:51.251Z"}
{"level":"error","message":"❌ Login failed:","timestamp":"2026-06-24T11:42:23.783Z"}
{"level":"info","message":"Browser closed","timestamp":"2026-06-24T11:42:24.029Z"}
{"level":"info","message":"Browser initialized","timestamp":"2026-06-24T11:42:39.537Z"}
{"level":"info","message":"Logging in to Kimland...","timestamp":"2026-06-24T11:42:39.541Z"}
{"level":"info","message":"✅ Login successful!","timestamp":"2026-06-24T11:42:50.727Z"}
{"level":"info","message":"📋 Extracting product from: https://kimland.dz/product/11257/depart-polo/","timestamp":"2026-06-24T11:42:50.730Z"}
{"level":"info","message":"✅ Extracted: DEPART POLO","timestamp":"2026-06-24T11:42:56.351Z"}
{"level":"info","message":"   📸 0 images found","timestamp":"2026-06-24T11:42:56.352Z"}
{"level":"info","message":"   📏 0 sizes found","timestamp":"2026-06-24T11:42:56.352Z"}
{"level":"info","message":"   💰 Price: 2.9002 DA","timestamp":"2026-06-24T11:42:56.352Z"}
{"level":"info","message":"   📦 Total stock: 0","timestamp":"2026-06-24T11:42:56.352Z"}
{"level":"info","message":"💾 Product saved to product-1782301376351.json","timestamp":"2026-06-24T11:42:56.364Z"}
{"level":"info","message":"Browser closed","timestamp":"2026-06-24T11:42:56.676Z"}
{"level":"info","message":"Browser initialized","timestamp":"2026-06-24T13:04:29.437Z"}
{"level":"info","message":"Logging in to Kimland...","timestamp":"2026-06-24T13:04:29.442Z"}
{"level":"info","message":"✅ Login successful!","timestamp":"2026-06-24T13:04:35.263Z"}
{"level":"info","message":"📋 Extracting product from: https://kimland.dz/product/11257/depart-polo/","timestamp":"2026-06-24T13:04:35.265Z"}
{"level":"info","message":"📄 HTML saved to debug-product-page.html","timestamp":"2026-06-24T13:04:42.071Z"}
{"level":"info","message":"📸 Screenshot saved to debug-product-page.png","timestamp":"2026-06-24T13:04:42.173Z"}
{"level":"info","message":"✅ Extracted: Vêtements homme","timestamp":"2026-06-24T13:04:42.178Z"}
{"level":"info","message":"   📸 0 images found","timestamp":"2026-06-24T13:04:42.179Z"}
{"level":"info","message":"   📏 5 sizes found","timestamp":"2026-06-24T13:04:42.179Z"}
{"level":"info","message":"   💰 Price: 2.9002 DA","timestamp":"2026-06-24T13:04:42.179Z"}
{"level":"info","message":"   📦 Total stock: 114","timestamp":"2026-06-24T13:04:42.180Z"}
{"level":"info","message":"   📏 Sizes:","timestamp":"2026-06-24T13:04:42.180Z"}
{"level":"info","message":"      S: 15 pieces","timestamp":"2026-06-24T13:04:42.180Z"}
{"level":"info","message":"      M: 29 pieces","timestamp":"2026-06-24T13:04:42.181Z"}
{"level":"info","message":"      L: 30 pieces","timestamp":"2026-06-24T13:04:42.182Z"}
{"level":"info","message":"      XL: 25 pieces","timestamp":"2026-06-24T13:04:42.182Z"}
{"level":"info","message":"      2XL: 15 pieces","timestamp":"2026-06-24T13:04:42.182Z"}
{"level":"info","message":"💾 Product saved to product-11257.json","timestamp":"2026-06-24T13:04:42.183Z"}
{"level":"info","message":"Browser closed","timestamp":"2026-06-24T13:04:42.466Z"}
{"level":"info","message":"Browser initialized","timestamp":"2026-06-24T13:15:21.078Z"}
{"level":"info","message":"Logging in to Kimland...","timestamp":"2026-06-24T13:15:21.082Z"}
{"level":"info","message":"✅ Login successful!","timestamp":"2026-06-24T13:15:27.432Z"}
{"level":"info","message":"📋 Extracting product from: https://kimland.dz/product/11257/depart-polo/","timestamp":"2026-06-24T13:15:27.434Z"}
{"level":"error","message":"❌ Failed to extract product:","timestamp":"2026-06-24T13:15:33.575Z"}
{"level":"info","message":"📸 Error screenshot saved to error-screenshot.png","timestamp":"2026-06-24T13:15:33.730Z"}
{"level":"info","message":"Browser closed","timestamp":"2026-06-24T13:15:33.948Z"}
{"level":"info","message":"Browser initialized","timestamp":"2026-06-24T13:17:59.864Z"}
{"level":"info","message":"Logging in to Kimland...","timestamp":"2026-06-24T13:17:59.868Z"}
{"level":"info","message":"✅ Login successful!","timestamp":"2026-06-24T13:18:05.209Z"}
{"level":"info","message":"📋 Extracting product from: https://kimland.dz/product/11257/depart-polo/","timestamp":"2026-06-24T13:18:05.210Z"}
{"level":"info","message":"✅ Extracted: DEPART POLO","timestamp":"2026-06-24T13:18:11.761Z"}
{"level":"info","message":"   📸 5 images found","timestamp":"2026-06-24T13:18:11.761Z"}
{"level":"info","message":"   📏 0 sizes found","timestamp":"2026-06-24T13:18:11.761Z"}
{"level":"info","message":"   💰 Price: 2.9 DA","timestamp":"2026-06-24T13:18:11.762Z"}
{"level":"info","message":"   📦 Total stock: 0","timestamp":"2026-06-24T13:18:11.762Z"}
{"level":"info","message":"💾 Product saved to product-11257.json","timestamp":"2026-06-24T13:18:11.763Z"}
{"level":"info","message":"Browser closed","timestamp":"2026-06-24T13:18:12.051Z"}
{"level":"info","message":"Browser initialized","timestamp":"2026-06-24T13:33:11.282Z"}
{"level":"info","message":"Logging in to Kimland...","timestamp":"2026-06-24T13:33:11.287Z"}
{"level":"info","message":"✅ Login successful!","timestamp":"2026-06-24T13:33:17.027Z"}
{"level":"info","message":"📋 Extracting product from: https://kimland.dz/product/11257/depart-polo/","timestamp":"2026-06-24T13:33:17.030Z"}
{"level":"info","message":"✅ Extracted: DEPART POLO","timestamp":"2026-06-24T13:33:23.580Z"}
{"level":"info","message":"   📸 5 images found","timestamp":"2026-06-24T13:33:23.581Z"}
{"level":"info","message":"   📏 0 sizes found","timestamp":"2026-06-24T13:33:23.581Z"}
{"level":"info","message":"   💰 Price: 2.9 DA","timestamp":"2026-06-24T13:33:23.581Z"}
{"level":"info","message":"   📦 Total stock: 0","timestamp":"2026-06-24T13:33:23.581Z"}
{"level":"info","message":"💾 Product saved to product-11257.json","timestamp":"2026-06-24T13:33:23.582Z"}
{"level":"info","message":"Browser closed","timestamp":"2026-06-24T13:33:23.843Z"}
{"level":"info","message":"Browser initialized","timestamp":"2026-06-24T13:38:08.028Z"}
{"level":"info","message":"Logging in to Kimland...","timestamp":"2026-06-24T13:38:08.033Z"}
{"level":"info","message":"✅ Login successful!","timestamp":"2026-06-24T13:38:13.764Z"}
{"level":"info","message":"📋 Extracting product from: https://kimland.dz/product/11257/depart-polo/","timestamp":"2026-06-24T13:38:13.767Z"}
{"level":"info","message":"✅ Extracted: DEPART POLO","timestamp":"2026-06-24T13:38:22.182Z"}
{"level":"info","message":"   📸 5 images found","timestamp":"2026-06-24T13:38:22.182Z"}
{"level":"info","message":"   📏 5 sizes found","timestamp":"2026-06-24T13:38:22.183Z"}
{"level":"info","message":"   💰 Price: 2.9 DA","timestamp":"2026-06-24T13:38:22.183Z"}
{"level":"info","message":"   📦 Total stock: 114","timestamp":"2026-06-24T13:38:22.183Z"}
{"level":"info","message":"   📏 Sizes:","timestamp":"2026-06-24T13:38:22.183Z"}
{"level":"info","message":"      S: 15 pieces","timestamp":"2026-06-24T13:38:22.183Z"}
{"level":"info","message":"      M: 29 pieces","timestamp":"2026-06-24T13:38:22.184Z"}
{"level":"info","message":"      L: 30 pieces","timestamp":"2026-06-24T13:38:22.184Z"}
{"level":"info","message":"      XL: 25 pieces","timestamp":"2026-06-24T13:38:22.184Z"}
{"level":"info","message":"      2XL: 15 pieces","timestamp":"2026-06-24T13:38:22.184Z"}
{"level":"info","message":"💾 Product saved to product-11257.json","timestamp":"2026-06-24T13:38:22.185Z"}
{"level":"info","message":"Browser closed","timestamp":"2026-06-24T13:38:22.430Z"}
{"level":"info","message":"🚀 Server running on http://localhost:3000","timestamp":"2026-06-24T15:16:54.984Z"}
{"level":"info","message":"📋 Extracting product from: https://kimland.dz/product/11257/depart-polo/","timestamp":"2026-06-24T15:17:17.383Z"}
{"level":"info","message":"Browser initialized","timestamp":"2026-06-24T15:17:18.110Z"}
{"level":"info","message":"Logging in to Kimland...","timestamp":"2026-06-24T15:17:18.111Z"}
{"level":"info","message":"✅ Login successful!","timestamp":"2026-06-24T15:17:26.502Z"}
{"level":"info","message":"📋 Extracting product from: https://kimland.dz/product/11257/depart-polo/","timestamp":"2026-06-24T15:17:26.503Z"}
{"level":"info","message":"✅ Extracted: DEPART POLO","timestamp":"2026-06-24T15:17:32.200Z"}
{"level":"info","message":"   📸 5 images found","timestamp":"2026-06-24T15:17:32.201Z"}
{"level":"info","message":"   📏 0 sizes found","timestamp":"2026-06-24T15:17:32.201Z"}
{"level":"info","message":"   💰 Price: 2.9 DA","timestamp":"2026-06-24T15:17:32.202Z"}
{"level":"info","message":"   📦 Total stock: 0","timestamp":"2026-06-24T15:17:32.202Z"}
{"level":"info","message":"💾 Product saved to product-11257.json","timestamp":"2026-06-24T15:17:32.203Z"}
{"level":"info","message":"Browser closed","timestamp":"2026-06-24T15:17:32.320Z"}
{"level":"info","message":"🚀 Server running on http://localhost:3000","timestamp":"2026-06-24T15:17:33.190Z"}
{"level":"info","message":"📋 Extracting product from: https://kimland.dz/product/11257/depart-polo/","timestamp":"2026-06-24T15:18:32.125Z"}
{"level":"info","message":"Browser initialized","timestamp":"2026-06-24T15:18:32.301Z"}
{"level":"info","message":"Logging in to Kimland...","timestamp":"2026-06-24T15:18:32.302Z"}
{"level":"info","message":"✅ Login successful!","timestamp":"2026-06-24T15:18:37.352Z"}
{"level":"info","message":"📋 Extracting product from: https://kimland.dz/product/11257/depart-polo/","timestamp":"2026-06-24T15:18:37.354Z"}
{"level":"info","message":"✅ Extracted: DEPART POLO","timestamp":"2026-06-24T15:18:43.667Z"}
{"level":"info","message":"   📸 5 images found","timestamp":"2026-06-24T15:18:43.667Z"}
{"level":"info","message":"   📏 0 sizes found","timestamp":"2026-06-24T15:18:43.667Z"}
{"level":"info","message":"   💰 Price: 2.9 DA","timestamp":"2026-06-24T15:18:43.668Z"}
{"level":"info","message":"   📦 Total stock: 0","timestamp":"2026-06-24T15:18:43.668Z"}
{"level":"info","message":"💾 Product saved to product-11257.json","timestamp":"2026-06-24T15:18:43.669Z"}
{"level":"info","message":"Browser closed","timestamp":"2026-06-24T15:18:43.758Z"}
{"level":"info","message":"🚀 Server running on http://localhost:3000","timestamp":"2026-06-24T15:18:44.528Z"}
{"level":"info","message":"🚀 Server running on http://localhost:3000","timestamp":"2026-06-24T15:21:14.186Z"}
{"level":"info","message":"📋 Extracting product from: https://kimland.dz/product/11257/depart-polo/","timestamp":"2026-06-24T15:21:17.616Z"}
{"level":"info","message":"Browser initialized","timestamp":"2026-06-24T15:21:18.691Z"}
{"level":"info","message":"Logging in to Kimland...","timestamp":"2026-06-24T15:21:18.700Z"}
{"level":"info","message":"✅ Login successful!","timestamp":"2026-06-24T15:21:23.833Z"}
{"level":"info","message":"📋 Extracting product from: https://kimland.dz/product/11257/depart-polo/","timestamp":"2026-06-24T15:21:23.834Z"}
{"level":"info","message":"✅ Extracted: DEPART POLO","timestamp":"2026-06-24T15:21:30.742Z"}
{"level":"info","message":"   📸 5 images found","timestamp":"2026-06-24T15:21:30.743Z"}
{"level":"info","message":"   📏 0 sizes found","timestamp":"2026-06-24T15:21:30.743Z"}
{"level":"info","message":"   💰 Price: 2.9 DA","timestamp":"2026-06-24T15:21:30.744Z"}
{"level":"info","message":"   📦 Total stock: 0","timestamp":"2026-06-24T15:21:30.745Z"}
{"level":"info","message":"💾 Product saved to product-11257.json","timestamp":"2026-06-24T15:21:30.746Z"}
{"level":"info","message":"🚀 Server running on http://localhost:3000","timestamp":"2026-06-24T15:21:31.631Z"}
{"level":"info","message":"📋 Extracting product from: https://kimland.dz/product/11257/depart-polo/","timestamp":"2026-06-24T15:21:31.798Z"}
{"level":"info","message":"Browser initialized","timestamp":"2026-06-24T15:21:32.193Z"}
{"level":"info","message":"Logging in to Kimland...","timestamp":"2026-06-24T15:21:32.193Z"}
{"level":"info","message":"✅ Login successful!","timestamp":"2026-06-24T15:21:37.301Z"}
{"level":"info","message":"📋 Extracting product from: https://kimland.dz/product/11257/depart-polo/","timestamp":"2026-06-24T15:21:37.302Z"}
{"level":"info","message":"✅ Extracted: DEPART POLO","timestamp":"2026-06-24T15:21:46.287Z"}
{"level":"info","message":"   📸 5 images found","timestamp":"2026-06-24T15:21:46.287Z"}
{"level":"info","message":"   📏 0 sizes found","timestamp":"2026-06-24T15:21:46.288Z"}
{"level":"info","message":"   💰 Price: 2.9 DA","timestamp":"2026-06-24T15:21:46.288Z"}
{"level":"info","message":"   📦 Total stock: 0","timestamp":"2026-06-24T15:21:46.289Z"}
{"level":"info","message":"💾 Product saved to product-11257.json","timestamp":"2026-06-24T15:21:46.291Z"}
{"level":"info","message":"🚀 Server running on http://localhost:3000","timestamp":"2026-06-24T15:21:47.214Z"}
{"level":"info","message":"📋 Extracting product from: https://kimland.dz/product/11257/depart-polo/","timestamp":"2026-06-24T15:22:56.443Z"}
{"level":"info","message":"Browser initialized","timestamp":"2026-06-24T15:22:56.925Z"}
{"level":"info","message":"Logging in to Kimland...","timestamp":"2026-06-24T15:22:56.929Z"}
{"level":"info","message":"✅ Login successful!","timestamp":"2026-06-24T15:23:02.492Z"}
{"level":"info","message":"📋 Extracting product from: https://kimland.dz/product/11257/depart-polo/","timestamp":"2026-06-24T15:23:02.493Z"}
{"level":"info","message":"✅ Extracted: DEPART POLO","timestamp":"2026-06-24T15:23:09.885Z"}
{"level":"info","message":"   📸 5 images found","timestamp":"2026-06-24T15:23:09.886Z"}
{"level":"info","message":"   📏 0 sizes found","timestamp":"2026-06-24T15:23:09.886Z"}
{"level":"info","message":"   💰 Price: 2.9 DA","timestamp":"2026-06-24T15:23:09.887Z"}
{"level":"info","message":"   📦 Total stock: 0","timestamp":"2026-06-24T15:23:09.888Z"}
{"level":"info","message":"💾 Product saved to product-11257.json","timestamp":"2026-06-24T15:23:09.889Z"}
{"level":"info","message":"🚀 Server running on http://localhost:3000","timestamp":"2026-06-24T15:23:10.935Z"}
{"level":"info","message":"📋 Extracting product from: https://kimland.dz/product/11257/depart-polo/","timestamp":"2026-06-24T15:23:28.616Z"}
{"level":"info","message":"Browser initialized","timestamp":"2026-06-24T15:23:29.151Z"}
{"level":"info","message":"Logging in to Kimland...","timestamp":"2026-06-24T15:23:29.152Z"}
{"level":"info","message":"✅ Login successful!","timestamp":"2026-06-24T15:23:34.091Z"}
{"level":"info","message":"📋 Extracting product from: https://kimland.dz/product/11257/depart-polo/","timestamp":"2026-06-24T15:23:34.092Z"}
{"level":"info","message":"✅ Extracted: DEPART POLO","timestamp":"2026-06-24T15:23:40.304Z"}
{"level":"info","message":"   📸 5 images found","timestamp":"2026-06-24T15:23:40.305Z"}
{"level":"info","message":"   📏 0 sizes found","timestamp":"2026-06-24T15:23:40.305Z"}
{"level":"info","message":"   💰 Price: 2.9 DA","timestamp":"2026-06-24T15:23:40.306Z"}
{"level":"info","message":"   📦 Total stock: 0","timestamp":"2026-06-24T15:23:40.306Z"}
{"level":"info","message":"💾 Product saved to product-11257.json","timestamp":"2026-06-24T15:23:40.307Z"}
{"level":"info","message":"🚀 Server running on http://localhost:3000","timestamp":"2026-06-24T15:23:41.365Z"}
{"level":"info","message":"🚀 Server running on http://localhost:3000","timestamp":"2026-06-24T15:25:56.345Z"}
{"level":"info","message":"📋 Extracting product from: https://kimland.dz/product/11257/depart-polo/","timestamp":"2026-06-24T15:25:59.404Z"}
{"level":"info","message":"Browser initialized","timestamp":"2026-06-24T15:25:59.952Z"}
{"level":"info","message":"Logging in to Kimland...","timestamp":"2026-06-24T15:25:59.956Z"}
{"level":"info","message":"✅ Login successful!","timestamp":"2026-06-24T15:26:05.203Z"}
{"level":"info","message":"📋 Extracting product from: https://kimland.dz/product/11257/depart-polo/","timestamp":"2026-06-24T15:26:05.204Z"}
{"level":"info","message":"✅ Extracted: DEPART POLO","timestamp":"2026-06-24T15:26:15.394Z"}
{"level":"info","message":"   📸 5 images found","timestamp":"2026-06-24T15:26:15.394Z"}
{"level":"info","message":"   📏 0 sizes found","timestamp":"2026-06-24T15:26:15.395Z"}
{"level":"info","message":"   💰 Price: 2.9 DA","timestamp":"2026-06-24T15:26:15.395Z"}
{"level":"info","message":"   📦 Total stock: 0","timestamp":"2026-06-24T15:26:15.395Z"}
{"level":"info","message":"💾 Product saved to product-11257.json","timestamp":"2026-06-24T15:26:15.396Z"}
{"level":"info","message":"🚀 Server running on http://localhost:3000","timestamp":"2026-06-24T15:26:16.420Z"}
{"level":"info","message":"📋 Extracting product from: https://kimland.dz/product/11257/depart-polo/","timestamp":"2026-06-24T15:26:16.467Z"}
{"level":"info","message":"Browser initialized","timestamp":"2026-06-24T15:26:16.941Z"}
{"level":"info","message":"Logging in to Kimland...","timestamp":"2026-06-24T15:26:16.942Z"}
{"level":"info","message":"✅ Login successful!","timestamp":"2026-06-24T15:26:21.964Z"}
{"level":"info","message":"📋 Extracting product from: https://kimland.dz/product/11257/depart-polo/","timestamp":"2026-06-24T15:26:21.965Z"}
{"level":"info","message":"✅ Extracted: DEPART POLO","timestamp":"2026-06-24T15:26:28.388Z"}
{"level":"info","message":"   📸 5 images found","timestamp":"2026-06-24T15:26:28.389Z"}
{"level":"info","message":"   📏 0 sizes found","timestamp":"2026-06-24T15:26:28.389Z"}
{"level":"info","message":"   💰 Price: 2.9 DA","timestamp":"2026-06-24T15:26:28.390Z"}
{"level":"info","message":"   📦 Total stock: 0","timestamp":"2026-06-24T15:26:28.390Z"}
{"level":"info","message":"💾 Product saved to product-11257.json","timestamp":"2026-06-24T15:26:28.391Z"}
{"level":"info","message":"🚀 Server running on http://localhost:3000","timestamp":"2026-06-24T15:26:29.726Z"}
{"level":"info","message":"🚀 Server running on http://localhost:3000","timestamp":"2026-06-24T15:27:47.344Z"}
{"level":"info","message":"📋 Extracting product from: https://kimland.dz/product/11257/depart-polo/","timestamp":"2026-06-24T15:27:51.311Z"}
{"level":"info","message":"Browser initialized","timestamp":"2026-06-24T15:27:51.723Z"}
{"level":"info","message":"Logging in to Kimland...","timestamp":"2026-06-24T15:27:51.724Z"}
{"level":"info","message":"✅ Login successful!","timestamp":"2026-06-24T15:27:57.461Z"}
{"level":"info","message":"📋 Extracting product from: https://kimland.dz/product/11257/depart-polo/","timestamp":"2026-06-24T15:27:57.463Z"}
{"level":"info","message":"✅ Extracted: DEPART POLO","timestamp":"2026-06-24T15:28:04.324Z"}
{"level":"info","message":"   📸 5 images found","timestamp":"2026-06-24T15:28:04.324Z"}
{"level":"info","message":"   📏 0 sizes found","timestamp":"2026-06-24T15:28:04.325Z"}
{"level":"info","message":"   💰 Price: 2.9 DA","timestamp":"2026-06-24T15:28:04.325Z"}
{"level":"info","message":"   📦 Total stock: 0","timestamp":"2026-06-24T15:28:04.325Z"}
{"level":"info","message":"💾 Product saved to product-11257.json","timestamp":"2026-06-24T15:28:04.326Z"}
{"level":"info","message":"🚀 Server running on http://localhost:3000","timestamp":"2026-06-24T15:28:05.234Z"}
{"level":"info","message":"📋 Extracting product from: https://kimland.dz/product/11257/depart-polo/","timestamp":"2026-06-24T15:28:05.401Z"}
{"level":"info","message":"Browser initialized","timestamp":"2026-06-24T15:28:05.909Z"}
{"level":"info","message":"Logging in to Kimland...","timestamp":"2026-06-24T15:28:05.910Z"}
{"level":"info","message":"✅ Login successful!","timestamp":"2026-06-24T15:28:11.381Z"}
{"level":"info","message":"📋 Extracting product from: https://kimland.dz/product/11257/depart-polo/","timestamp":"2026-06-24T15:28:11.382Z"}
{"level":"info","message":"✅ Extracted: DEPART POLO","timestamp":"2026-06-24T15:28:20.805Z"}
{"level":"info","message":"   📸 5 images found","timestamp":"2026-06-24T15:28:20.806Z"}
{"level":"info","message":"   📏 0 sizes found","timestamp":"2026-06-24T15:28:20.806Z"}
{"level":"info","message":"   💰 Price: 2.9 DA","timestamp":"2026-06-24T15:28:20.807Z"}
{"level":"info","message":"   📦 Total stock: 0","timestamp":"2026-06-24T15:28:20.808Z"}
{"level":"info","message":"💾 Product saved to product-11257.json","timestamp":"2026-06-24T15:28:20.810Z"}
{"level":"info","message":"🚀 Server running on http://localhost:3000","timestamp":"2026-06-24T15:28:21.726Z"}
{"level":"info","message":"🚀 Server running on http://localhost:3000","timestamp":"2026-06-24T15:29:19.241Z"}
{"level":"info","message":"Browser initialized","timestamp":"2026-06-24T15:31:11.568Z"}
{"level":"info","message":"Logging in to Kimland...","timestamp":"2026-06-24T15:31:11.572Z"}
{"level":"info","message":"✅ Login successful!","timestamp":"2026-06-24T15:31:16.735Z"}
{"level":"info","message":"📋 Extracting product from: https://kimland.dz/product/11257/depart-polo/","timestamp":"2026-06-24T15:31:16.739Z"}
{"level":"info","message":"✅ Extracted: DEPART POLO","timestamp":"2026-06-24T15:31:25.629Z"}
{"level":"info","message":"   📸 5 images found","timestamp":"2026-06-24T15:31:25.630Z"}
{"level":"info","message":"   📏 0 sizes found","timestamp":"2026-06-24T15:31:25.630Z"}
{"level":"info","message":"   💰 Price: 2.9 DA","timestamp":"2026-06-24T15:31:25.630Z"}
{"level":"info","message":"   📦 Total stock: 0","timestamp":"2026-06-24T15:31:25.631Z"}
{"level":"info","message":"💾 Product saved to product-11257.json","timestamp":"2026-06-24T15:31:25.632Z"}
{"level":"info","message":"Browser initialized","timestamp":"2026-06-24T15:31:45.989Z"}
{"level":"info","message":"Logging in to Kimland...","timestamp":"2026-06-24T15:31:45.993Z"}
{"level":"info","message":"✅ Login successful!","timestamp":"2026-06-24T15:31:52.357Z"}
{"level":"info","message":"📋 Extracting product from: https://kimland.dz/product/11257/depart-polo/","timestamp":"2026-06-24T15:31:52.359Z"}
{"level":"info","message":"✅ Extracted: DEPART POLO","timestamp":"2026-06-24T15:31:59.161Z"}
{"level":"info","message":"   📸 5 images found","timestamp":"2026-06-24T15:31:59.162Z"}
{"level":"info","message":"   📏 0 sizes found","timestamp":"2026-06-24T15:31:59.162Z"}
{"level":"info","message":"   💰 Price: 2.9 DA","timestamp":"2026-06-24T15:31:59.162Z"}
{"level":"info","message":"   📦 Total stock: 0","timestamp":"2026-06-24T15:31:59.163Z"}
{"level":"info","message":"💾 Product saved to product-11257.json","timestamp":"2026-06-24T15:31:59.164Z"}
{"level":"info","message":"Browser initialized","timestamp":"2026-06-24T15:32:00.359Z"}
{"level":"info","message":"Logging in to Kimland...","timestamp":"2026-06-24T15:32:00.364Z"}
{"level":"info","message":"✅ Login successful!","timestamp":"2026-06-24T15:32:07.286Z"}
{"level":"info","message":"📋 Extracting product from: https://kimland.dz/product/11257/depart-polo/","timestamp":"2026-06-24T15:32:07.287Z"}
{"level":"info","message":"Browser initialized","timestamp":"2026-06-24T15:32:09.690Z"}
{"level":"info","message":"Logging in to Kimland...","timestamp":"2026-06-24T15:32:09.695Z"}
{"level":"error","message":"❌ Failed to extract product:","timestamp":"2026-06-24T15:32:12.788Z"}
{"level":"info","message":"✅ Login successful!","timestamp":"2026-06-24T15:32:15.824Z"}
{"level":"info","message":"📋 Extracting product from: https://kimland.dz/product/11257/depart-polo/","timestamp":"2026-06-24T15:32:15.826Z"}
{"level":"info","message":"✅ Extracted: DEPART POLO","timestamp":"2026-06-24T15:32:22.365Z"}
{"level":"info","message":"   📸 5 images found","timestamp":"2026-06-24T15:32:22.366Z"}
{"level":"info","message":"   📏 0 sizes found","timestamp":"2026-06-24T15:32:22.366Z"}
{"level":"info","message":"   💰 Price: 2.9 DA","timestamp":"2026-06-24T15:32:22.366Z"}
{"level":"info","message":"   📦 Total stock: 0","timestamp":"2026-06-24T15:32:22.367Z"}
{"level":"info","message":"💾 Product saved to product-11257.json","timestamp":"2026-06-24T15:32:22.368Z"}
{"level":"info","message":"Browser closed","timestamp":"2026-06-24T15:32:22.650Z"}
{"level":"info","message":"Browser initialized","timestamp":"2026-06-24T15:37:09.403Z"}
{"level":"info","message":"Logging in to Kimland...","timestamp":"2026-06-24T15:37:09.408Z"}
{"level":"info","message":"✅ Login successful!","timestamp":"2026-06-24T15:37:14.976Z"}
{"level":"info","message":"📋 Extracting product from: https://kimland.dz/product/11257/depart-polo/","timestamp":"2026-06-24T15:37:14.979Z"}
{"level":"info","message":"✅ Extracted: DEPART POLO","timestamp":"2026-06-24T15:37:21.330Z"}
{"level":"info","message":"   📸 5 images found","timestamp":"2026-06-24T15:37:21.331Z"}
{"level":"info","message":"   📏 5 sizes found","timestamp":"2026-06-24T15:37:21.332Z"}
{"level":"info","message":"   💰 Price: 2.9 DA","timestamp":"2026-06-24T15:37:21.332Z"}
{"level":"info","message":"   📦 Total stock: 114","timestamp":"2026-06-24T15:37:21.333Z"}
{"level":"info","message":"   📏 Sizes:","timestamp":"2026-06-24T15:37:21.334Z"}
{"level":"info","message":"      S: 15 pieces","timestamp":"2026-06-24T15:37:21.334Z"}
{"level":"info","message":"      M: 29 pieces","timestamp":"2026-06-24T15:37:21.334Z"}
{"level":"info","message":"      L: 30 pieces","timestamp":"2026-06-24T15:37:21.335Z"}
{"level":"info","message":"      XL: 25 pieces","timestamp":"2026-06-24T15:37:21.335Z"}
{"level":"info","message":"      2XL: 15 pieces","timestamp":"2026-06-24T15:37:21.335Z"}
{"level":"info","message":"💾 Product saved to product-11257.json","timestamp":"2026-06-24T15:37:21.338Z"}
{"level":"info","message":"Browser initialized","timestamp":"2026-06-24T15:37:22.640Z"}
{"level":"info","message":"Logging in to Kimland...","timestamp":"2026-06-24T15:37:22.646Z"}
{"level":"info","message":"✅ Login successful!","timestamp":"2026-06-24T15:37:27.883Z"}
{"level":"info","message":"📋 Extracting product from: https://kimland.dz/product/11257/depart-polo/","timestamp":"2026-06-24T15:37:27.885Z"}
{"level":"info","message":"✅ Extracted: DEPART POLO","timestamp":"2026-06-24T15:37:36.344Z"}
{"level":"info","message":"   📸 5 images found","timestamp":"2026-06-24T15:37:36.344Z"}
{"level":"info","message":"   📏 5 sizes found","timestamp":"2026-06-24T15:37:36.344Z"}
{"level":"info","message":"   💰 Price: 2.9 DA","timestamp":"2026-06-24T15:37:36.345Z"}
{"level":"info","message":"   📦 Total stock: 114","timestamp":"2026-06-24T15:37:36.345Z"}
{"level":"info","message":"   📏 Sizes:","timestamp":"2026-06-24T15:37:36.346Z"}
{"level":"info","message":"      S: 15 pieces","timestamp":"2026-06-24T15:37:36.346Z"}
{"level":"info","message":"      M: 29 pieces","timestamp":"2026-06-24T15:37:36.347Z"}
{"level":"info","message":"      L: 30 pieces","timestamp":"2026-06-24T15:37:36.347Z"}
{"level":"info","message":"      XL: 25 pieces","timestamp":"2026-06-24T15:37:36.347Z"}
{"level":"info","message":"      2XL: 15 pieces","timestamp":"2026-06-24T15:37:36.347Z"}
{"level":"info","message":"💾 Product saved to product-11257.json","timestamp":"2026-06-24T15:37:36.349Z"}
{"level":"info","message":"Browser initialized","timestamp":"2026-06-24T15:39:34.247Z"}
{"level":"info","message":"Logging in to Kimland...","timestamp":"2026-06-24T15:39:34.253Z"}
{"level":"info","message":"✅ Login successful!","timestamp":"2026-06-24T15:39:39.339Z"}
{"level":"info","message":"📋 Extracting product from: https://kimland.dz/product/11257/depart-polo/","timestamp":"2026-06-24T15:39:39.340Z"}
{"level":"info","message":"Browser initialized","timestamp":"2026-06-24T15:39:43.791Z"}
{"level":"info","message":"Logging in to Kimland...","timestamp":"2026-06-24T15:39:43.806Z"}
{"level":"info","message":"✅ Extracted: DEPART POLO","timestamp":"2026-06-24T15:39:47.679Z"}
{"level":"info","message":"   📸 5 images found","timestamp":"2026-06-24T15:39:47.680Z"}
{"level":"info","message":"   📏 5 sizes found","timestamp":"2026-06-24T15:39:47.680Z"}
{"level":"info","message":"   💰 Price: 2.9 DA","timestamp":"2026-06-24T15:39:47.681Z"}
{"level":"info","message":"   📦 Total stock: 114","timestamp":"2026-06-24T15:39:47.681Z"}
{"level":"info","message":"   📏 Sizes:","timestamp":"2026-06-24T15:39:47.682Z"}
{"level":"info","message":"      S: 15 pieces","timestamp":"2026-06-24T15:39:47.682Z"}
{"level":"info","message":"      M: 29 pieces","timestamp":"2026-06-24T15:39:47.682Z"}
{"level":"info","message":"      L: 30 pieces","timestamp":"2026-06-24T15:39:47.682Z"}
{"level":"info","message":"      XL: 25 pieces","timestamp":"2026-06-24T15:39:47.682Z"}
{"level":"info","message":"      2XL: 15 pieces","timestamp":"2026-06-24T15:39:47.682Z"}
{"level":"info","message":"💾 Product saved to product-11257.json","timestamp":"2026-06-24T15:39:47.684Z"}
{"level":"info","message":"Browser initialized","timestamp":"2026-06-24T15:39:48.949Z"}
{"level":"info","message":"Logging in to Kimland...","timestamp":"2026-06-24T15:39:48.952Z"}
{"level":"info","message":"✅ Login successful!","timestamp":"2026-06-24T15:39:54.888Z"}
{"level":"info","message":"📋 Extracting product from: https://kimland.dz/product/11257/depart-polo/","timestamp":"2026-06-24T15:39:54.890Z"}
{"level":"info","message":"✅ Extracted: DEPART POLO","timestamp":"2026-06-24T15:40:04.901Z"}
{"level":"info","message":"   📸 5 images found","timestamp":"2026-06-24T15:40:04.901Z"}
{"level":"info","message":"   📏 5 sizes found","timestamp":"2026-06-24T15:40:04.902Z"}
{"level":"info","message":"   💰 Price: 2.9 DA","timestamp":"2026-06-24T15:40:04.902Z"}
{"level":"info","message":"   📦 Total stock: 114","timestamp":"2026-06-24T15:40:04.902Z"}
{"level":"info","message":"   📏 Sizes:","timestamp":"2026-06-24T15:40:04.903Z"}
{"level":"info","message":"      S: 15 pieces","timestamp":"2026-06-24T15:40:04.903Z"}
{"level":"info","message":"      M: 29 pieces","timestamp":"2026-06-24T15:40:04.903Z"}
{"level":"info","message":"      L: 30 pieces","timestamp":"2026-06-24T15:40:04.903Z"}
{"level":"info","message":"      XL: 25 pieces","timestamp":"2026-06-24T15:40:04.903Z"}
{"level":"info","message":"      2XL: 15 pieces","timestamp":"2026-06-24T15:40:04.904Z"}
{"level":"info","message":"💾 Product saved to product-11257.json","timestamp":"2026-06-24T15:40:04.905Z"}
{"level":"info","message":"Browser initialized","timestamp":"2026-06-24T15:43:42.360Z"}
{"level":"info","message":"Logging in to Kimland...","timestamp":"2026-06-24T15:43:42.365Z"}
{"level":"info","message":"✅ Login successful!","timestamp":"2026-06-24T15:43:47.674Z"}
{"level":"info","message":"📋 Extracting product from: https://kimland.dz/product/11257/depart-polo/","timestamp":"2026-06-24T15:43:47.676Z"}
{"level":"info","message":"✅ Extracted: DEPART POLO","timestamp":"2026-06-24T15:43:54.338Z"}
{"level":"info","message":"   📸 5 images found","timestamp":"2026-06-24T15:43:54.338Z"}
{"level":"info","message":"   📏 5 sizes found","timestamp":"2026-06-24T15:43:54.339Z"}
{"level":"info","message":"   💰 Price: 2.9 DA","timestamp":"2026-06-24T15:43:54.339Z"}
{"level":"info","message":"   📦 Total stock: 114","timestamp":"2026-06-24T15:43:54.340Z"}
{"level":"info","message":"   📏 Sizes:","timestamp":"2026-06-24T15:43:54.340Z"}
{"level":"info","message":"      S: 15 pieces","timestamp":"2026-06-24T15:43:54.340Z"}
{"level":"info","message":"      M: 29 pieces","timestamp":"2026-06-24T15:43:54.340Z"}
{"level":"info","message":"      L: 30 pieces","timestamp":"2026-06-24T15:43:54.341Z"}
{"level":"info","message":"      XL: 25 pieces","timestamp":"2026-06-24T15:43:54.341Z"}
{"level":"info","message":"      2XL: 15 pieces","timestamp":"2026-06-24T15:43:54.341Z"}
{"level":"info","message":"💾 Product saved to product-11257.json","timestamp":"2026-06-24T15:43:54.342Z"}
{"level":"info","message":"Browser initialized","timestamp":"2026-06-24T15:45:50.835Z"}
{"level":"info","message":"Logging in to Kimland...","timestamp":"2026-06-24T15:45:50.837Z"}
{"level":"info","message":"Login successful!","timestamp":"2026-06-24T15:45:56.557Z"}
{"level":"info","message":"Extracting product from: https://kimland.dz/product/11257/depart-polo/","timestamp":"2026-06-24T15:45:56.559Z"}
{"level":"info","message":"Extracted: DEPART POLO","timestamp":"2026-06-24T15:46:05.135Z"}
{"level":"info","message":"   Images: 5","timestamp":"2026-06-24T15:46:05.135Z"}
{"level":"info","message":"   Sizes: 5","timestamp":"2026-06-24T15:46:05.136Z"}
{"level":"info","message":"   Price: 2.9 DA","timestamp":"2026-06-24T15:46:05.136Z"}
{"level":"info","message":"   Total stock: 114","timestamp":"2026-06-24T15:46:05.136Z"}
{"level":"info","message":"   Sizes:","timestamp":"2026-06-24T15:46:05.137Z"}
{"level":"info","message":"      S: 15 pieces","timestamp":"2026-06-24T15:46:05.137Z"}
{"level":"info","message":"      M: 29 pieces","timestamp":"2026-06-24T15:46:05.137Z"}
{"level":"info","message":"      L: 30 pieces","timestamp":"2026-06-24T15:46:05.137Z"}
{"level":"info","message":"      XL: 25 pieces","timestamp":"2026-06-24T15:46:05.137Z"}
{"level":"info","message":"      2XL: 15 pieces","timestamp":"2026-06-24T15:46:05.137Z"}
{"level":"info","message":"Product saved to product-11257.json","timestamp":"2026-06-24T15:46:05.138Z"}
{"level":"info","message":"Browser initialized","timestamp":"2026-06-24T15:46:06.496Z"}
{"level":"info","message":"Logging in to Kimland...","timestamp":"2026-06-24T15:46:06.500Z"}
{"level":"info","message":"Login successful!","timestamp":"2026-06-24T15:46:12.021Z"}
{"level":"info","message":"Extracting product from: https://kimland.dz/product/11257/depart-polo/","timestamp":"2026-06-24T15:46:12.023Z"}
{"level":"info","message":"Extracted: DEPART POLO","timestamp":"2026-06-24T15:46:18.328Z"}
{"level":"info","message":"   Images: 5","timestamp":"2026-06-24T15:46:18.329Z"}
{"level":"info","message":"   Sizes: 5","timestamp":"2026-06-24T15:46:18.330Z"}
{"level":"info","message":"   Price: 2.9 DA","timestamp":"2026-06-24T15:46:18.330Z"}
{"level":"info","message":"   Total stock: 114","timestamp":"2026-06-24T15:46:18.330Z"}
{"level":"info","message":"   Sizes:","timestamp":"2026-06-24T15:46:18.331Z"}
{"level":"info","message":"      S: 15 pieces","timestamp":"2026-06-24T15:46:18.331Z"}
{"level":"info","message":"      M: 29 pieces","timestamp":"2026-06-24T15:46:18.331Z"}
{"level":"info","message":"      L: 30 pieces","timestamp":"2026-06-24T15:46:18.331Z"}
{"level":"info","message":"      XL: 25 pieces","timestamp":"2026-06-24T15:46:18.331Z"}
{"level":"info","message":"      2XL: 15 pieces","timestamp":"2026-06-24T15:46:18.331Z"}
{"level":"info","message":"Product saved to product-11257.json","timestamp":"2026-06-24T15:46:18.332Z"}
{"level":"info","message":"Browser initialized","timestamp":"2026-06-24T15:48:55.593Z"}
{"level":"info","message":"Logging in to Kimland...","timestamp":"2026-06-24T15:48:55.597Z"}
{"level":"info","message":"Login successful!","timestamp":"2026-06-24T15:49:00.665Z"}
{"level":"info","message":"Extracting product from: https://kimland.dz/product/11257/depart-polo/","timestamp":"2026-06-24T15:49:00.668Z"}
{"level":"info","message":"Extracted: DEPART POLO","timestamp":"2026-06-24T15:49:06.852Z"}
{"level":"info","message":"   Images: 5","timestamp":"2026-06-24T15:49:06.852Z"}
{"level":"info","message":"   Sizes: 5","timestamp":"2026-06-24T15:49:06.852Z"}
{"level":"info","message":"   Price: 2.9 DA","timestamp":"2026-06-24T15:49:06.852Z"}
{"level":"info","message":"   Total stock: 114","timestamp":"2026-06-24T15:49:06.853Z"}
{"level":"info","message":"   Sizes:","timestamp":"2026-06-24T15:49:06.853Z"}
{"level":"info","message":"      S: 15 pieces","timestamp":"2026-06-24T15:49:06.853Z"}
{"level":"info","message":"      M: 29 pieces","timestamp":"2026-06-24T15:49:06.853Z"}
{"level":"info","message":"      L: 30 pieces","timestamp":"2026-06-24T15:49:06.853Z"}
{"level":"info","message":"      XL: 25 pieces","timestamp":"2026-06-24T15:49:06.854Z"}
{"level":"info","message":"      2XL: 15 pieces","timestamp":"2026-06-24T15:49:06.854Z"}
{"level":"info","message":"Product saved to product-11257.json","timestamp":"2026-06-24T15:49:06.854Z"}
{"level":"info","message":"Browser closed","timestamp":"2026-06-24T15:49:07.206Z"}
{"level":"info","message":"Browser initialized","timestamp":"2026-06-24T15:50:35.907Z"}
{"level":"info","message":"Logging in to Kimland...","timestamp":"2026-06-24T15:50:35.910Z"}
{"level":"info","message":"Login successful!","timestamp":"2026-06-24T15:50:41.432Z"}
{"level":"info","message":"Extracting product from: https://kimland.dz/product/11257/depart-polo/","timestamp":"2026-06-24T15:50:41.436Z"}
{"level":"info","message":"Extracted: DEPART POLO","timestamp":"2026-06-24T15:50:47.532Z"}
{"level":"info","message":"   Images: 5","timestamp":"2026-06-24T15:50:47.532Z"}
{"level":"info","message":"   Sizes: 5","timestamp":"2026-06-24T15:50:47.532Z"}
{"level":"info","message":"   Price: 2.9 DA","timestamp":"2026-06-24T15:50:47.532Z"}
{"level":"info","message":"   Total stock: 114","timestamp":"2026-06-24T15:50:47.532Z"}
{"level":"info","message":"   Sizes:","timestamp":"2026-06-24T15:50:47.533Z"}
{"level":"info","message":"      S: 15 pieces","timestamp":"2026-06-24T15:50:47.533Z"}
{"level":"info","message":"      M: 29 pieces","timestamp":"2026-06-24T15:50:47.533Z"}
{"level":"info","message":"      L: 30 pieces","timestamp":"2026-06-24T15:50:47.533Z"}
{"level":"info","message":"      XL: 25 pieces","timestamp":"2026-06-24T15:50:47.533Z"}
{"level":"info","message":"      2XL: 15 pieces","timestamp":"2026-06-24T15:50:47.533Z"}
{"level":"info","message":"Product saved to product-11257.json","timestamp":"2026-06-24T15:50:47.534Z"}
{"level":"info","message":"Browser closed","timestamp":"2026-06-24T15:50:47.826Z"}
{"level":"info","message":"Browser initialized","timestamp":"2026-06-24T15:51:03.689Z"}
{"level":"info","message":"Logging in to Kimland...","timestamp":"2026-06-24T15:51:03.694Z"}
{"level":"info","message":"Login successful!","timestamp":"2026-06-24T15:51:09.307Z"}
{"level":"info","message":"Extracting product from: https://kimland.dz/product/11257/depart-polo/","timestamp":"2026-06-24T15:51:09.309Z"}
{"level":"info","message":"Extracted: DEPART POLO","timestamp":"2026-06-24T15:51:15.666Z"}
{"level":"info","message":"   Images: 5","timestamp":"2026-06-24T15:51:15.667Z"}
{"level":"info","message":"   Sizes: 5","timestamp":"2026-06-24T15:51:15.667Z"}
{"level":"info","message":"   Price: 2.9 DA","timestamp":"2026-06-24T15:51:15.667Z"}
{"level":"info","message":"   Total stock: 114","timestamp":"2026-06-24T15:51:15.667Z"}
{"level":"info","message":"   Sizes:","timestamp":"2026-06-24T15:51:15.668Z"}
{"level":"info","message":"      S: 15 pieces","timestamp":"2026-06-24T15:51:15.668Z"}
{"level":"info","message":"      M: 29 pieces","timestamp":"2026-06-24T15:51:15.668Z"}
{"level":"info","message":"      L: 30 pieces","timestamp":"2026-06-24T15:51:15.668Z"}
{"level":"info","message":"      XL: 25 pieces","timestamp":"2026-06-24T15:51:15.668Z"}
{"level":"info","message":"      2XL: 15 pieces","timestamp":"2026-06-24T15:51:15.668Z"}
{"level":"info","message":"Product saved to product-11257.json","timestamp":"2026-06-24T15:51:15.669Z"}
{"level":"info","message":"Browser initialized","timestamp":"2026-06-24T15:51:16.963Z"}
{"level":"info","message":"Logging in to Kimland...","timestamp":"2026-06-24T15:51:16.969Z"}
{"level":"info","message":"Login successful!","timestamp":"2026-06-24T15:51:22.021Z"}
{"level":"info","message":"Extracting product from: https://kimland.dz/product/11257/depart-polo/","timestamp":"2026-06-24T15:51:22.023Z"}
{"level":"info","message":"Extracted: DEPART POLO","timestamp":"2026-06-24T15:51:30.281Z"}
{"level":"info","message":"   Images: 5","timestamp":"2026-06-24T15:51:30.282Z"}
{"level":"info","message":"   Sizes: 5","timestamp":"2026-06-24T15:51:30.282Z"}
{"level":"info","message":"   Price: 2.9 DA","timestamp":"2026-06-24T15:51:30.282Z"}
{"level":"info","message":"   Total stock: 114","timestamp":"2026-06-24T15:51:30.282Z"}
{"level":"info","message":"   Sizes:","timestamp":"2026-06-24T15:51:30.283Z"}
{"level":"info","message":"      S: 15 pieces","timestamp":"2026-06-24T15:51:30.283Z"}
{"level":"info","message":"      M: 29 pieces","timestamp":"2026-06-24T15:51:30.283Z"}
{"level":"info","message":"      L: 30 pieces","timestamp":"2026-06-24T15:51:30.283Z"}
{"level":"info","message":"      XL: 25 pieces","timestamp":"2026-06-24T15:51:30.283Z"}
{"level":"info","message":"      2XL: 15 pieces","timestamp":"2026-06-24T15:51:30.283Z"}
{"level":"info","message":"Product saved to product-11257.json","timestamp":"2026-06-24T15:51:30.284Z"}
{"level":"info","message":"Browser initialized","timestamp":"2026-06-24T15:54:28.682Z"}
{"level":"info","message":"Logging in to Kimland...","timestamp":"2026-06-24T15:54:28.689Z"}
{"level":"info","message":"Login successful!","timestamp":"2026-06-24T15:54:34.110Z"}
{"level":"info","message":"Extracting product from: https://kimland.dz/product/11257/depart-polo/","timestamp":"2026-06-24T15:54:34.112Z"}
{"level":"info","message":"Extracted: DEPART POLO","timestamp":"2026-06-24T15:54:42.650Z"}
{"level":"info","message":"   Images: 5","timestamp":"2026-06-24T15:54:42.651Z"}
{"level":"info","message":"   Sizes: 5","timestamp":"2026-06-24T15:54:42.652Z"}
{"level":"info","message":"   Price: 2.9 DA","timestamp":"2026-06-24T15:54:42.652Z"}
{"level":"info","message":"   Total stock: 114","timestamp":"2026-06-24T15:54:42.652Z"}
{"level":"info","message":"   Sizes:","timestamp":"2026-06-24T15:54:42.653Z"}
{"level":"info","message":"      S: 15 pieces","timestamp":"2026-06-24T15:54:42.653Z"}
{"level":"info","message":"      M: 29 pieces","timestamp":"2026-06-24T15:54:42.653Z"}
{"level":"info","message":"      L: 30 pieces","timestamp":"2026-06-24T15:54:42.653Z"}
{"level":"info","message":"      XL: 25 pieces","timestamp":"2026-06-24T15:54:42.653Z"}
{"level":"info","message":"      2XL: 15 pieces","timestamp":"2026-06-24T15:54:42.653Z"}
{"level":"info","message":"Product saved to product-11257.json","timestamp":"2026-06-24T15:54:42.655Z"}
{"level":"info","message":"Browser initialized","timestamp":"2026-06-24T15:54:43.929Z"}
{"level":"info","message":"Logging in to Kimland...","timestamp":"2026-06-24T15:54:43.932Z"}
{"level":"info","message":"Login successful!","timestamp":"2026-06-24T15:54:49.070Z"}
{"level":"info","message":"Extracting product from: https://kimland.dz/product/11257/depart-polo/","timestamp":"2026-06-24T15:54:49.071Z"}
{"level":"info","message":"Extracted: DEPART POLO","timestamp":"2026-06-24T15:54:54.598Z"}
{"level":"info","message":"   Images: 5","timestamp":"2026-06-24T15:54:54.598Z"}
{"level":"info","message":"   Sizes: 5","timestamp":"2026-06-24T15:54:54.599Z"}
{"level":"info","message":"   Price: 2.9 DA","timestamp":"2026-06-24T15:54:54.599Z"}
{"level":"info","message":"   Total stock: 114","timestamp":"2026-06-24T15:54:54.599Z"}
{"level":"info","message":"   Sizes:","timestamp":"2026-06-24T15:54:54.599Z"}
{"level":"info","message":"      S: 15 pieces","timestamp":"2026-06-24T15:54:54.599Z"}
{"level":"info","message":"      M: 29 pieces","timestamp":"2026-06-24T15:54:54.599Z"}
{"level":"info","message":"      L: 30 pieces","timestamp":"2026-06-24T15:54:54.599Z"}
{"level":"info","message":"      XL: 25 pieces","timestamp":"2026-06-24T15:54:54.599Z"}
{"level":"info","message":"      2XL: 15 pieces","timestamp":"2026-06-24T15:54:54.600Z"}
{"level":"info","message":"Product saved to product-11257.json","timestamp":"2026-06-24T15:54:54.600Z"}
{"level":"info","message":"Browser initialized","timestamp":"2026-06-24T15:57:22.822Z"}
{"level":"info","message":"Logging in to Kimland...","timestamp":"2026-06-24T15:57:22.827Z"}
{"level":"info","message":"Login successful!","timestamp":"2026-06-24T15:57:28.320Z"}
{"level":"info","message":"Extracting product from: https://kimland.dz/product/11257/depart-polo/","timestamp":"2026-06-24T15:57:28.323Z"}
{"level":"info","message":"Extracted: DEPART POLO","timestamp":"2026-06-24T15:57:34.727Z"}
{"level":"info","message":"   Images: 5","timestamp":"2026-06-24T15:57:34.727Z"}
{"level":"info","message":"   Sizes: 5","timestamp":"2026-06-24T15:57:34.728Z"}
{"level":"info","message":"   Price: 2.9 DA","timestamp":"2026-06-24T15:57:34.728Z"}
{"level":"info","message":"   Total stock: 114","timestamp":"2026-06-24T15:57:34.728Z"}
{"level":"info","message":"   Sizes:","timestamp":"2026-06-24T15:57:34.728Z"}
{"level":"info","message":"      S: 15 pieces","timestamp":"2026-06-24T15:57:34.729Z"}
{"level":"info","message":"      M: 29 pieces","timestamp":"2026-06-24T15:57:34.729Z"}
{"level":"info","message":"      L: 30 pieces","timestamp":"2026-06-24T15:57:34.729Z"}
{"level":"info","message":"      XL: 25 pieces","timestamp":"2026-06-24T15:57:34.729Z"}
{"level":"info","message":"      2XL: 15 pieces","timestamp":"2026-06-24T15:57:34.729Z"}
{"level":"info","message":"Product saved to product-11257.json","timestamp":"2026-06-24T15:57:34.730Z"}
{"level":"info","message":"Browser closed","timestamp":"2026-06-24T15:57:35.025Z"}
{"level":"info","message":"Browser initialized","timestamp":"2026-06-24T15:58:35.332Z"}
{"level":"info","message":"Logging in to Kimland...","timestamp":"2026-06-24T15:58:35.333Z"}
{"level":"info","message":"Login successful!","timestamp":"2026-06-24T15:58:41.012Z"}
{"level":"info","message":"Extracting product from: https://kimland.dz/product/11228/timberland-motion-access-low-lace-sneaker/","timestamp":"2026-06-24T15:58:41.014Z"}
{"level":"info","message":"Extracted: Timberland Motion Access Low Lace Sneaker","timestamp":"2026-06-24T15:58:47.907Z"}
{"level":"info","message":"   Images: 10","timestamp":"2026-06-24T15:58:47.908Z"}
{"level":"info","message":"   Sizes: 0","timestamp":"2026-06-24T15:58:47.908Z"}
{"level":"info","message":"   Price: 17 DA","timestamp":"2026-06-24T15:58:47.908Z"}
{"level":"info","message":"   Total stock: 0","timestamp":"2026-06-24T15:58:47.909Z"}
{"level":"info","message":"Product saved to product-11228.json","timestamp":"2026-06-24T15:58:47.910Z"}
{"level":"info","message":"Browser closed","timestamp":"2026-06-24T15:58:48.147Z"}
{"level":"info","message":"Browser initialized","timestamp":"2026-06-24T17:16:26.124Z"}
{"level":"info","message":"Logging in to Kimland...","timestamp":"2026-06-24T17:16:26.131Z"}
{"level":"error","message":"Login failed:","timestamp":"2026-06-24T17:16:56.148Z"}
{"level":"info","message":"Browser initialized","timestamp":"2026-06-24T17:17:58.671Z"}
{"level":"info","message":"Logging in to Kimland...","timestamp":"2026-06-24T17:17:58.681Z"}
{"level":"info","message":"Login successful!","timestamp":"2026-06-24T17:18:06.159Z"}
{"level":"info","message":"Extracting product from: https://kimland.dz/product/11257/depart-polo/","timestamp":"2026-06-24T17:18:06.160Z"}
{"level":"info","message":"Extracted: DEPART POLO","timestamp":"2026-06-24T17:18:14.375Z"}
{"level":"info","message":"   Images: 5","timestamp":"2026-06-24T17:18:14.376Z"}
{"level":"info","message":"   Sizes: 5","timestamp":"2026-06-24T17:18:14.376Z"}
{"level":"info","message":"   Price: 2.9 DA","timestamp":"2026-06-24T17:18:14.377Z"}
{"level":"info","message":"   Total stock: 114","timestamp":"2026-06-24T17:18:14.377Z"}
{"level":"info","message":"   Sizes:","timestamp":"2026-06-24T17:18:14.378Z"}
{"level":"info","message":"      S: 15 pieces","timestamp":"2026-06-24T17:18:14.378Z"}
{"level":"info","message":"      M: 29 pieces","timestamp":"2026-06-24T17:18:14.379Z"}
{"level":"info","message":"      L: 30 pieces","timestamp":"2026-06-24T17:18:14.379Z"}
{"level":"info","message":"      XL: 25 pieces","timestamp":"2026-06-24T17:18:14.380Z"}
{"level":"info","message":"      2XL: 15 pieces","timestamp":"2026-06-24T17:18:14.380Z"}
{"level":"info","message":"Product saved to product-11257.json","timestamp":"2026-06-24T17:18:14.384Z"}
{"level":"info","message":"Browser closed","timestamp":"2026-06-24T17:18:14.940Z"}
{"level":"info","message":"Browser initialized","timestamp":"2026-06-24T17:20:37.636Z"}
{"level":"info","message":"Logging in to Kimland...","timestamp":"2026-06-24T17:20:37.641Z"}
{"level":"info","message":"Login successful!","timestamp":"2026-06-24T17:20:45.560Z"}
{"level":"info","message":"Extracting product from: https://kimland.dz/product/11253/depart-polo/","timestamp":"2026-06-24T17:20:45.564Z"}
{"level":"info","message":"Extracted: DEPART POLO","timestamp":"2026-06-24T17:20:55.469Z"}
{"level":"info","message":"   Images: 5","timestamp":"2026-06-24T17:20:55.470Z"}
{"level":"info","message":"   Sizes: 5","timestamp":"2026-06-24T17:20:55.470Z"}
{"level":"info","message":"   Price: 2.9 DA","timestamp":"2026-06-24T17:20:55.470Z"}
{"level":"info","message":"   Total stock: 114","timestamp":"2026-06-24T17:20:55.471Z"}
{"level":"info","message":"   Sizes:","timestamp":"2026-06-24T17:20:55.472Z"}
{"level":"info","message":"      S: 15 pieces","timestamp":"2026-06-24T17:20:55.472Z"}
{"level":"info","message":"      M: 29 pieces","timestamp":"2026-06-24T17:20:55.473Z"}
{"level":"info","message":"      L: 30 pieces","timestamp":"2026-06-24T17:20:55.473Z"}
{"level":"info","message":"      XL: 25 pieces","timestamp":"2026-06-24T17:20:55.474Z"}
{"level":"info","message":"      2XL: 15 pieces","timestamp":"2026-06-24T17:20:55.474Z"}
{"level":"info","message":"Product saved to product-11253.json","timestamp":"2026-06-24T17:20:55.477Z"}
{"level":"info","message":"Browser closed","timestamp":"2026-06-24T17:20:56.015Z"}
{"level":"info","message":"Browser initialized","timestamp":"2026-06-24T17:33:04.104Z"}
{"level":"info","message":"Logging in to Kimland...","timestamp":"2026-06-24T17:33:04.107Z"}
{"level":"info","message":"Login successful!","timestamp":"2026-06-24T17:33:11.261Z"}
{"level":"info","message":"Extracting product from: https://kimland.dz/product/11253/depart-polo/","timestamp":"2026-06-24T17:33:11.262Z"}
{"level":"info","message":"Extracted: DEPART POLO","timestamp":"2026-06-24T17:33:19.768Z"}
{"level":"info","message":"   Images: 5","timestamp":"2026-06-24T17:33:19.769Z"}
{"level":"info","message":"   Sizes: 5","timestamp":"2026-06-24T17:33:19.769Z"}
{"level":"info","message":"   Price: 2.9 DA","timestamp":"2026-06-24T17:33:19.769Z"}
{"level":"info","message":"   Total stock: 114","timestamp":"2026-06-24T17:33:19.770Z"}
{"level":"info","message":"   Sizes:","timestamp":"2026-06-24T17:33:19.770Z"}
{"level":"info","message":"      S: 15 pieces","timestamp":"2026-06-24T17:33:19.771Z"}
{"level":"info","message":"      M: 29 pieces","timestamp":"2026-06-24T17:33:19.771Z"}
{"level":"info","message":"      L: 30 pieces","timestamp":"2026-06-24T17:33:19.772Z"}
{"level":"info","message":"      XL: 25 pieces","timestamp":"2026-06-24T17:33:19.772Z"}
{"level":"info","message":"      2XL: 15 pieces","timestamp":"2026-06-24T17:33:19.772Z"}
{"level":"info","message":"Product saved to product-11253.json","timestamp":"2026-06-24T17:33:19.775Z"}
{"level":"info","message":"Browser closed","timestamp":"2026-06-24T17:33:20.333Z"}
{"level":"info","message":"Browser initialized","timestamp":"2026-06-24T20:08:36.698Z"}
{"level":"info","message":"Logging in to Kimland...","timestamp":"2026-06-24T20:08:36.706Z"}
{"level":"info","message":"Login successful!","timestamp":"2026-06-24T20:08:43.943Z"}
{"level":"info","message":"Extracting product from: https://kimland.dz/product/11257/depart-polo/","timestamp":"2026-06-24T20:08:43.947Z"}
{"level":"info","message":"Extracted: DEPART POLO","timestamp":"2026-06-24T20:08:53.327Z"}
{"level":"info","message":"   Images: 5","timestamp":"2026-06-24T20:08:53.327Z"}
{"level":"info","message":"   Sizes: 5","timestamp":"2026-06-24T20:08:53.328Z"}
{"level":"info","message":"   Price: 2.9 DA","timestamp":"2026-06-24T20:08:53.328Z"}
{"level":"info","message":"   Total stock: 114","timestamp":"2026-06-24T20:08:53.328Z"}
{"level":"info","message":"   Sizes:","timestamp":"2026-06-24T20:08:53.328Z"}
{"level":"info","message":"      S: 15 pieces","timestamp":"2026-06-24T20:08:53.329Z"}
{"level":"info","message":"      M: 29 pieces","timestamp":"2026-06-24T20:08:53.329Z"}
{"level":"info","message":"      L: 30 pieces","timestamp":"2026-06-24T20:08:53.329Z"}
{"level":"info","message":"      XL: 25 pieces","timestamp":"2026-06-24T20:08:53.329Z"}
{"level":"info","message":"      2XL: 15 pieces","timestamp":"2026-06-24T20:08:53.329Z"}
{"level":"info","message":"Product saved to product-11257.json","timestamp":"2026-06-24T20:08:53.330Z"}
{"level":"info","message":"Browser closed","timestamp":"2026-06-24T20:08:53.646Z"}
{"level":"info","message":"Browser initialized","timestamp":"2026-06-24T20:12:51.514Z"}
{"level":"info","message":"Logging in to Kimland...","timestamp":"2026-06-24T20:12:51.524Z"}
{"level":"info","message":"✅ Username filled using selector: input[name=\"username\"]","timestamp":"2026-06-24T20:12:55.700Z"}
{"level":"info","message":"✅ Email filled using selector: input[type=\"email\"]","timestamp":"2026-06-24T20:12:55.713Z"}
{"level":"info","message":"✅ Password filled using selector: input[type=\"password\"]","timestamp":"2026-06-24T20:12:55.739Z"}
{"level":"info","message":"✅ Login clicked using selector: button[type=\"submit\"]","timestamp":"2026-06-24T20:12:55.792Z"}
{"level":"info","message":"✅ Login successful!","timestamp":"2026-06-24T20:12:59.258Z"}
{"level":"info","message":"Extracting product from: https://kimland.dz/product/11257/depart-polo/","timestamp":"2026-06-24T20:12:59.259Z"}
{"level":"info","message":"Extracted: DEPART POLO","timestamp":"2026-06-24T20:13:08.596Z"}
{"level":"info","message":"   Images: 5","timestamp":"2026-06-24T20:13:08.597Z"}
{"level":"info","message":"   Sizes: 5","timestamp":"2026-06-24T20:13:08.597Z"}
{"level":"info","message":"   Price: 2.01 DA","timestamp":"2026-06-24T20:13:08.597Z"}
{"level":"info","message":"   Total stock: 114","timestamp":"2026-06-24T20:13:08.597Z"}
{"level":"info","message":"   Sizes:","timestamp":"2026-06-24T20:13:08.597Z"}
{"level":"info","message":"      S: 15 pieces","timestamp":"2026-06-24T20:13:08.598Z"}
{"level":"info","message":"      M: 29 pieces","timestamp":"2026-06-24T20:13:08.598Z"}
{"level":"info","message":"      L: 30 pieces","timestamp":"2026-06-24T20:13:08.598Z"}
{"level":"info","message":"      XL: 25 pieces","timestamp":"2026-06-24T20:13:08.598Z"}
{"level":"info","message":"      2XL: 15 pieces","timestamp":"2026-06-24T20:13:08.598Z"}
{"level":"info","message":"Product saved to product-11257.json","timestamp":"2026-06-24T20:13:08.598Z"}
{"level":"info","message":"Browser closed","timestamp":"2026-06-24T20:13:08.927Z"}
{"level":"info","message":"Browser initialized","timestamp":"2026-06-24T20:20:39.853Z"}
{"level":"info","message":"Logging in to Kimland...","timestamp":"2026-06-24T20:20:39.857Z"}
{"level":"error","message":"❌ Login failed:","timestamp":"2026-06-24T20:20:49.142Z"}
{"level":"info","message":"Browser initialized","timestamp":"2026-06-24T20:21:59.021Z"}
{"level":"info","message":"Logging in to Kimland...","timestamp":"2026-06-24T20:21:59.026Z"}
{"level":"info","message":"✅ Username filled using selector: input[name=\"username\"]","timestamp":"2026-06-24T20:22:12.345Z"}
{"level":"info","message":"✅ Email filled using selector: input[type=\"email\"]","timestamp":"2026-06-24T20:22:12.356Z"}
{"level":"info","message":"✅ Password filled using selector: input[type=\"password\"]","timestamp":"2026-06-24T20:22:12.384Z"}
{"level":"info","message":"✅ Login clicked using selector: button[type=\"submit\"]","timestamp":"2026-06-24T20:22:12.439Z"}
{"level":"info","message":"✅ Login successful!","timestamp":"2026-06-24T20:22:24.422Z"}
{"level":"info","message":"Extracting product from: https://kimland.dz/product/11257/depart-polo/","timestamp":"2026-06-24T20:22:24.424Z"}
{"level":"error","message":"Failed to extract product:","timestamp":"2026-06-24T20:22:54.439Z"}
{"level":"info","message":"Browser initialized","timestamp":"2026-06-24T20:23:02.451Z"}
{"level":"info","message":"Logging in to Kimland...","timestamp":"2026-06-24T20:23:02.453Z"}
{"level":"error","message":"❌ Login failed:","timestamp":"2026-06-24T20:23:23.711Z"}
{"level":"info","message":"📸 Login error screenshot saved to login-error.png","timestamp":"2026-06-24T20:23:23.842Z"}
{"level":"info","message":"Browser initialized","timestamp":"2026-06-24T20:23:59.673Z"}
{"level":"info","message":"Logging in to Kimland...","timestamp":"2026-06-24T20:23:59.677Z"}
{"level":"info","message":"✅ Username filled using selector: input[name=\"username\"]","timestamp":"2026-06-24T20:24:02.549Z"}
{"level":"info","message":"✅ Email filled using selector: input[type=\"email\"]","timestamp":"2026-06-24T20:24:02.560Z"}
{"level":"info","message":"✅ Password filled using selector: input[type=\"password\"]","timestamp":"2026-06-24T20:24:02.573Z"}
{"level":"info","message":"✅ Login clicked using selector: button[type=\"submit\"]","timestamp":"2026-06-24T20:24:02.631Z"}
{"level":"info","message":"✅ Login successful!","timestamp":"2026-06-24T20:24:05.776Z"}
{"level":"info","message":"Extracting product from: https://kimland.dz/product/11257/depart-polo/","timestamp":"2026-06-24T20:24:05.777Z"}
{"level":"info","message":"Extracted: DEPART POLO","timestamp":"2026-06-24T20:24:13.386Z"}
{"level":"info","message":"   Images: 5","timestamp":"2026-06-24T20:24:13.387Z"}
{"level":"info","message":"   Sizes: 5","timestamp":"2026-06-24T20:24:13.388Z"}
{"level":"info","message":"   Price: 2010 DA","timestamp":"2026-06-24T20:24:13.388Z"}
{"level":"info","message":"   Total stock: 114","timestamp":"2026-06-24T20:24:13.388Z"}
{"level":"info","message":"   Sizes:","timestamp":"2026-06-24T20:24:13.389Z"}
{"level":"info","message":"      S: 15 pieces","timestamp":"2026-06-24T20:24:13.389Z"}
{"level":"info","message":"      M: 29 pieces","timestamp":"2026-06-24T20:24:13.389Z"}
{"level":"info","message":"      L: 30 pieces","timestamp":"2026-06-24T20:24:13.389Z"}
{"level":"info","message":"      XL: 25 pieces","timestamp":"2026-06-24T20:24:13.389Z"}
{"level":"info","message":"      2XL: 15 pieces","timestamp":"2026-06-24T20:24:13.390Z"}
{"level":"info","message":"Product saved to product-11257.json","timestamp":"2026-06-24T20:24:13.392Z"}
{"level":"info","message":"Browser closed","timestamp":"2026-06-24T20:24:13.760Z"}
{"level":"info","message":"Browser initialized","timestamp":"2026-06-24T20:30:09.960Z"}
{"level":"info","message":"Logging in to Kimland...","timestamp":"2026-06-24T20:30:09.961Z"}
{"level":"info","message":"✅ Username filled using selector: input[name=\"username\"]","timestamp":"2026-06-24T20:30:12.176Z"}
{"level":"info","message":"✅ Email filled using selector: input[type=\"email\"]","timestamp":"2026-06-24T20:30:12.189Z"}
{"level":"info","message":"✅ Password filled using selector: input[type=\"password\"]","timestamp":"2026-06-24T20:30:12.206Z"}
{"level":"info","message":"✅ Login clicked using selector: button[type=\"submit\"]","timestamp":"2026-06-24T20:30:12.256Z"}
{"level":"info","message":"✅ Login successful!","timestamp":"2026-06-24T20:30:15.568Z"}
{"level":"info","message":"Extracting product from: https://kimland.dz/product/9297/montre-tommy-hilfiger/","timestamp":"2026-06-24T20:30:15.569Z"}
{"level":"info","message":"Extracted: MONTRE TOMMY HILFIGER","timestamp":"2026-06-24T20:30:21.443Z"}
{"level":"info","message":"   Images: 5","timestamp":"2026-06-24T20:30:21.444Z"}
{"level":"info","message":"   Sizes: 0","timestamp":"2026-06-24T20:30:21.444Z"}
{"level":"info","message":"   Price: 17500 DA","timestamp":"2026-06-24T20:30:21.444Z"}
{"level":"info","message":"   Total stock: 0","timestamp":"2026-06-24T20:30:21.444Z"}
{"level":"info","message":"Product saved to product-9297.json","timestamp":"2026-06-24T20:30:21.445Z"}
{"level":"info","message":"Browser closed","timestamp":"2026-06-24T20:30:21.689Z"}
{"level":"info","message":"Browser initialized","timestamp":"2026-06-25T09:42:23.793Z"}
{"level":"info","message":"Logging in to Kimland...","timestamp":"2026-06-25T09:42:23.798Z"}
{"level":"info","message":"✅ Email filled using selector: input[type=\"email\"]","timestamp":"2026-06-25T09:42:25.613Z"}
{"level":"info","message":"✅ Username filled using selector: input[name=\"username\"]","timestamp":"2026-06-25T09:42:25.630Z"}
{"level":"info","message":"✅ Password filled using selector: input[type=\"password\"]","timestamp":"2026-06-25T09:42:25.654Z"}
{"level":"info","message":"✅ Login clicked using selector: button[type=\"submit\"]","timestamp":"2026-06-25T09:42:25.696Z"}
{"level":"info","message":"Current URL after login: https://kimland.dz/app/client/index.php","timestamp":"2026-06-25T09:42:27.372Z"}
{"level":"info","message":"✅ Login successful!","timestamp":"2026-06-25T09:42:27.372Z"}
{"level":"info","message":"📋 Extracting product from: https://kimland.dz/product/11228/timberland-motion-access-low-lace-sneaker/","timestamp":"2026-06-25T09:42:27.373Z"}
{"level":"info","message":"✅ Extracted: Timberland Motion Access Low Lace Sneaker","timestamp":"2026-06-25T09:42:31.754Z"}
{"level":"info","message":"   📸 Images: 0","timestamp":"2026-06-25T09:42:31.754Z"}
{"level":"info","message":"   📏 Variant Type: Pointure (pointure)","timestamp":"2026-06-25T09:42:31.754Z"}
{"level":"info","message":"   📏 Variants: 6","timestamp":"2026-06-25T09:42:31.754Z"}
{"level":"info","message":"   💰 Price: 13900 DA","timestamp":"2026-06-25T09:42:31.755Z"}
{"level":"info","message":"   📦 Total stock: 4811","timestamp":"2026-06-25T09:42:31.755Z"}
{"level":"info","message":"   📏 Pointures:","timestamp":"2026-06-25T09:42:31.755Z"}
{"level":"info","message":"      40: 482 pieces","timestamp":"2026-06-25T09:42:31.755Z"}
{"level":"info","message":"      41: 1075 pieces","timestamp":"2026-06-25T09:42:31.755Z"}
{"level":"info","message":"      42: 1460 pieces","timestamp":"2026-06-25T09:42:31.755Z"}
{"level":"info","message":"      43: 1274 pieces","timestamp":"2026-06-25T09:42:31.755Z"}
{"level":"info","message":"      44: 489 pieces","timestamp":"2026-06-25T09:42:31.755Z"}
{"level":"info","message":"      45: 31 pieces","timestamp":"2026-06-25T09:42:31.755Z"}
{"level":"info","message":"💾 Product saved to product-11228.json","timestamp":"2026-06-25T09:42:31.767Z"}
{"level":"info","message":"Browser closed","timestamp":"2026-06-25T09:42:32.118Z"}
{"level":"info","message":"Browser initialized","timestamp":"2026-06-25T09:53:22.780Z"}
{"level":"info","message":"Logging in to Kimland...","timestamp":"2026-06-25T09:53:22.784Z"}
{"level":"info","message":"✅ Email filled using selector: input[type=\"email\"]","timestamp":"2026-06-25T09:53:24.440Z"}
{"level":"info","message":"✅ Username filled using selector: input[name=\"username\"]","timestamp":"2026-06-25T09:53:24.454Z"}
{"level":"info","message":"✅ Password filled using selector: input[type=\"password\"]","timestamp":"2026-06-25T09:53:24.465Z"}
{"level":"info","message":"✅ Login clicked using selector: button[type=\"submit\"]","timestamp":"2026-06-25T09:53:24.513Z"}
{"level":"info","message":"Current URL after login: https://kimland.dz/app/client/index.php","timestamp":"2026-06-25T09:53:26.231Z"}
{"level":"info","message":"✅ Login successful!","timestamp":"2026-06-25T09:53:26.231Z"}
{"level":"info","message":"📋 Extracting product from: https://kimland.dz/product/11262/depart-oversize-t-shirt-/","timestamp":"2026-06-25T09:53:26.232Z"}
{"level":"info","message":"✅ Extracted: DEPART OVERSIZE T-SHIRT","timestamp":"2026-06-25T09:53:29.539Z"}
{"level":"info","message":"   📸 Images: 0","timestamp":"2026-06-25T09:53:29.539Z"}
{"level":"info","message":"   📏 Variant Type: Taille (taille)","timestamp":"2026-06-25T09:53:29.539Z"}
{"level":"info","message":"   📏 Variants: 6","timestamp":"2026-06-25T09:53:29.539Z"}
{"level":"info","message":"   💰 Price: 2100 DA","timestamp":"2026-06-25T09:53:29.539Z"}
{"level":"info","message":"   📦 Total stock: 127","timestamp":"2026-06-25T09:53:29.540Z"}
{"level":"info","message":"   📏 Tailles:","timestamp":"2026-06-25T09:53:29.540Z"}
{"level":"info","message":"      S: 9 pieces","timestamp":"2026-06-25T09:53:29.541Z"}
{"level":"info","message":"      M: 22 pieces","timestamp":"2026-06-25T09:53:29.541Z"}
{"level":"info","message":"      L: 24 pieces","timestamp":"2026-06-25T09:53:29.541Z"}
{"level":"info","message":"      XL: 30 pieces","timestamp":"2026-06-25T09:53:29.541Z"}
{"level":"info","message":"      2XL: 30 pieces","timestamp":"2026-06-25T09:53:29.542Z"}
{"level":"info","message":"      XS: 12 pieces","timestamp":"2026-06-25T09:53:29.542Z"}
{"level":"info","message":"💾 Product saved to product-11262.json","timestamp":"2026-06-25T09:53:29.543Z"}
{"level":"info","message":"Browser closed","timestamp":"2026-06-25T09:53:29.803Z"}
{"level":"info","message":"Browser initialized","timestamp":"2026-06-25T09:55:39.782Z"}
{"level":"info","message":"Logging in to Kimland...","timestamp":"2026-06-25T09:55:39.800Z"}
{"level":"info","message":"✅ Email filled using selector: input[type=\"email\"]","timestamp":"2026-06-25T09:55:41.365Z"}
{"level":"info","message":"✅ Username filled using selector: input[name=\"username\"]","timestamp":"2026-06-25T09:55:41.378Z"}
{"level":"info","message":"✅ Password filled using selector: input[type=\"password\"]","timestamp":"2026-06-25T09:55:41.395Z"}
{"level":"info","message":"✅ Login clicked using selector: button[type=\"submit\"]","timestamp":"2026-06-25T09:55:41.436Z"}
{"level":"info","message":"Current URL after login: https://kimland.dz/app/client/index.php","timestamp":"2026-06-25T09:55:43.150Z"}
{"level":"info","message":"✅ Login successful!","timestamp":"2026-06-25T09:55:43.151Z"}
{"level":"info","message":"📋 Extracting product from: https://kimland.dz/product/11257/depart-polo/","timestamp":"2026-06-25T09:55:43.152Z"}
{"level":"info","message":"✅ Extracted: DEPART POLO","timestamp":"2026-06-25T09:55:47.550Z"}
{"level":"info","message":"   📸 Images: 0","timestamp":"2026-06-25T09:55:47.550Z"}
{"level":"info","message":"   📏 Variant Type: Taille (taille)","timestamp":"2026-06-25T09:55:47.550Z"}
{"level":"info","message":"   📏 Variants: 5","timestamp":"2026-06-25T09:55:47.550Z"}
{"level":"info","message":"   💰 Price: 2 DA","timestamp":"2026-06-25T09:55:47.551Z"}
{"level":"info","message":"   📦 Total stock: 114","timestamp":"2026-06-25T09:55:47.551Z"}
{"level":"info","message":"   📏 Tailles:","timestamp":"2026-06-25T09:55:47.551Z"}
{"level":"info","message":"      S: 15 pieces","timestamp":"2026-06-25T09:55:47.551Z"}
{"level":"info","message":"      M: 29 pieces","timestamp":"2026-06-25T09:55:47.551Z"}
{"level":"info","message":"      L: 30 pieces","timestamp":"2026-06-25T09:55:47.551Z"}
{"level":"info","message":"      XL: 25 pieces","timestamp":"2026-06-25T09:55:47.552Z"}
{"level":"info","message":"      2XL: 15 pieces","timestamp":"2026-06-25T09:55:47.552Z"}
{"level":"info","message":"💾 Product saved to product-11257.json","timestamp":"2026-06-25T09:55:47.552Z"}
{"level":"info","message":"Browser closed","timestamp":"2026-06-25T09:55:47.836Z"}
{"level":"info","message":"Browser initialized","timestamp":"2026-06-25T09:58:50.055Z"}
{"level":"info","message":"Logging in to Kimland...","timestamp":"2026-06-25T09:58:50.060Z"}
{"level":"info","message":"✅ Email filled using selector: input[type=\"email\"]","timestamp":"2026-06-25T09:58:51.996Z"}
{"level":"info","message":"✅ Username filled using selector: input[name=\"username\"]","timestamp":"2026-06-25T09:58:52.009Z"}
{"level":"info","message":"✅ Password filled using selector: input[type=\"password\"]","timestamp":"2026-06-25T09:58:52.029Z"}
{"level":"info","message":"✅ Login clicked using selector: button[type=\"submit\"]","timestamp":"2026-06-25T09:58:52.073Z"}
{"level":"info","message":"Current URL after login: https://kimland.dz/app/client/index.php","timestamp":"2026-06-25T09:58:53.964Z"}
{"level":"info","message":"✅ Login successful!","timestamp":"2026-06-25T09:58:53.964Z"}
{"level":"info","message":"📋 Extracting product from: https://kimland.dz/product/11257/depart-polo/","timestamp":"2026-06-25T09:58:53.965Z"}
{"level":"info","message":"📄 HTML saved to debug-product.html for inspection","timestamp":"2026-06-25T09:59:00.395Z"}
{"level":"info","message":"📸 Screenshot saved to debug-product.png","timestamp":"2026-06-25T09:59:00.525Z"}
{"level":"info","message":"✅ Extracted: DEPART POLO","timestamp":"2026-06-25T09:59:00.558Z"}
{"level":"info","message":"   📸 Images: 30","timestamp":"2026-06-25T09:59:00.558Z"}
{"level":"info","message":"   📏 Variant Type: Taille (taille)","timestamp":"2026-06-25T09:59:00.558Z"}
{"level":"info","message":"   📏 Variants: 5","timestamp":"2026-06-25T09:59:00.559Z"}
{"level":"info","message":"   💰 Price: 2010 DA","timestamp":"2026-06-25T09:59:00.559Z"}
{"level":"info","message":"   📦 Total stock: 114","timestamp":"2026-06-25T09:59:00.559Z"}
{"level":"info","message":"   📏 Tailles:","timestamp":"2026-06-25T09:59:00.559Z"}
{"level":"info","message":"      S: 15 pieces","timestamp":"2026-06-25T09:59:00.559Z"}
{"level":"info","message":"      M: 29 pieces","timestamp":"2026-06-25T09:59:00.559Z"}
{"level":"info","message":"      L: 30 pieces","timestamp":"2026-06-25T09:59:00.559Z"}
{"level":"info","message":"      XL: 25 pieces","timestamp":"2026-06-25T09:59:00.560Z"}
{"level":"info","message":"      2XL: 15 pieces","timestamp":"2026-06-25T09:59:00.560Z"}
{"level":"info","message":"💾 Product saved to product-11257.json","timestamp":"2026-06-25T09:59:00.560Z"}
{"level":"info","message":"Browser closed","timestamp":"2026-06-25T09:59:00.831Z"}
{"level":"info","message":"Browser initialized","timestamp":"2026-06-25T10:04:18.472Z"}
{"level":"info","message":"Logging in to Kimland...","timestamp":"2026-06-25T10:04:18.479Z"}
{"level":"info","message":"✅ Email filled using selector: input[type=\"email\"]","timestamp":"2026-06-25T10:04:20.077Z"}
{"level":"info","message":"✅ Username filled using selector: input[name=\"username\"]","timestamp":"2026-06-25T10:04:20.087Z"}
{"level":"info","message":"✅ Password filled using selector: input[type=\"password\"]","timestamp":"2026-06-25T10:04:20.106Z"}
{"level":"info","message":"✅ Login clicked using selector: button[type=\"submit\"]","timestamp":"2026-06-25T10:04:20.148Z"}
{"level":"info","message":"Current URL after login: https://kimland.dz/app/client/index.php","timestamp":"2026-06-25T10:04:21.872Z"}
{"level":"info","message":"✅ Login successful!","timestamp":"2026-06-25T10:04:21.872Z"}
{"level":"info","message":"📋 Extracting product from: https://kimland.dz/product/11257/depart-polo/","timestamp":"2026-06-25T10:04:21.873Z"}
{"level":"info","message":"📄 HTML saved to debug-product.html for inspection","timestamp":"2026-06-25T10:04:28.340Z"}
{"level":"info","message":"📸 Screenshot saved to debug-product.png","timestamp":"2026-06-25T10:04:28.524Z"}
{"level":"info","message":"✅ Extracted: DEPART POLO","timestamp":"2026-06-25T10:04:28.564Z"}
{"level":"info","message":"   📸 Images: 30","timestamp":"2026-06-25T10:04:28.564Z"}
{"level":"info","message":"   📏 Variant Type: Taille (taille)","timestamp":"2026-06-25T10:04:28.564Z"}
{"level":"info","message":"   📏 Variants: 5","timestamp":"2026-06-25T10:04:28.565Z"}
{"level":"info","message":"   💰 Price: 2010 DA","timestamp":"2026-06-25T10:04:28.565Z"}
{"level":"info","message":"   📦 Total stock: 114","timestamp":"2026-06-25T10:04:28.565Z"}
{"level":"info","message":"   📏 Tailles:","timestamp":"2026-06-25T10:04:28.565Z"}
{"level":"info","message":"      S: 15 pieces","timestamp":"2026-06-25T10:04:28.565Z"}
{"level":"info","message":"      M: 29 pieces","timestamp":"2026-06-25T10:04:28.565Z"}
{"level":"info","message":"      L: 30 pieces","timestamp":"2026-06-25T10:04:28.565Z"}
{"level":"info","message":"      XL: 25 pieces","timestamp":"2026-06-25T10:04:28.565Z"}
{"level":"info","message":"      2XL: 15 pieces","timestamp":"2026-06-25T10:04:28.565Z"}
{"level":"info","message":"💾 Product saved to product-11257.json","timestamp":"2026-06-25T10:04:28.566Z"}
{"level":"info","message":"Browser closed","timestamp":"2026-06-25T10:04:28.810Z"}
{"level":"info","message":"Browser initialized","timestamp":"2026-06-25T10:04:58.057Z"}
{"level":"info","message":"Logging in to Kimland...","timestamp":"2026-06-25T10:04:58.062Z"}
{"level":"info","message":"✅ Email filled using selector: input[type=\"email\"]","timestamp":"2026-06-25T10:04:59.647Z"}
{"level":"info","message":"✅ Username filled using selector: input[name=\"username\"]","timestamp":"2026-06-25T10:04:59.666Z"}
{"level":"info","message":"✅ Password filled using selector: input[type=\"password\"]","timestamp":"2026-06-25T10:04:59.688Z"}
{"level":"info","message":"✅ Login clicked using selector: button[type=\"submit\"]","timestamp":"2026-06-25T10:04:59.746Z"}
{"level":"info","message":"Current URL after login: https://kimland.dz/app/client/index.php","timestamp":"2026-06-25T10:05:01.531Z"}
{"level":"info","message":"✅ Login successful!","timestamp":"2026-06-25T10:05:01.532Z"}
{"level":"info","message":"📋 Extracting product from: https://kimland.dz/product/11257/depart-polo/","timestamp":"2026-06-25T10:05:01.533Z"}
{"level":"info","message":"📄 HTML saved to debug-product.html for inspection","timestamp":"2026-06-25T10:05:08.382Z"}
{"level":"info","message":"📸 Screenshot saved to debug-product.png","timestamp":"2026-06-25T10:05:08.574Z"}
{"level":"info","message":"✅ Extracted: DEPART POLO","timestamp":"2026-06-25T10:05:08.618Z"}
{"level":"info","message":"   📸 Images: 29","timestamp":"2026-06-25T10:05:08.619Z"}
{"level":"info","message":"   📏 Variant Type: Taille (taille)","timestamp":"2026-06-25T10:05:08.619Z"}
{"level":"info","message":"   📏 Variants: 5","timestamp":"2026-06-25T10:05:08.619Z"}
{"level":"info","message":"   💰 Price: 2010 DA","timestamp":"2026-06-25T10:05:08.619Z"}
{"level":"info","message":"   📦 Total stock: 114","timestamp":"2026-06-25T10:05:08.619Z"}
{"level":"info","message":"   📏 Tailles:","timestamp":"2026-06-25T10:05:08.619Z"}
{"level":"info","message":"      S: 15 pieces","timestamp":"2026-06-25T10:05:08.620Z"}
{"level":"info","message":"      M: 29 pieces","timestamp":"2026-06-25T10:05:08.620Z"}
{"level":"info","message":"      L: 30 pieces","timestamp":"2026-06-25T10:05:08.620Z"}
{"level":"info","message":"      XL: 25 pieces","timestamp":"2026-06-25T10:05:08.620Z"}
{"level":"info","message":"      2XL: 15 pieces","timestamp":"2026-06-25T10:05:08.620Z"}
{"level":"info","message":"💾 Product saved to product-11257.json","timestamp":"2026-06-25T10:05:08.621Z"}
{"level":"info","message":"Browser closed","timestamp":"2026-06-25T10:05:08.888Z"}
{"level":"info","message":"Browser initialized","timestamp":"2026-06-25T10:06:53.793Z"}
{"level":"info","message":"Logging in to Kimland...","timestamp":"2026-06-25T10:06:53.802Z"}
{"level":"info","message":"✅ Email filled using selector: input[type=\"email\"]","timestamp":"2026-06-25T10:06:55.913Z"}
{"level":"info","message":"✅ Username filled using selector: input[name=\"username\"]","timestamp":"2026-06-25T10:06:55.923Z"}
{"level":"info","message":"✅ Password filled using selector: input[type=\"password\"]","timestamp":"2026-06-25T10:06:55.936Z"}
{"level":"info","message":"✅ Login clicked using selector: button[type=\"submit\"]","timestamp":"2026-06-25T10:06:55.998Z"}
{"level":"info","message":"Current URL after login: https://kimland.dz/app/client/index.php","timestamp":"2026-06-25T10:06:57.780Z"}
{"level":"info","message":"✅ Login successful!","timestamp":"2026-06-25T10:06:57.780Z"}
{"level":"info","message":"📋 Extracting product from: https://kimland.dz/product/11257/depart-polo/","timestamp":"2026-06-25T10:06:57.781Z"}
{"level":"info","message":"📄 HTML saved to debug-product.html for inspection","timestamp":"2026-06-25T10:07:04.200Z"}
{"level":"info","message":"📸 Screenshot saved to debug-product.png","timestamp":"2026-06-25T10:07:04.348Z"}
{"level":"info","message":"✅ Extracted: DEPART POLO","timestamp":"2026-06-25T10:07:04.379Z"}
{"level":"info","message":"   📸 Images: 29","timestamp":"2026-06-25T10:07:04.380Z"}
{"level":"info","message":"   📏 Variant Type: Taille (taille)","timestamp":"2026-06-25T10:07:04.380Z"}
{"level":"info","message":"   📏 Variants: 5","timestamp":"2026-06-25T10:07:04.380Z"}
{"level":"info","message":"   💰 Price: 2010 DA","timestamp":"2026-06-25T10:07:04.380Z"}
{"level":"info","message":"   📦 Total stock: 114","timestamp":"2026-06-25T10:07:04.381Z"}
{"level":"info","message":"   📏 Tailles:","timestamp":"2026-06-25T10:07:04.381Z"}
{"level":"info","message":"      S: 15 pieces","timestamp":"2026-06-25T10:07:04.381Z"}
{"level":"info","message":"      M: 29 pieces","timestamp":"2026-06-25T10:07:04.381Z"}
{"level":"info","message":"      L: 30 pieces","timestamp":"2026-06-25T10:07:04.381Z"}
{"level":"info","message":"      XL: 25 pieces","timestamp":"2026-06-25T10:07:04.381Z"}
{"level":"info","message":"      2XL: 15 pieces","timestamp":"2026-06-25T10:07:04.382Z"}
{"level":"info","message":"💾 Product saved to product-11257.json","timestamp":"2026-06-25T10:07:04.383Z"}
{"level":"info","message":"Browser closed","timestamp":"2026-06-25T10:07:04.659Z"}
{"level":"info","message":"Browser initialized","timestamp":"2026-06-25T10:09:38.400Z"}
{"level":"info","message":"Logging in to Kimland...","timestamp":"2026-06-25T10:09:38.405Z"}
{"level":"info","message":"✅ Email filled using selector: input[type=\"email\"]","timestamp":"2026-06-25T10:09:39.836Z"}
{"level":"info","message":"✅ Username filled using selector: input[name=\"username\"]","timestamp":"2026-06-25T10:09:39.851Z"}
{"level":"info","message":"✅ Password filled using selector: input[type=\"password\"]","timestamp":"2026-06-25T10:09:39.868Z"}
{"level":"info","message":"✅ Login clicked using selector: button[type=\"submit\"]","timestamp":"2026-06-25T10:09:39.917Z"}
{"level":"info","message":"Current URL after login: https://kimland.dz/app/client/index.php","timestamp":"2026-06-25T10:09:41.570Z"}
{"level":"info","message":"✅ Login successful!","timestamp":"2026-06-25T10:09:41.571Z"}
{"level":"info","message":"📋 Extracting product from: https://kimland.dz/product/11257/depart-polo/","timestamp":"2026-06-25T10:09:41.572Z"}
{"level":"info","message":"📄 HTML saved to debug-product.html for inspection","timestamp":"2026-06-25T10:09:47.664Z"}
{"level":"info","message":"📸 Screenshot saved to debug-product.png","timestamp":"2026-06-25T10:09:47.853Z"}
{"level":"info","message":"✅ Extracted: DEPART POLO","timestamp":"2026-06-25T10:09:47.887Z"}
{"level":"info","message":"   📸 Images: 30","timestamp":"2026-06-25T10:09:47.888Z"}
{"level":"info","message":"   📏 Variant Type: Taille (taille)","timestamp":"2026-06-25T10:09:47.888Z"}
{"level":"info","message":"   📏 Variants: 5","timestamp":"2026-06-25T10:09:47.888Z"}
{"level":"info","message":"   💰 Price: 2010 DA","timestamp":"2026-06-25T10:09:47.888Z"}
{"level":"info","message":"   📦 Total stock: 114","timestamp":"2026-06-25T10:09:47.888Z"}
{"level":"info","message":"   📏 Tailles:","timestamp":"2026-06-25T10:09:47.889Z"}
{"level":"info","message":"      S: 15 pieces","timestamp":"2026-06-25T10:09:47.889Z"}
{"level":"info","message":"      M: 29 pieces","timestamp":"2026-06-25T10:09:47.889Z"}
{"level":"info","message":"      L: 30 pieces","timestamp":"2026-06-25T10:09:47.889Z"}
{"level":"info","message":"      XL: 25 pieces","timestamp":"2026-06-25T10:09:47.889Z"}
{"level":"info","message":"      2XL: 15 pieces","timestamp":"2026-06-25T10:09:47.889Z"}
{"level":"info","message":"💾 Product saved to product-11257.json","timestamp":"2026-06-25T10:09:47.890Z"}
{"level":"info","message":"Browser closed","timestamp":"2026-06-25T10:09:48.172Z"}
{"level":"info","message":"Browser initialized","timestamp":"2026-06-25T10:10:12.985Z"}
{"level":"info","message":"Logging in to Kimland...","timestamp":"2026-06-25T10:10:12.986Z"}
{"level":"info","message":"✅ Email filled using selector: input[type=\"email\"]","timestamp":"2026-06-25T10:10:14.615Z"}
{"level":"info","message":"✅ Username filled using selector: input[name=\"username\"]","timestamp":"2026-06-25T10:10:14.627Z"}
{"level":"info","message":"✅ Password filled using selector: input[type=\"password\"]","timestamp":"2026-06-25T10:10:14.637Z"}
{"level":"info","message":"✅ Login clicked using selector: button[type=\"submit\"]","timestamp":"2026-06-25T10:10:14.683Z"}
{"level":"info","message":"Current URL after login: https://kimland.dz/app/client/index.php","timestamp":"2026-06-25T10:10:16.435Z"}
{"level":"info","message":"✅ Login successful!","timestamp":"2026-06-25T10:10:16.435Z"}
{"level":"info","message":"📋 Extracting product from: https://kimland.dz/product/11228/timberland-motion-access-low-lace-sneaker/","timestamp":"2026-06-25T10:10:16.435Z"}
{"level":"info","message":"📄 HTML saved to debug-product.html for inspection","timestamp":"2026-06-25T10:10:23.290Z"}
{"level":"info","message":"📸 Screenshot saved to debug-product.png","timestamp":"2026-06-25T10:10:23.448Z"}
{"level":"info","message":"✅ Extracted: Timberland Motion Access Low Lace Sneaker","timestamp":"2026-06-25T10:10:23.476Z"}
{"level":"info","message":"   📸 Images: 35","timestamp":"2026-06-25T10:10:23.477Z"}
{"level":"info","message":"   📏 Variant Type: Pointure (pointure)","timestamp":"2026-06-25T10:10:23.477Z"}
{"level":"info","message":"   📏 Variants: 6","timestamp":"2026-06-25T10:10:23.477Z"}
{"level":"info","message":"   💰 Price: 13900 DA","timestamp":"2026-06-25T10:10:23.477Z"}
{"level":"info","message":"   📦 Total stock: 4811","timestamp":"2026-06-25T10:10:23.478Z"}
{"level":"info","message":"   📏 Pointures:","timestamp":"2026-06-25T10:10:23.478Z"}
{"level":"info","message":"      40: 482 pieces","timestamp":"2026-06-25T10:10:23.478Z"}
{"level":"info","message":"      41: 1075 pieces","timestamp":"2026-06-25T10:10:23.478Z"}
{"level":"info","message":"      42: 1460 pieces","timestamp":"2026-06-25T10:10:23.478Z"}
{"level":"info","message":"      43: 1274 pieces","timestamp":"2026-06-25T10:10:23.478Z"}
{"level":"info","message":"      44: 489 pieces","timestamp":"2026-06-25T10:10:23.478Z"}
{"level":"info","message":"      45: 31 pieces","timestamp":"2026-06-25T10:10:23.480Z"}
{"level":"info","message":"💾 Product saved to product-11228.json","timestamp":"2026-06-25T10:10:23.481Z"}
{"level":"info","message":"Browser closed","timestamp":"2026-06-25T10:10:23.719Z"}
{"level":"info","message":"Browser initialized","timestamp":"2026-06-25T10:11:45.876Z"}
{"level":"info","message":"Logging in to Kimland...","timestamp":"2026-06-25T10:11:45.881Z"}
{"level":"info","message":"✅ Email filled using selector: input[type=\"email\"]","timestamp":"2026-06-25T10:11:47.573Z"}
{"level":"info","message":"✅ Username filled using selector: input[name=\"username\"]","timestamp":"2026-06-25T10:11:47.586Z"}
{"level":"info","message":"✅ Password filled using selector: input[type=\"password\"]","timestamp":"2026-06-25T10:11:47.610Z"}
{"level":"info","message":"✅ Login clicked using selector: button[type=\"submit\"]","timestamp":"2026-06-25T10:11:47.663Z"}
{"level":"info","message":"Current URL after login: https://kimland.dz/app/client/index.php","timestamp":"2026-06-25T10:11:48.648Z"}
{"level":"info","message":"✅ Login successful!","timestamp":"2026-06-25T10:11:48.653Z"}
{"level":"info","message":"📋 Extracting product from: https://kimland.dz/product/11228/timberland-motion-access-low-lace-sneaker/","timestamp":"2026-06-25T10:11:48.654Z"}
{"level":"error","message":"❌ Failed to extract product:","timestamp":"2026-06-25T10:11:48.659Z"}
{"level":"info","message":"Browser initialized","timestamp":"2026-06-25T11:31:21.140Z"}
{"level":"info","message":"Logging in to Kimland...","timestamp":"2026-06-25T11:31:21.142Z"}
{"level":"info","message":"✅ Email filled using selector: input[type=\"email\"]","timestamp":"2026-06-25T11:31:22.876Z"}
{"level":"info","message":"✅ Username filled using selector: input[name=\"username\"]","timestamp":"2026-06-25T11:31:22.892Z"}
{"level":"info","message":"✅ Password filled using selector: input[type=\"password\"]","timestamp":"2026-06-25T11:31:22.905Z"}
{"level":"info","message":"✅ Login clicked using selector: button[type=\"submit\"]","timestamp":"2026-06-25T11:31:22.954Z"}
{"level":"info","message":"Current URL after login: https://kimland.dz/app/client/index.php","timestamp":"2026-06-25T11:31:24.739Z"}
{"level":"info","message":"✅ Login successful!","timestamp":"2026-06-25T11:31:24.739Z"}
{"level":"info","message":"📋 Extracting product from: https://kimland.dz/product/11228/timberland-motion-access-low-lace-sneaker/","timestamp":"2026-06-25T11:31:24.740Z"}
{"level":"info","message":"📄 HTML saved to debug-product.html for inspection","timestamp":"2026-06-25T11:31:31.413Z"}
{"level":"info","message":"📸 Screenshot saved to debug-product.png","timestamp":"2026-06-25T11:31:31.541Z"}
{"level":"info","message":"✅ Extracted: Timberland Motion Access Low Lace Sneaker","timestamp":"2026-06-25T11:31:31.569Z"}
{"level":"info","message":"   📸 Images: 35","timestamp":"2026-06-25T11:31:31.570Z"}
{"level":"info","message":"   📏 Variant Type: Pointure (pointure)","timestamp":"2026-06-25T11:31:31.570Z"}
{"level":"info","message":"   📏 Variants: 6","timestamp":"2026-06-25T11:31:31.570Z"}
{"level":"info","message":"   💰 Price: 13900 DA","timestamp":"2026-06-25T11:31:31.570Z"}
{"level":"info","message":"   📦 Total stock: 4810","timestamp":"2026-06-25T11:31:31.570Z"}
{"level":"info","message":"   📏 Pointures:","timestamp":"2026-06-25T11:31:31.570Z"}
{"level":"info","message":"      40: 482 pieces","timestamp":"2026-06-25T11:31:31.570Z"}
{"level":"info","message":"      41: 1075 pieces","timestamp":"2026-06-25T11:31:31.570Z"}
{"level":"info","message":"      42: 1460 pieces","timestamp":"2026-06-25T11:31:31.570Z"}
{"level":"info","message":"      43: 1274 pieces","timestamp":"2026-06-25T11:31:31.571Z"}
{"level":"info","message":"      44: 488 pieces","timestamp":"2026-06-25T11:31:31.571Z"}
{"level":"info","message":"      45: 31 pieces","timestamp":"2026-06-25T11:31:31.571Z"}
{"level":"info","message":"💾 Product saved to product-11228.json","timestamp":"2026-06-25T11:31:31.572Z"}
{"level":"info","message":"Browser closed","timestamp":"2026-06-25T11:31:31.929Z"}
{"level":"info","message":"Browser initialized","timestamp":"2026-06-25T11:32:48.946Z"}
{"level":"info","message":"Logging in to Kimland...","timestamp":"2026-06-25T11:32:48.954Z"}
{"level":"error","message":"❌ Login failed:","timestamp":"2026-06-25T11:33:10.030Z"}
{"level":"info","message":"Browser initialized","timestamp":"2026-06-25T11:33:13.884Z"}
{"level":"info","message":"Logging in to Kimland...","timestamp":"2026-06-25T11:33:13.885Z"}
{"level":"info","message":"✅ Email filled using selector: input[type=\"email\"]","timestamp":"2026-06-25T11:33:15.582Z"}
{"level":"info","message":"✅ Username filled using selector: input[name=\"username\"]","timestamp":"2026-06-25T11:33:15.593Z"}
{"level":"info","message":"✅ Password filled using selector: input[type=\"password\"]","timestamp":"2026-06-25T11:33:15.607Z"}
{"level":"info","message":"✅ Login clicked using selector: button[type=\"submit\"]","timestamp":"2026-06-25T11:33:15.649Z"}
{"level":"info","message":"Current URL after login: https://kimland.dz/app/client/index.php","timestamp":"2026-06-25T11:33:17.412Z"}
{"level":"info","message":"✅ Login successful!","timestamp":"2026-06-25T11:33:17.412Z"}
{"level":"info","message":"📋 Extracting product from: https://kimland.dz/product/11228/timberland-motion-access-low-lace-sneaker/","timestamp":"2026-06-25T11:33:17.412Z"}
{"level":"info","message":"📄 HTML saved to debug-product.html for inspection","timestamp":"2026-06-25T11:33:24.363Z"}
{"level":"info","message":"📸 Screenshot saved to debug-product.png","timestamp":"2026-06-25T11:33:24.455Z"}
{"level":"info","message":"✅ Extracted: Timberland Motion Access Low Lace Sneaker","timestamp":"2026-06-25T11:33:24.476Z"}
{"level":"info","message":"   📸 Images: 35","timestamp":"2026-06-25T11:33:24.477Z"}
{"level":"info","message":"   📏 Variant Type: Pointure (pointure)","timestamp":"2026-06-25T11:33:24.477Z"}
{"level":"info","message":"   📏 Variants: 6","timestamp":"2026-06-25T11:33:24.477Z"}
{"level":"info","message":"   💰 Price: 13900 DA","timestamp":"2026-06-25T11:33:24.477Z"}
{"level":"info","message":"   📦 Total stock: 4810","timestamp":"2026-06-25T11:33:24.477Z"}
{"level":"info","message":"   📏 Pointures:","timestamp":"2026-06-25T11:33:24.477Z"}
{"level":"info","message":"      40: 482 pieces","timestamp":"2026-06-25T11:33:24.477Z"}
{"level":"info","message":"      41: 1075 pieces","timestamp":"2026-06-25T11:33:24.477Z"}
{"level":"info","message":"      42: 1460 pieces","timestamp":"2026-06-25T11:33:24.478Z"}
{"level":"info","message":"      43: 1274 pieces","timestamp":"2026-06-25T11:33:24.478Z"}
{"level":"info","message":"      44: 488 pieces","timestamp":"2026-06-25T11:33:24.478Z"}
{"level":"info","message":"      45: 31 pieces","timestamp":"2026-06-25T11:33:24.478Z"}
{"level":"info","message":"💾 Product saved to product-11228.json","timestamp":"2026-06-25T11:33:24.479Z"}
{"level":"info","message":"Browser closed","timestamp":"2026-06-25T11:33:24.828Z"}
{"level":"info","message":"Browser initialized","timestamp":"2026-06-25T11:35:28.592Z"}
{"level":"info","message":"Logging in to Kimland...","timestamp":"2026-06-25T11:35:28.594Z"}
{"level":"info","message":"✅ Email filled using selector: input[type=\"email\"]","timestamp":"2026-06-25T11:35:30.571Z"}
{"level":"info","message":"✅ Username filled using selector: input[name=\"username\"]","timestamp":"2026-06-25T11:35:30.582Z"}
{"level":"info","message":"✅ Password filled using selector: input[type=\"password\"]","timestamp":"2026-06-25T11:35:30.590Z"}
{"level":"info","message":"✅ Login clicked using selector: button[type=\"submit\"]","timestamp":"2026-06-25T11:35:30.638Z"}
{"level":"info","message":"Current URL after login: https://kimland.dz/app/client/index.php","timestamp":"2026-06-25T11:35:32.442Z"}
{"level":"info","message":"✅ Login successful!","timestamp":"2026-06-25T11:35:32.442Z"}
{"level":"info","message":"📋 Extracting product from: https://kimland.dz/product/11257/depart-polo/","timestamp":"2026-06-25T11:35:32.442Z"}
{"level":"info","message":"📄 HTML saved to debug-product.html for inspection","timestamp":"2026-06-25T11:35:38.946Z"}
{"level":"info","message":"📸 Screenshot saved to debug-product.png","timestamp":"2026-06-25T11:35:39.118Z"}
{"level":"info","message":"✅ Extracted: DEPART POLO","timestamp":"2026-06-25T11:35:39.151Z"}
{"level":"info","message":"   📸 Images: 30","timestamp":"2026-06-25T11:35:39.151Z"}
{"level":"info","message":"   📏 Variant Type: Taille (taille)","timestamp":"2026-06-25T11:35:39.152Z"}
{"level":"info","message":"   📏 Variants: 5","timestamp":"2026-06-25T11:35:39.152Z"}
{"level":"info","message":"   💰 Price: 2010 DA","timestamp":"2026-06-25T11:35:39.152Z"}
{"level":"info","message":"   📦 Total stock: 114","timestamp":"2026-06-25T11:35:39.152Z"}
{"level":"info","message":"   📏 Tailles:","timestamp":"2026-06-25T11:35:39.153Z"}
{"level":"info","message":"      S: 15 pieces","timestamp":"2026-06-25T11:35:39.153Z"}
{"level":"info","message":"      M: 29 pieces","timestamp":"2026-06-25T11:35:39.153Z"}
{"level":"info","message":"      L: 30 pieces","timestamp":"2026-06-25T11:35:39.154Z"}
{"level":"info","message":"      XL: 25 pieces","timestamp":"2026-06-25T11:35:39.154Z"}
{"level":"info","message":"      2XL: 15 pieces","timestamp":"2026-06-25T11:35:39.154Z"}
{"level":"info","message":"💾 Product saved to product-11257.json","timestamp":"2026-06-25T11:35:39.155Z"}
{"level":"info","message":"Browser closed","timestamp":"2026-06-25T11:35:39.420Z"}
{"level":"info","message":"Browser initialized","timestamp":"2026-06-25T11:36:48.738Z"}
{"level":"info","message":"Logging in to Kimland...","timestamp":"2026-06-25T11:36:48.743Z"}
{"level":"info","message":"✅ Email filled using selector: input[type=\"email\"]","timestamp":"2026-06-25T11:36:50.479Z"}
{"level":"info","message":"✅ Username filled using selector: input[name=\"username\"]","timestamp":"2026-06-25T11:36:50.505Z"}
{"level":"info","message":"✅ Password filled using selector: input[type=\"password\"]","timestamp":"2026-06-25T11:36:50.526Z"}
{"level":"info","message":"✅ Login clicked using selector: button[type=\"submit\"]","timestamp":"2026-06-25T11:36:50.564Z"}
{"level":"info","message":"Current URL after login: https://kimland.dz/app/client/index.php","timestamp":"2026-06-25T11:36:53.395Z"}
{"level":"info","message":"✅ Login successful!","timestamp":"2026-06-25T11:36:53.395Z"}
{"level":"info","message":"📋 Extracting product from: https://kimland.dz/product/6882/reebok-classic-leather/","timestamp":"2026-06-25T11:36:53.396Z"}
{"level":"info","message":"📄 HTML saved to debug-product.html for inspection","timestamp":"2026-06-25T11:37:00.080Z"}
{"level":"info","message":"📸 Screenshot saved to debug-product.png","timestamp":"2026-06-25T11:37:00.180Z"}
{"level":"info","message":"✅ Extracted: REEBOK CLASSIC LEATHER","timestamp":"2026-06-25T11:37:00.203Z"}
{"level":"info","message":"   📸 Images: 30","timestamp":"2026-06-25T11:37:00.204Z"}
{"level":"info","message":"   📏 Variant Type: Pointure (pointure)","timestamp":"2026-06-25T11:37:00.204Z"}
{"level":"info","message":"   📏 Variants: 2","timestamp":"2026-06-25T11:37:00.204Z"}
{"level":"info","message":"   💰 Price: 9500 DA","timestamp":"2026-06-25T11:37:00.204Z"}
{"level":"info","message":"   📦 Total stock: 1120","timestamp":"2026-06-25T11:37:00.204Z"}
{"level":"info","message":"   📏 Pointures:","timestamp":"2026-06-25T11:37:00.204Z"}
{"level":"info","message":"      45: 385 pieces","timestamp":"2026-06-25T11:37:00.204Z"}
{"level":"info","message":"      46: 735 pieces","timestamp":"2026-06-25T11:37:00.204Z"}
{"level":"info","message":"💾 Product saved to product-6882.json","timestamp":"2026-06-25T11:37:00.205Z"}
{"level":"info","message":"Browser closed","timestamp":"2026-06-25T11:37:00.499Z"}
{"level":"info","message":"Browser initialized","timestamp":"2026-06-25T11:38:48.727Z"}
{"level":"info","message":"Logging in to Kimland...","timestamp":"2026-06-25T11:38:48.731Z"}
{"level":"info","message":"✅ Email filled using selector: input[type=\"email\"]","timestamp":"2026-06-25T11:38:50.551Z"}
{"level":"info","message":"✅ Username filled using selector: input[name=\"username\"]","timestamp":"2026-06-25T11:38:50.563Z"}
{"level":"info","message":"✅ Password filled using selector: input[type=\"password\"]","timestamp":"2026-06-25T11:38:50.572Z"}
{"level":"info","message":"✅ Login clicked using selector: button[type=\"submit\"]","timestamp":"2026-06-25T11:38:50.617Z"}
{"level":"info","message":"Current URL after login: https://kimland.dz/app/client/index.php","timestamp":"2026-06-25T11:38:52.374Z"}
{"level":"info","message":"✅ Login successful!","timestamp":"2026-06-25T11:38:52.375Z"}
{"level":"info","message":"📋 Extracting product from: https://kimland.dz/product/11257/depart-polo/","timestamp":"2026-06-25T11:38:52.376Z"}
{"level":"info","message":"📄 HTML saved to debug-product.html for inspection","timestamp":"2026-06-25T11:38:58.772Z"}
{"level":"info","message":"📸 Screenshot saved to debug-product.png","timestamp":"2026-06-25T11:38:58.921Z"}
{"level":"info","message":"✅ Extracted: DEPART POLO","timestamp":"2026-06-25T11:38:58.960Z"}
{"level":"info","message":"   📸 Images: 30","timestamp":"2026-06-25T11:38:58.960Z"}
{"level":"info","message":"   📏 Variant Type: Taille (taille)","timestamp":"2026-06-25T11:38:58.960Z"}
{"level":"info","message":"   📏 Variants: 5","timestamp":"2026-06-25T11:38:58.960Z"}
{"level":"info","message":"   💰 Price: 2010 DA","timestamp":"2026-06-25T11:38:58.960Z"}
{"level":"info","message":"   📦 Total stock: 114","timestamp":"2026-06-25T11:38:58.960Z"}
{"level":"info","message":"   📏 Tailles:","timestamp":"2026-06-25T11:38:58.960Z"}
{"level":"info","message":"      S: 15 pieces","timestamp":"2026-06-25T11:38:58.960Z"}
{"level":"info","message":"      M: 29 pieces","timestamp":"2026-06-25T11:38:58.961Z"}
{"level":"info","message":"      L: 30 pieces","timestamp":"2026-06-25T11:38:58.961Z"}
{"level":"info","message":"      XL: 25 pieces","timestamp":"2026-06-25T11:38:58.961Z"}
{"level":"info","message":"      2XL: 15 pieces","timestamp":"2026-06-25T11:38:58.961Z"}
{"level":"info","message":"💾 Product saved to product-11257.json","timestamp":"2026-06-25T11:38:58.962Z"}
{"level":"info","message":"Browser closed","timestamp":"2026-06-25T11:38:59.208Z"}
{"level":"info","message":"Browser initialized","timestamp":"2026-06-25T11:40:45.010Z"}
{"level":"info","message":"Logging in to Kimland...","timestamp":"2026-06-25T11:40:45.012Z"}
{"level":"info","message":"✅ Email filled using selector: input[type=\"email\"]","timestamp":"2026-06-25T11:40:46.801Z"}
{"level":"info","message":"✅ Username filled using selector: input[name=\"username\"]","timestamp":"2026-06-25T11:40:46.814Z"}
{"level":"info","message":"✅ Password filled using selector: input[type=\"password\"]","timestamp":"2026-06-25T11:40:46.845Z"}
{"level":"info","message":"✅ Login clicked using selector: button[type=\"submit\"]","timestamp":"2026-06-25T11:40:46.894Z"}
{"level":"info","message":"Current URL after login: https://kimland.dz/app/client/index.php","timestamp":"2026-06-25T11:40:48.645Z"}
{"level":"info","message":"✅ Login successful!","timestamp":"2026-06-25T11:40:48.645Z"}
{"level":"info","message":"📋 Extracting product from: https://kimland.dz/product/11257/depart-polo/","timestamp":"2026-06-25T11:40:48.645Z"}
{"level":"info","message":"📄 HTML saved to debug-product.html for inspection","timestamp":"2026-06-25T11:40:55.233Z"}
{"level":"info","message":"📸 Screenshot saved to debug-product.png","timestamp":"2026-06-25T11:40:55.391Z"}
{"level":"info","message":"✅ Extracted: DEPART POLO","timestamp":"2026-06-25T11:40:55.418Z"}
{"level":"info","message":"   📸 Images: 30","timestamp":"2026-06-25T11:40:55.418Z"}
{"level":"info","message":"   📏 Variant Type: Taille (taille)","timestamp":"2026-06-25T11:40:55.419Z"}
{"level":"info","message":"   📏 Variants: 5","timestamp":"2026-06-25T11:40:55.419Z"}
{"level":"info","message":"   💰 Price: 2010 DA","timestamp":"2026-06-25T11:40:55.419Z"}
{"level":"info","message":"   📦 Total stock: 114","timestamp":"2026-06-25T11:40:55.419Z"}
{"level":"info","message":"   📏 Tailles:","timestamp":"2026-06-25T11:40:55.419Z"}
{"level":"info","message":"      S: 15 pieces","timestamp":"2026-06-25T11:40:55.419Z"}
{"level":"info","message":"      M: 29 pieces","timestamp":"2026-06-25T11:40:55.419Z"}
{"level":"info","message":"      L: 30 pieces","timestamp":"2026-06-25T11:40:55.419Z"}
{"level":"info","message":"      XL: 25 pieces","timestamp":"2026-06-25T11:40:55.419Z"}
{"level":"info","message":"      2XL: 15 pieces","timestamp":"2026-06-25T11:40:55.419Z"}
{"level":"info","message":"💾 Product saved to product-11257.json","timestamp":"2026-06-25T11:40:55.420Z"}
{"level":"info","message":"Browser closed","timestamp":"2026-06-25T11:40:55.665Z"}
{"level":"info","message":"Browser initialized","timestamp":"2026-06-25T11:43:25.849Z"}
{"level":"info","message":"Logging in to Kimland...","timestamp":"2026-06-25T11:43:25.863Z"}
{"level":"info","message":"✅ Email filled using selector: input[type=\"email\"]","timestamp":"2026-06-25T11:43:27.962Z"}
{"level":"info","message":"✅ Username filled using selector: input[name=\"username\"]","timestamp":"2026-06-25T11:43:27.975Z"}
{"level":"info","message":"✅ Password filled using selector: input[type=\"password\"]","timestamp":"2026-06-25T11:43:27.993Z"}
{"level":"info","message":"✅ Login clicked using selector: button[type=\"submit\"]","timestamp":"2026-06-25T11:43:28.045Z"}
{"level":"info","message":"Current URL after login: https://kimland.dz/app/client/index.php","timestamp":"2026-06-25T11:43:29.844Z"}
{"level":"info","message":"✅ Login successful!","timestamp":"2026-06-25T11:43:29.844Z"}
{"level":"info","message":"📋 Extracting product from: https://kimland.dz/product/11257/depart-polo/","timestamp":"2026-06-25T11:43:29.845Z"}
{"level":"info","message":"✅ Extracted: DEPART POLO","timestamp":"2026-06-25T11:43:36.259Z"}
{"level":"info","message":"   📸 Images: 1","timestamp":"2026-06-25T11:43:36.260Z"}
{"level":"info","message":"   📏 Variant Type: Taille (taille)","timestamp":"2026-06-25T11:43:36.260Z"}
{"level":"info","message":"   📏 Variants: 5","timestamp":"2026-06-25T11:43:36.260Z"}
{"level":"info","message":"   💰 Price: 2010 DA","timestamp":"2026-06-25T11:43:36.260Z"}
{"level":"info","message":"   📦 Total stock: 114","timestamp":"2026-06-25T11:43:36.261Z"}
{"level":"info","message":"   📏 Tailles:","timestamp":"2026-06-25T11:43:36.261Z"}
{"level":"info","message":"      S: 15 pieces","timestamp":"2026-06-25T11:43:36.261Z"}
{"level":"info","message":"      M: 29 pieces","timestamp":"2026-06-25T11:43:36.261Z"}
{"level":"info","message":"      L: 30 pieces","timestamp":"2026-06-25T11:43:36.262Z"}
{"level":"info","message":"      XL: 25 pieces","timestamp":"2026-06-25T11:43:36.262Z"}
{"level":"info","message":"      2XL: 15 pieces","timestamp":"2026-06-25T11:43:36.262Z"}
{"level":"info","message":"💾 Product saved to product-11257.json","timestamp":"2026-06-25T11:43:36.263Z"}
{"level":"info","message":"Browser closed","timestamp":"2026-06-25T11:43:36.521Z"}
{"level":"info","message":"Browser initialized","timestamp":"2026-06-25T11:47:29.616Z"}
{"level":"info","message":"Logging in to Kimland...","timestamp":"2026-06-25T11:47:29.621Z"}
{"level":"info","message":"✅ Email filled using selector: input[type=\"email\"]","timestamp":"2026-06-25T11:47:31.761Z"}
{"level":"info","message":"✅ Username filled using selector: input[name=\"username\"]","timestamp":"2026-06-25T11:47:31.779Z"}
{"level":"info","message":"✅ Password filled using selector: input[type=\"password\"]","timestamp":"2026-06-25T11:47:31.808Z"}
{"level":"info","message":"✅ Login clicked using selector: button[type=\"submit\"]","timestamp":"2026-06-25T11:47:31.853Z"}
{"level":"info","message":"Current URL after login: https://kimland.dz/app/client/index.php","timestamp":"2026-06-25T11:47:33.612Z"}
{"level":"info","message":"✅ Login successful!","timestamp":"2026-06-25T11:47:33.612Z"}
{"level":"info","message":"📋 Extracting product from: https://kimland.dz/product/11257/depart-polo/","timestamp":"2026-06-25T11:47:33.613Z"}
{"level":"info","message":"✅ Extracted: DEPART POLO","timestamp":"2026-06-25T11:47:40.126Z"}
{"level":"info","message":"   📸 Images: 18","timestamp":"2026-06-25T11:47:40.126Z"}
{"level":"info","message":"   📏 Variant Type: Taille (taille)","timestamp":"2026-06-25T11:47:40.127Z"}
{"level":"info","message":"   📏 Variants: 5","timestamp":"2026-06-25T11:47:40.127Z"}
{"level":"info","message":"   💰 Price: 2010 DA","timestamp":"2026-06-25T11:47:40.127Z"}
{"level":"info","message":"   📦 Total stock: 114","timestamp":"2026-06-25T11:47:40.128Z"}
{"level":"info","message":"   📏 Tailles:","timestamp":"2026-06-25T11:47:40.128Z"}
{"level":"info","message":"      S: 15 pieces","timestamp":"2026-06-25T11:47:40.128Z"}
{"level":"info","message":"      M: 29 pieces","timestamp":"2026-06-25T11:47:40.129Z"}
{"level":"info","message":"      L: 30 pieces","timestamp":"2026-06-25T11:47:40.129Z"}
{"level":"info","message":"      XL: 25 pieces","timestamp":"2026-06-25T11:47:40.129Z"}
{"level":"info","message":"      2XL: 15 pieces","timestamp":"2026-06-25T11:47:40.129Z"}
{"level":"info","message":"   📸 Image URLs:","timestamp":"2026-06-25T11:47:40.129Z"}
{"level":"info","message":"      1: https://kimland.dz/upload/ff0c3e330683153e.jpg","timestamp":"2026-06-25T11:47:40.130Z"}
{"level":"info","message":"      2: https://kimland.dz/upload/thumbs/ff0c3e330683153e.jpg","timestamp":"2026-06-25T11:47:40.130Z"}
{"level":"info","message":"      3: https://kimland.dz/upload/thumbs/d36d4a17f760aac5.jpg","timestamp":"2026-06-25T11:47:40.130Z"}
{"level":"info","message":"      4: https://kimland.dz/upload/thumbs/7ac5a726467ade6b.jpg","timestamp":"2026-06-25T11:47:40.130Z"}
{"level":"info","message":"      5: https://kimland.dz/upload/thumbs/66012c821fc01ec4.jpg","timestamp":"2026-06-25T11:47:40.131Z"}
{"level":"info","message":"      6: https://kimland.dz/upload/thumbs/e03acb7c4136fe64.jpg","timestamp":"2026-06-25T11:47:40.131Z"}
{"level":"info","message":"      7: https://kimland.dz/upload/thumbs/838cfa5582b56951.jpg","timestamp":"2026-06-25T11:47:40.131Z"}
{"level":"info","message":"      8: https://kimland.dz/upload/thumbs/64660276-66864845.jpg","timestamp":"2026-06-25T11:47:40.132Z"}
{"level":"info","message":"      9: https://kimland.dz/upload/thumbs/40339399-37559090.jpg","timestamp":"2026-06-25T11:47:40.132Z"}
{"level":"info","message":"      10: https://kimland.dz/upload/thumbs/13930288-18553624.jpg","timestamp":"2026-06-25T11:47:40.132Z"}
{"level":"info","message":"      11: https://kimland.dz/upload/thumbs/12598500-56068296.jpg","timestamp":"2026-06-25T11:47:40.133Z"}
{"level":"info","message":"      12: https://kimland.dz/upload/thumbs/91398497-45745705.jpg","timestamp":"2026-06-25T11:47:40.133Z"}
{"level":"info","message":"      13: https://kimland.dz/upload/thumbs/59846810-68312981.jpg","timestamp":"2026-06-25T11:47:40.133Z"}
{"level":"info","message":"      14: https://kimland.dz/upload/thumbs/74800763-31939570.jpg","timestamp":"2026-06-25T11:47:40.134Z"}
{"level":"info","message":"      15: https://kimland.dz/upload/thumbs/839574576.jpg","timestamp":"2026-06-25T11:47:40.134Z"}
{"level":"info","message":"      16: https://kimland.dz/upload/thumbs/79319438-09596362.jpeg","timestamp":"2026-06-25T11:47:40.135Z"}
{"level":"info","message":"      17: https://kimland.dz/upload/thumbs/18759693-75828199.jpg","timestamp":"2026-06-25T11:47:40.135Z"}
{"level":"info","message":"      18: https://kimland.dz/upload/thumbs/62541395-56028193.jpg","timestamp":"2026-06-25T11:47:40.135Z"}
{"level":"info","message":"💾 Product saved to product-11257.json","timestamp":"2026-06-25T11:47:40.136Z"}
{"level":"info","message":"Browser closed","timestamp":"2026-06-25T11:47:40.398Z"}
{"level":"info","message":"Browser initialized","timestamp":"2026-06-25T12:32:56.087Z"}
{"level":"info","message":"Logging in to Kimland...","timestamp":"2026-06-25T12:32:56.096Z"}
{"level":"info","message":"✅ Email filled using selector: input[type=\"email\"]","timestamp":"2026-06-25T12:32:58.985Z"}
{"level":"info","message":"✅ Username filled using selector: input[name=\"username\"]","timestamp":"2026-06-25T12:32:59.012Z"}
{"level":"info","message":"✅ Password filled using selector: input[type=\"password\"]","timestamp":"2026-06-25T12:32:59.032Z"}
{"level":"info","message":"✅ Login clicked using selector: button[type=\"submit\"]","timestamp":"2026-06-25T12:32:59.082Z"}
{"level":"info","message":"Current URL after login: https://kimland.dz/app/client/index.php","timestamp":"2026-06-25T12:33:00.865Z"}
{"level":"info","message":"✅ Login successful!","timestamp":"2026-06-25T12:33:00.865Z"}
{"level":"info","message":"📋 Extracting product from: https://kimland.dz/product/11257/depart-polo/","timestamp":"2026-06-25T12:33:00.866Z"}
{"level":"info","message":"✅ Extracted: DEPART POLO","timestamp":"2026-06-25T12:33:07.166Z"}
{"level":"info","message":"   📸 Images: 5","timestamp":"2026-06-25T12:33:07.167Z"}
{"level":"info","message":"   📏 Variant Type: Taille (taille)","timestamp":"2026-06-25T12:33:07.167Z"}
{"level":"info","message":"   📏 Variants: 5","timestamp":"2026-06-25T12:33:07.167Z"}
{"level":"info","message":"   💰 Price: 2010 DA","timestamp":"2026-06-25T12:33:07.167Z"}
{"level":"info","message":"   📦 Total stock: 114","timestamp":"2026-06-25T12:33:07.167Z"}
{"level":"info","message":"   📏 Tailles:","timestamp":"2026-06-25T12:33:07.168Z"}
{"level":"info","message":"      S: 15 pieces","timestamp":"2026-06-25T12:33:07.168Z"}
{"level":"info","message":"      M: 29 pieces","timestamp":"2026-06-25T12:33:07.168Z"}
{"level":"info","message":"      L: 30 pieces","timestamp":"2026-06-25T12:33:07.168Z"}
{"level":"info","message":"      XL: 25 pieces","timestamp":"2026-06-25T12:33:07.168Z"}
{"level":"info","message":"      2XL: 15 pieces","timestamp":"2026-06-25T12:33:07.168Z"}
{"level":"info","message":"   📸 Image URLs:","timestamp":"2026-06-25T12:33:07.169Z"}
{"level":"info","message":"      1: https://kimland.dz/upload/ff0c3e330683153e.jpg","timestamp":"2026-06-25T12:33:07.169Z"}
{"level":"info","message":"      2: https://kimland.dz/upload/d36d4a17f760aac5.jpg","timestamp":"2026-06-25T12:33:07.169Z"}
{"level":"info","message":"      3: https://kimland.dz/upload/7ac5a726467ade6b.jpg","timestamp":"2026-06-25T12:33:07.169Z"}
{"level":"info","message":"      4: https://kimland.dz/upload/66012c821fc01ec4.jpg","timestamp":"2026-06-25T12:33:07.169Z"}
{"level":"info","message":"      5: https://kimland.dz/upload/e03acb7c4136fe64.jpg","timestamp":"2026-06-25T12:33:07.169Z"}
{"level":"info","message":"💾 Product saved to product-11257.json","timestamp":"2026-06-25T12:33:07.170Z"}
{"level":"info","message":"Browser closed","timestamp":"2026-06-25T12:33:07.492Z"}
{"level":"info","message":"Browser initialized","timestamp":"2026-06-25T12:34:05.740Z"}
{"level":"info","message":"Logging in to Kimland...","timestamp":"2026-06-25T12:34:05.741Z"}
{"level":"info","message":"✅ Email filled using selector: input[type=\"email\"]","timestamp":"2026-06-25T12:34:07.514Z"}
{"level":"info","message":"✅ Username filled using selector: input[name=\"username\"]","timestamp":"2026-06-25T12:34:07.526Z"}
{"level":"info","message":"✅ Password filled using selector: input[type=\"password\"]","timestamp":"2026-06-25T12:34:07.548Z"}
{"level":"info","message":"✅ Login clicked using selector: button[type=\"submit\"]","timestamp":"2026-06-25T12:34:07.589Z"}
{"level":"info","message":"Current URL after login: https://kimland.dz/app/client/index.php","timestamp":"2026-06-25T12:34:09.237Z"}
{"level":"info","message":"✅ Login successful!","timestamp":"2026-06-25T12:34:09.238Z"}
{"level":"info","message":"📋 Extracting product from: https://kimland.dz/product/10739/septwolves-trappeur-black/","timestamp":"2026-06-25T12:34:09.238Z"}
{"level":"info","message":"✅ Extracted: SEPTWOLVES TRAPPEUR BLACK","timestamp":"2026-06-25T12:34:15.874Z"}
{"level":"info","message":"   📸 Images: 11","timestamp":"2026-06-25T12:34:15.874Z"}
{"level":"info","message":"   📏 Variant Type: Pointure (pointure)","timestamp":"2026-06-25T12:34:15.875Z"}
{"level":"info","message":"   📏 Variants: 6","timestamp":"2026-06-25T12:34:15.875Z"}
{"level":"info","message":"   💰 Price: 4900 DA","timestamp":"2026-06-25T12:34:15.876Z"}
{"level":"info","message":"   📦 Total stock: 90","timestamp":"2026-06-25T12:34:15.876Z"}
{"level":"info","message":"   📏 Pointures:","timestamp":"2026-06-25T12:34:15.876Z"}
{"level":"info","message":"      40: 20 pieces","timestamp":"2026-06-25T12:34:15.877Z"}
{"level":"info","message":"      41: 13 pieces","timestamp":"2026-06-25T12:34:15.877Z"}
{"level":"info","message":"      42: 19 pieces","timestamp":"2026-06-25T12:34:15.877Z"}
{"level":"info","message":"      43: 8 pieces","timestamp":"2026-06-25T12:34:15.878Z"}
{"level":"info","message":"      38: 10 pieces","timestamp":"2026-06-25T12:34:15.878Z"}
{"level":"info","message":"      39: 20 pieces","timestamp":"2026-06-25T12:34:15.878Z"}
{"level":"info","message":"   📸 Image URLs:","timestamp":"2026-06-25T12:34:15.879Z"}
{"level":"info","message":"      1: https://kimland.dz/upload/01088835-63359039.jpg","timestamp":"2026-06-25T12:34:15.879Z"}
{"level":"info","message":"      2: https://kimland.dz/upload/34720029-58097690.jpg","timestamp":"2026-06-25T12:34:15.879Z"}
{"level":"info","message":"      3: https://kimland.dz/upload/24456014-98470836.jpg","timestamp":"2026-06-25T12:34:15.880Z"}
{"level":"info","message":"      4: https://kimland.dz/upload/10223667-65743292.jpg","timestamp":"2026-06-25T12:34:15.880Z"}
{"level":"info","message":"      5: https://kimland.dz/upload/98733083-51755979.jpg","timestamp":"2026-06-25T12:34:15.880Z"}
{"level":"info","message":"      6: https://kimland.dz/upload/58333061-95826284.jpg","timestamp":"2026-06-25T12:34:15.880Z"}
{"level":"info","message":"      7: https://kimland.dz/upload/26231115-57981587.jpg","timestamp":"2026-06-25T12:34:15.880Z"}
{"level":"info","message":"      8: https://kimland.dz/upload/73785153-26977941.jpg","timestamp":"2026-06-25T12:34:15.881Z"}
{"level":"info","message":"      9: https://kimland.dz/upload/20655241-43938177.jpg","timestamp":"2026-06-25T12:34:15.881Z"}
{"level":"info","message":"      10: https://kimland.dz/upload/10935223-38376241.jpg","timestamp":"2026-06-25T12:34:15.881Z"}
{"level":"info","message":"      11: https://kimland.dz/upload/43751104-64541093.jpg","timestamp":"2026-06-25T12:34:15.881Z"}
{"level":"info","message":"💾 Product saved to product-10739.json","timestamp":"2026-06-25T12:34:15.883Z"}
{"level":"info","message":"Browser closed","timestamp":"2026-06-25T12:34:16.167Z"}
{"level":"info","message":"Browser initialized","timestamp":"2026-06-25T12:43:02.067Z"}
{"level":"info","message":"Logging in to Kimland...","timestamp":"2026-06-25T12:43:02.074Z"}
{"level":"info","message":"✅ Email filled using selector: input[type=\"email\"]","timestamp":"2026-06-25T12:43:04.045Z"}
{"level":"info","message":"✅ Username filled using selector: input[name=\"username\"]","timestamp":"2026-06-25T12:43:04.057Z"}
{"level":"info","message":"✅ Password filled using selector: input[type=\"password\"]","timestamp":"2026-06-25T12:43:04.073Z"}
{"level":"info","message":"✅ Login clicked using selector: button[type=\"submit\"]","timestamp":"2026-06-25T12:43:04.122Z"}
{"level":"info","message":"Current URL after login: https://kimland.dz/app/client/index.php","timestamp":"2026-06-25T12:43:05.998Z"}
{"level":"info","message":"✅ Login successful!","timestamp":"2026-06-25T12:43:05.999Z"}
{"level":"info","message":"📋 Extracting product from: https://kimland.dz/product/10739/septwolves-trappeur-black/","timestamp":"2026-06-25T12:43:06.001Z"}
{"level":"info","message":"✅ Extracted: SEPTWOLVES TRAPPEUR BLACK","timestamp":"2026-06-25T12:43:12.767Z"}
{"level":"info","message":"   📸 Images: 11","timestamp":"2026-06-25T12:43:12.767Z"}
{"level":"info","message":"   💰 Selling Price: 7500 DA","timestamp":"2026-06-25T12:43:12.767Z"}
{"level":"info","message":"   💰 Cost Price: 4900 DA","timestamp":"2026-06-25T12:43:12.767Z"}
{"level":"info","message":"   📏 Variant Type: Pointure (pointure)","timestamp":"2026-06-25T12:43:12.767Z"}
{"level":"info","message":"   📏 Variants: 6","timestamp":"2026-06-25T12:43:12.768Z"}
{"level":"info","message":"   📦 Total stock: 90","timestamp":"2026-06-25T12:43:12.768Z"}
{"level":"info","message":"   📏 Pointures:","timestamp":"2026-06-25T12:43:12.768Z"}
{"level":"info","message":"      40: 20 pieces","timestamp":"2026-06-25T12:43:12.768Z"}
{"level":"info","message":"      41: 13 pieces","timestamp":"2026-06-25T12:43:12.769Z"}
{"level":"info","message":"      42: 19 pieces","timestamp":"2026-06-25T12:43:12.769Z"}
{"level":"info","message":"      43: 8 pieces","timestamp":"2026-06-25T12:43:12.769Z"}
{"level":"info","message":"      38: 10 pieces","timestamp":"2026-06-25T12:43:12.769Z"}
{"level":"info","message":"      39: 20 pieces","timestamp":"2026-06-25T12:43:12.769Z"}
{"level":"info","message":"💾 Product saved to product-10739.json","timestamp":"2026-06-25T12:43:12.770Z"}
{"level":"info","message":"Browser closed","timestamp":"2026-06-25T12:43:13.102Z"}
{"level":"info","message":"Browser initialized","timestamp":"2026-06-25T12:45:36.694Z"}
{"level":"info","message":"Logging in to Kimland...","timestamp":"2026-06-25T12:45:36.696Z"}
{"level":"info","message":"✅ Email filled using selector: input[type=\"email\"]","timestamp":"2026-06-25T12:45:38.323Z"}
{"level":"info","message":"✅ Username filled using selector: input[name=\"username\"]","timestamp":"2026-06-25T12:45:38.332Z"}
{"level":"info","message":"✅ Password filled using selector: input[type=\"password\"]","timestamp":"2026-06-25T12:45:38.344Z"}
{"level":"info","message":"✅ Login clicked using selector: button[type=\"submit\"]","timestamp":"2026-06-25T12:45:38.392Z"}
{"level":"info","message":"Current URL after login: https://kimland.dz/app/client/index.php","timestamp":"2026-06-25T12:45:40.101Z"}
{"level":"info","message":"✅ Login successful!","timestamp":"2026-06-25T12:45:40.102Z"}
{"level":"info","message":"📋 Extracting product from: https://kimland.dz/product/10739/septwolves-trappeur-black/","timestamp":"2026-06-25T12:45:40.102Z"}
{"level":"info","message":"✅ Extracted: SEPTWOLVES TRAPPEUR BLACK","timestamp":"2026-06-25T12:45:46.909Z"}
{"level":"info","message":"   📸 Images: 11","timestamp":"2026-06-25T12:45:46.909Z"}
{"level":"info","message":"   💰 Selling Price: 7500 DA","timestamp":"2026-06-25T12:45:46.909Z"}
{"level":"info","message":"   💰 Cost Price: 4900 DA","timestamp":"2026-06-25T12:45:46.910Z"}
{"level":"info","message":"   📏 Variant Type: Pointure (pointure)","timestamp":"2026-06-25T12:45:46.910Z"}
{"level":"info","message":"   📏 Variants: 6","timestamp":"2026-06-25T12:45:46.910Z"}
{"level":"info","message":"   📦 Total stock: 90","timestamp":"2026-06-25T12:45:46.910Z"}
{"level":"info","message":"   📏 Pointures:","timestamp":"2026-06-25T12:45:46.910Z"}
{"level":"info","message":"      40: 20 pieces","timestamp":"2026-06-25T12:45:46.910Z"}
{"level":"info","message":"      41: 13 pieces","timestamp":"2026-06-25T12:45:46.911Z"}
{"level":"info","message":"      42: 19 pieces","timestamp":"2026-06-25T12:45:46.911Z"}
{"level":"info","message":"      43: 8 pieces","timestamp":"2026-06-25T12:45:46.911Z"}
{"level":"info","message":"      38: 10 pieces","timestamp":"2026-06-25T12:45:46.911Z"}
{"level":"info","message":"      39: 20 pieces","timestamp":"2026-06-25T12:45:46.911Z"}
{"level":"info","message":"💾 Product saved to product-10739.json","timestamp":"2026-06-25T12:45:46.913Z"}
{"level":"info","message":"Browser closed","timestamp":"2026-06-25T12:45:47.195Z"}
{"level":"info","message":"Browser initialized","timestamp":"2026-06-25T12:46:16.745Z"}
{"level":"info","message":"Logging in to Kimland...","timestamp":"2026-06-25T12:46:16.748Z"}
{"level":"info","message":"✅ Email filled using selector: input[type=\"email\"]","timestamp":"2026-06-25T12:46:19.005Z"}
{"level":"info","message":"✅ Username filled using selector: input[name=\"username\"]","timestamp":"2026-06-25T12:46:19.020Z"}
{"level":"info","message":"✅ Password filled using selector: input[type=\"password\"]","timestamp":"2026-06-25T12:46:19.036Z"}
{"level":"info","message":"✅ Login clicked using selector: button[type=\"submit\"]","timestamp":"2026-06-25T12:46:19.073Z"}
{"level":"info","message":"Current URL after login: https://kimland.dz/app/client/index.php","timestamp":"2026-06-25T12:46:20.767Z"}
{"level":"info","message":"✅ Login successful!","timestamp":"2026-06-25T12:46:20.767Z"}
{"level":"info","message":"📋 Extracting product from: https://kimland.dz/product/11257/depart-polo/","timestamp":"2026-06-25T12:46:20.768Z"}
{"level":"info","message":"✅ Extracted: DEPART POLO","timestamp":"2026-06-25T12:46:27.522Z"}
{"level":"info","message":"   📸 Images: 5","timestamp":"2026-06-25T12:46:27.522Z"}
{"level":"info","message":"   💰 Selling Price: 2900 DA","timestamp":"2026-06-25T12:46:27.522Z"}
{"level":"info","message":"   💰 Cost Price: 2010 DA","timestamp":"2026-06-25T12:46:27.522Z"}
{"level":"info","message":"   📏 Variant Type: Taille (taille)","timestamp":"2026-06-25T12:46:27.522Z"}
{"level":"info","message":"   📏 Variants: 5","timestamp":"2026-06-25T12:46:27.522Z"}
{"level":"info","message":"   📦 Total stock: 114","timestamp":"2026-06-25T12:46:27.523Z"}
{"level":"info","message":"   📏 Tailles:","timestamp":"2026-06-25T12:46:27.523Z"}
{"level":"info","message":"      S: 15 pieces","timestamp":"2026-06-25T12:46:27.523Z"}
{"level":"info","message":"      M: 29 pieces","timestamp":"2026-06-25T12:46:27.523Z"}
{"level":"info","message":"      L: 30 pieces","timestamp":"2026-06-25T12:46:27.523Z"}
{"level":"info","message":"      XL: 25 pieces","timestamp":"2026-06-25T12:46:27.523Z"}
{"level":"info","message":"      2XL: 15 pieces","timestamp":"2026-06-25T12:46:27.524Z"}
{"level":"info","message":"💾 Product saved to product-11257.json","timestamp":"2026-06-25T12:46:27.525Z"}
{"level":"info","message":"Browser closed","timestamp":"2026-06-25T12:46:27.811Z"}
{"level":"info","message":"Browser initialized","timestamp":"2026-06-25T12:48:35.909Z"}
{"level":"info","message":"Logging in to Kimland...","timestamp":"2026-06-25T12:48:35.913Z"}
{"level":"info","message":"✅ Email filled using selector: input[type=\"email\"]","timestamp":"2026-06-25T12:48:37.794Z"}
{"level":"info","message":"✅ Username filled using selector: input[name=\"username\"]","timestamp":"2026-06-25T12:48:37.808Z"}
{"level":"info","message":"✅ Password filled using selector: input[type=\"password\"]","timestamp":"2026-06-25T12:48:37.823Z"}
{"level":"info","message":"✅ Login clicked using selector: button[type=\"submit\"]","timestamp":"2026-06-25T12:48:37.878Z"}
{"level":"info","message":"Current URL after login: https://kimland.dz/app/client/index.php","timestamp":"2026-06-25T12:48:39.601Z"}
{"level":"info","message":"✅ Login successful!","timestamp":"2026-06-25T12:48:39.602Z"}
{"level":"info","message":"📋 Extracting product from: https://kimland.dz/product/11257/depart-polo/","timestamp":"2026-06-25T12:48:39.603Z"}
{"level":"info","message":"✅ Extracted: DEPART POLO","timestamp":"2026-06-25T12:48:46.050Z"}
{"level":"info","message":"   📸 Images: 5","timestamp":"2026-06-25T12:48:46.051Z"}
{"level":"info","message":"   💰 Selling Price: 2900 DA","timestamp":"2026-06-25T12:48:46.051Z"}
{"level":"info","message":"   💰 Cost Price: 2010 DA","timestamp":"2026-06-25T12:48:46.051Z"}
{"level":"info","message":"   📏 Variant Type: Taille (taille)","timestamp":"2026-06-25T12:48:46.052Z"}
{"level":"info","message":"   📏 Variants: 5","timestamp":"2026-06-25T12:48:46.052Z"}
{"level":"info","message":"   📦 Total stock: 114","timestamp":"2026-06-25T12:48:46.052Z"}
{"level":"info","message":"   📏 Tailles:","timestamp":"2026-06-25T12:48:46.052Z"}
{"level":"info","message":"      S: 15 pieces","timestamp":"2026-06-25T12:48:46.053Z"}
{"level":"info","message":"      M: 29 pieces","timestamp":"2026-06-25T12:48:46.053Z"}
{"level":"info","message":"      L: 30 pieces","timestamp":"2026-06-25T12:48:46.053Z"}
{"level":"info","message":"      XL: 25 pieces","timestamp":"2026-06-25T12:48:46.053Z"}
{"level":"info","message":"      2XL: 15 pieces","timestamp":"2026-06-25T12:48:46.053Z"}
{"level":"info","message":"💾 Product saved to product-11257.json","timestamp":"2026-06-25T12:48:46.054Z"}
{"level":"info","message":"Browser closed","timestamp":"2026-06-25T12:48:46.364Z"}
{"level":"info","message":"Browser initialized","timestamp":"2026-06-25T12:49:06.161Z"}
{"level":"info","message":"Logging in to Kimland...","timestamp":"2026-06-25T12:49:06.162Z"}
{"level":"info","message":"✅ Email filled using selector: input[type=\"email\"]","timestamp":"2026-06-25T12:49:07.919Z"}
{"level":"info","message":"✅ Username filled using selector: input[name=\"username\"]","timestamp":"2026-06-25T12:49:07.929Z"}
{"level":"info","message":"✅ Password filled using selector: input[type=\"password\"]","timestamp":"2026-06-25T12:49:07.942Z"}
{"level":"info","message":"✅ Login clicked using selector: button[type=\"submit\"]","timestamp":"2026-06-25T12:49:07.981Z"}
{"level":"info","message":"Current URL after login: https://kimland.dz/app/client/index.php","timestamp":"2026-06-25T12:49:09.812Z"}
{"level":"info","message":"✅ Login successful!","timestamp":"2026-06-25T12:49:09.812Z"}
{"level":"info","message":"📋 Extracting product from: https://kimland.dz/product/11257/depart-polo/","timestamp":"2026-06-25T12:49:09.812Z"}
{"level":"info","message":"✅ Extracted: DEPART POLO","timestamp":"2026-06-25T12:49:16.060Z"}
{"level":"info","message":"   📸 Images: 5","timestamp":"2026-06-25T12:49:16.061Z"}
{"level":"info","message":"   💰 Selling Price: 2900 DA","timestamp":"2026-06-25T12:49:16.061Z"}
{"level":"info","message":"   💰 Cost Price: 2010 DA","timestamp":"2026-06-25T12:49:16.061Z"}
{"level":"info","message":"   📏 Variant Type: Taille (taille)","timestamp":"2026-06-25T12:49:16.061Z"}
{"level":"info","message":"   📏 Variants: 5","timestamp":"2026-06-25T12:49:16.061Z"}
{"level":"info","message":"   📦 Total stock: 114","timestamp":"2026-06-25T12:49:16.061Z"}
{"level":"info","message":"   📏 Tailles:","timestamp":"2026-06-25T12:49:16.062Z"}
{"level":"info","message":"      S: 15 pieces","timestamp":"2026-06-25T12:49:16.062Z"}
{"level":"info","message":"      M: 29 pieces","timestamp":"2026-06-25T12:49:16.062Z"}
{"level":"info","message":"      L: 30 pieces","timestamp":"2026-06-25T12:49:16.062Z"}
{"level":"info","message":"      XL: 25 pieces","timestamp":"2026-06-25T12:49:16.062Z"}
{"level":"info","message":"      2XL: 15 pieces","timestamp":"2026-06-25T12:49:16.062Z"}
{"level":"info","message":"💾 Product saved to product-11257.json","timestamp":"2026-06-25T12:49:16.064Z"}
{"level":"info","message":"Browser closed","timestamp":"2026-06-25T12:49:16.348Z"}
{"level":"info","message":"Browser initialized","timestamp":"2026-06-25T12:54:54.451Z"}
{"level":"info","message":"Logging in to Kimland...","timestamp":"2026-06-25T12:54:54.453Z"}
{"level":"info","message":"✅ Email filled using selector: input[type=\"email\"]","timestamp":"2026-06-25T12:54:56.046Z"}
{"level":"info","message":"✅ Username filled using selector: input[name=\"username\"]","timestamp":"2026-06-25T12:54:56.055Z"}
{"level":"info","message":"✅ Password filled using selector: input[type=\"password\"]","timestamp":"2026-06-25T12:54:56.067Z"}
{"level":"info","message":"✅ Login clicked using selector: button[type=\"submit\"]","timestamp":"2026-06-25T12:54:56.106Z"}
{"level":"info","message":"Current URL after login: https://kimland.dz/app/client/index.php","timestamp":"2026-06-25T12:54:57.871Z"}
{"level":"info","message":"✅ Login successful!","timestamp":"2026-06-25T12:54:57.873Z"}
{"level":"info","message":"📋 Extracting product from: https://kimland.dz/product/10206/lumberjack-jogger-beige/","timestamp":"2026-06-25T12:54:57.873Z"}
{"level":"info","message":"✅ Extracted: LUMBERJACK JOGGER BEIGE","timestamp":"2026-06-25T12:55:04.076Z"}
{"level":"info","message":"   📸 Images: 4","timestamp":"2026-06-25T12:55:04.077Z"}
{"level":"info","message":"   💰 Selling Price: 5200 DA","timestamp":"2026-06-25T12:55:04.078Z"}
{"level":"info","message":"   💰 Cost Price: 3360 DA","timestamp":"2026-06-25T12:55:04.078Z"}
{"level":"info","message":"   📏 Variant Type: Taille (taille)","timestamp":"2026-06-25T12:55:04.078Z"}
{"level":"info","message":"   📏 Variants: 6","timestamp":"2026-06-25T12:55:04.078Z"}
{"level":"info","message":"   📦 Total stock: 539","timestamp":"2026-06-25T12:55:04.078Z"}
{"level":"info","message":"   📏 Tailles:","timestamp":"2026-06-25T12:55:04.079Z"}
{"level":"info","message":"      S: 25 pieces","timestamp":"2026-06-25T12:55:04.079Z"}
{"level":"info","message":"      M: 70 pieces","timestamp":"2026-06-25T12:55:04.079Z"}
{"level":"info","message":"      L: 148 pieces","timestamp":"2026-06-25T12:55:04.079Z"}
{"level":"info","message":"      XL: 150 pieces","timestamp":"2026-06-25T12:55:04.079Z"}
{"level":"info","message":"      2XL: 94 pieces","timestamp":"2026-06-25T12:55:04.079Z"}
{"level":"info","message":"      3XL: 52 pieces","timestamp":"2026-06-25T12:55:04.080Z"}
{"level":"info","message":"💾 Product saved to product-10206.json","timestamp":"2026-06-25T12:55:04.082Z"}
{"level":"info","message":"Browser closed","timestamp":"2026-06-25T12:55:04.354Z"}
{"level":"info","message":"Browser initialized","timestamp":"2026-06-25T12:55:59.762Z"}
{"level":"info","message":"Logging in to Kimland...","timestamp":"2026-06-25T12:55:59.763Z"}
{"level":"info","message":"✅ Email filled using selector: input[type=\"email\"]","timestamp":"2026-06-25T12:56:01.452Z"}
{"level":"info","message":"✅ Username filled using selector: input[name=\"username\"]","timestamp":"2026-06-25T12:56:01.462Z"}
{"level":"info","message":"✅ Password filled using selector: input[type=\"password\"]","timestamp":"2026-06-25T12:56:01.476Z"}
{"level":"info","message":"✅ Login clicked using selector: button[type=\"submit\"]","timestamp":"2026-06-25T12:56:01.510Z"}
{"level":"info","message":"Current URL after login: https://kimland.dz/app/client/index.php","timestamp":"2026-06-25T12:56:03.224Z"}
{"level":"info","message":"✅ Login successful!","timestamp":"2026-06-25T12:56:03.224Z"}
{"level":"info","message":"📋 Extracting product from: https://kimland.dz/product/10206/lumberjack-jogger-beige/","timestamp":"2026-06-25T12:56:03.225Z"}
{"level":"info","message":"✅ Extracted: LUMBERJACK JOGGER BEIGE","timestamp":"2026-06-25T12:56:09.873Z"}
{"level":"info","message":"   📸 Images: 4","timestamp":"2026-06-25T12:56:09.873Z"}
{"level":"info","message":"   💰 Selling Price: 5200 DA","timestamp":"2026-06-25T12:56:09.873Z"}
{"level":"info","message":"   💰 Cost Price: 3360 DA","timestamp":"2026-06-25T12:56:09.873Z"}
{"level":"info","message":"   📏 Variant Type: Taille (taille)","timestamp":"2026-06-25T12:56:09.874Z"}
{"level":"info","message":"   📏 Variants: 6","timestamp":"2026-06-25T12:56:09.874Z"}
{"level":"info","message":"   📦 Total stock: 539","timestamp":"2026-06-25T12:56:09.874Z"}
{"level":"info","message":"   📏 Tailles:","timestamp":"2026-06-25T12:56:09.875Z"}
{"level":"info","message":"      S: 25 pieces","timestamp":"2026-06-25T12:56:09.875Z"}
{"level":"info","message":"      M: 70 pieces","timestamp":"2026-06-25T12:56:09.875Z"}
{"level":"info","message":"      L: 148 pieces","timestamp":"2026-06-25T12:56:09.876Z"}
{"level":"info","message":"      XL: 150 pieces","timestamp":"2026-06-25T12:56:09.876Z"}
{"level":"info","message":"      2XL: 94 pieces","timestamp":"2026-06-25T12:56:09.876Z"}
{"level":"info","message":"      3XL: 52 pieces","timestamp":"2026-06-25T12:56:09.876Z"}
{"level":"info","message":"💾 Product saved to product-10206.json","timestamp":"2026-06-25T12:56:09.878Z"}
{"level":"info","message":"Browser closed","timestamp":"2026-06-25T12:56:10.142Z"}
{"level":"info","message":"Browser initialized in headless mode","timestamp":"2026-06-25T12:57:33.072Z"}
{"level":"info","message":"Logging in to Kimland...","timestamp":"2026-06-25T12:57:33.075Z"}
{"level":"info","message":"✅ Email filled using selector: input[type=\"email\"]","timestamp":"2026-06-25T12:57:37.703Z"}
{"level":"info","message":"✅ Username filled using selector: input[name=\"username\"]","timestamp":"2026-06-25T12:57:37.713Z"}
{"level":"info","message":"✅ Password filled using selector: input[type=\"password\"]","timestamp":"2026-06-25T12:57:37.729Z"}
{"level":"info","message":"✅ Login clicked using selector: button[type=\"submit\"]","timestamp":"2026-06-25T12:57:37.806Z"}
{"level":"info","message":"Current URL after login: https://kimland.dz/app/client/index.php","timestamp":"2026-06-25T12:57:39.647Z"}
{"level":"info","message":"✅ Login successful!","timestamp":"2026-06-25T12:57:39.647Z"}
{"level":"info","message":"📋 Extracting product from: https://kimland.dz/product/11257/depart-polo/","timestamp":"2026-06-25T12:57:39.648Z"}
{"level":"info","message":"✅ Extracted: DEPART POLO","timestamp":"2026-06-25T12:57:46.143Z"}
{"level":"info","message":"   📸 Images: 5","timestamp":"2026-06-25T12:57:46.144Z"}
{"level":"info","message":"   💰 Selling Price: 2900 DA","timestamp":"2026-06-25T12:57:46.144Z"}
{"level":"info","message":"   💰 Cost Price: 2010 DA","timestamp":"2026-06-25T12:57:46.145Z"}
{"level":"info","message":"   📏 Variant Type: Taille (taille)","timestamp":"2026-06-25T12:57:46.145Z"}
{"level":"info","message":"   📏 Variants: 5","timestamp":"2026-06-25T12:57:46.145Z"}
{"level":"info","message":"   📦 Total stock: 114","timestamp":"2026-06-25T12:57:46.146Z"}
{"level":"info","message":"   📏 Tailles:","timestamp":"2026-06-25T12:57:46.146Z"}
{"level":"info","message":"      S: 15 pieces","timestamp":"2026-06-25T12:57:46.147Z"}
{"level":"info","message":"      M: 29 pieces","timestamp":"2026-06-25T12:57:46.147Z"}
{"level":"info","message":"      L: 30 pieces","timestamp":"2026-06-25T12:57:46.147Z"}
{"level":"info","message":"      XL: 25 pieces","timestamp":"2026-06-25T12:57:46.147Z"}
{"level":"info","message":"      2XL: 15 pieces","timestamp":"2026-06-25T12:57:46.147Z"}
{"level":"info","message":"💾 Product saved to product-11257.json","timestamp":"2026-06-25T12:57:46.148Z"}
{"level":"info","message":"Browser closed","timestamp":"2026-06-25T12:57:46.274Z"}
{"level":"info","message":"Browser initialized in headless mode","timestamp":"2026-06-25T13:00:44.862Z"}
{"level":"info","message":"Logging in to Kimland...","timestamp":"2026-06-25T13:00:44.865Z"}
{"level":"info","message":"✅ Email filled using selector: input[type=\"email\"]","timestamp":"2026-06-25T13:00:46.292Z"}
{"level":"info","message":"✅ Username filled using selector: input[name=\"username\"]","timestamp":"2026-06-25T13:00:46.302Z"}
{"level":"info","message":"✅ Password filled using selector: input[type=\"password\"]","timestamp":"2026-06-25T13:00:46.312Z"}
{"level":"info","message":"✅ Login clicked using selector: button[type=\"submit\"]","timestamp":"2026-06-25T13:00:46.352Z"}
{"level":"info","message":"Current URL after login: https://kimland.dz/app/client/index.php","timestamp":"2026-06-25T13:00:48.046Z"}
{"level":"info","message":"✅ Login successful!","timestamp":"2026-06-25T13:00:48.047Z"}
{"level":"info","message":"📋 Extracting product from: https://kimland.dz/product/11257/depart-polo/","timestamp":"2026-06-25T13:00:48.048Z"}
{"level":"info","message":"✅ Extracted: DEPART POLO","timestamp":"2026-06-25T13:00:54.434Z"}
{"level":"info","message":"   📸 Images: 5","timestamp":"2026-06-25T13:00:54.434Z"}
{"level":"info","message":"   💰 Selling Price: 2900 DA","timestamp":"2026-06-25T13:00:54.434Z"}
{"level":"info","message":"   💰 Cost Price: 2010 DA","timestamp":"2026-06-25T13:00:54.435Z"}
{"level":"info","message":"   📏 Variant Type: Taille (taille)","timestamp":"2026-06-25T13:00:54.435Z"}
{"level":"info","message":"   📏 Variants: 5","timestamp":"2026-06-25T13:00:54.435Z"}
{"level":"info","message":"   📦 Total stock: 114","timestamp":"2026-06-25T13:00:54.435Z"}
{"level":"info","message":"   📏 Tailles:","timestamp":"2026-06-25T13:00:54.435Z"}
{"level":"info","message":"      S: 15 pieces","timestamp":"2026-06-25T13:00:54.436Z"}
{"level":"info","message":"      M: 29 pieces","timestamp":"2026-06-25T13:00:54.436Z"}
{"level":"info","message":"      L: 30 pieces","timestamp":"2026-06-25T13:00:54.436Z"}
{"level":"info","message":"      XL: 25 pieces","timestamp":"2026-06-25T13:00:54.436Z"}
{"level":"info","message":"      2XL: 15 pieces","timestamp":"2026-06-25T13:00:54.436Z"}
{"level":"info","message":"💾 Product saved to product-11257.json","timestamp":"2026-06-25T13:00:54.437Z"}
{"level":"info","message":"Browser closed","timestamp":"2026-06-25T13:00:54.521Z"}
{"level":"info","message":"Browser initialized in headless mode","timestamp":"2026-06-25T13:03:00.885Z"}
{"level":"info","message":"Logging in to Kimland...","timestamp":"2026-06-25T13:03:00.888Z"}
{"level":"info","message":"✅ Email filled using selector: input[type=\"email\"]","timestamp":"2026-06-25T13:03:03.352Z"}
{"level":"info","message":"✅ Username filled using selector: input[name=\"username\"]","timestamp":"2026-06-25T13:03:03.359Z"}
{"level":"info","message":"✅ Password filled using selector: input[type=\"password\"]","timestamp":"2026-06-25T13:03:03.368Z"}
{"level":"info","message":"✅ Login clicked using selector: button[type=\"submit\"]","timestamp":"2026-06-25T13:03:03.416Z"}
{"level":"info","message":"Current URL after login: https://kimland.dz/app/client/index.php","timestamp":"2026-06-25T13:03:05.269Z"}
{"level":"info","message":"✅ Login successful!","timestamp":"2026-06-25T13:03:05.270Z"}
{"level":"info","message":"📋 Extracting product from: https://kimland.dz/product/11257/depart-polo/","timestamp":"2026-06-25T13:03:05.271Z"}
{"level":"info","message":"✅ Extracted: DEPART POLO","timestamp":"2026-06-25T13:03:11.708Z"}
{"level":"info","message":"   📸 Images: 5","timestamp":"2026-06-25T13:03:11.709Z"}
{"level":"info","message":"   💰 Selling Price: 2900 DA","timestamp":"2026-06-25T13:03:11.709Z"}
{"level":"info","message":"   💰 Cost Price: 2010 DA","timestamp":"2026-06-25T13:03:11.709Z"}
{"level":"info","message":"   📏 Variant Type: Taille (taille)","timestamp":"2026-06-25T13:03:11.709Z"}
{"level":"info","message":"   📏 Variants: 5","timestamp":"2026-06-25T13:03:11.709Z"}
{"level":"info","message":"   📦 Total stock: 114","timestamp":"2026-06-25T13:03:11.709Z"}
{"level":"info","message":"   📏 Tailles:","timestamp":"2026-06-25T13:03:11.710Z"}
{"level":"info","message":"      S: 15 pieces","timestamp":"2026-06-25T13:03:11.710Z"}
{"level":"info","message":"      M: 29 pieces","timestamp":"2026-06-25T13:03:11.710Z"}
{"level":"info","message":"      L: 30 pieces","timestamp":"2026-06-25T13:03:11.710Z"}
{"level":"info","message":"      XL: 25 pieces","timestamp":"2026-06-25T13:03:11.710Z"}
{"level":"info","message":"      2XL: 15 pieces","timestamp":"2026-06-25T13:03:11.710Z"}
{"level":"info","message":"💾 Product saved to product-11257.json","timestamp":"2026-06-25T13:03:11.711Z"}
{"level":"info","message":"Browser closed","timestamp":"2026-06-25T13:03:11.781Z"}
{"level":"info","message":"Browser initialized in headless mode","timestamp":"2026-06-25T13:05:10.494Z"}
{"level":"info","message":"Logging in to Kimland...","timestamp":"2026-06-25T13:05:10.494Z"}
{"level":"info","message":"✅ Email filled using selector: input[type=\"email\"]","timestamp":"2026-06-25T13:05:12.605Z"}
{"level":"info","message":"✅ Username filled using selector: input[name=\"username\"]","timestamp":"2026-06-25T13:05:12.611Z"}
{"level":"info","message":"✅ Password filled using selector: input[type=\"password\"]","timestamp":"2026-06-25T13:05:12.620Z"}
{"level":"info","message":"✅ Login clicked using selector: button[type=\"submit\"]","timestamp":"2026-06-25T13:05:12.658Z"}
{"level":"info","message":"Current URL after login: https://kimland.dz/app/client/index.php","timestamp":"2026-06-25T13:05:14.404Z"}
{"level":"info","message":"✅ Login successful!","timestamp":"2026-06-25T13:05:14.405Z"}
{"level":"info","message":"📋 Extracting product from: https://kimland.dz/product/11257/depart-polo/","timestamp":"2026-06-25T13:05:14.405Z"}
{"level":"info","message":"✅ Extracted: DEPART POLO","timestamp":"2026-06-25T13:05:20.694Z"}
{"level":"info","message":"   📸 Images: 5","timestamp":"2026-06-25T13:05:20.695Z"}
{"level":"info","message":"   💰 Selling Price: 2900 DA","timestamp":"2026-06-25T13:05:20.695Z"}
{"level":"info","message":"   💰 Cost Price: 2010 DA","timestamp":"2026-06-25T13:05:20.695Z"}
{"level":"info","message":"   📏 Variant Type: Taille (taille)","timestamp":"2026-06-25T13:05:20.696Z"}
{"level":"info","message":"   📏 Variants: 5","timestamp":"2026-06-25T13:05:20.696Z"}
{"level":"info","message":"   📦 Total stock: 114","timestamp":"2026-06-25T13:05:20.696Z"}
{"level":"info","message":"   📏 Tailles:","timestamp":"2026-06-25T13:05:20.696Z"}
{"level":"info","message":"      S: 15 pieces","timestamp":"2026-06-25T13:05:20.697Z"}
{"level":"info","message":"      M: 29 pieces","timestamp":"2026-06-25T13:05:20.697Z"}
{"level":"info","message":"      L: 30 pieces","timestamp":"2026-06-25T13:05:20.698Z"}
{"level":"info","message":"      XL: 25 pieces","timestamp":"2026-06-25T13:05:20.698Z"}
{"level":"info","message":"      2XL: 15 pieces","timestamp":"2026-06-25T13:05:20.698Z"}
{"level":"info","message":"💾 Product saved to product-11257.json","timestamp":"2026-06-25T13:05:20.699Z"}
{"level":"info","message":"Browser closed","timestamp":"2026-06-25T13:05:20.767Z"}
{"level":"info","message":"Browser initialized in headless mode","timestamp":"2026-06-25T13:05:49.739Z"}
{"level":"info","message":"Logging in to Kimland...","timestamp":"2026-06-25T13:05:49.739Z"}
{"level":"info","message":"✅ Email filled using selector: input[type=\"email\"]","timestamp":"2026-06-25T13:05:51.450Z"}
{"level":"info","message":"✅ Username filled using selector: input[name=\"username\"]","timestamp":"2026-06-25T13:05:51.457Z"}
{"level":"info","message":"✅ Password filled using selector: input[type=\"password\"]","timestamp":"2026-06-25T13:05:51.468Z"}
{"level":"info","message":"✅ Login clicked using selector: button[type=\"submit\"]","timestamp":"2026-06-25T13:05:51.506Z"}
{"level":"info","message":"Current URL after login: https://kimland.dz/app/client/index.php","timestamp":"2026-06-25T13:05:53.198Z"}
{"level":"info","message":"✅ Login successful!","timestamp":"2026-06-25T13:05:53.199Z"}
{"level":"info","message":"📋 Extracting product from: https://kimland.dz/product/11257/depart-polo/","timestamp":"2026-06-25T13:05:53.199Z"}
{"level":"info","message":"✅ Extracted: DEPART POLO","timestamp":"2026-06-25T13:05:59.374Z"}
{"level":"info","message":"   📸 Images: 5","timestamp":"2026-06-25T13:05:59.374Z"}
{"level":"info","message":"   💰 Selling Price: 2900 DA","timestamp":"2026-06-25T13:05:59.375Z"}
{"level":"info","message":"   💰 Cost Price: 2010 DA","timestamp":"2026-06-25T13:05:59.375Z"}
{"level":"info","message":"   📏 Variant Type: Taille (taille)","timestamp":"2026-06-25T13:05:59.375Z"}
{"level":"info","message":"   📏 Variants: 5","timestamp":"2026-06-25T13:05:59.375Z"}
{"level":"info","message":"   📦 Total stock: 114","timestamp":"2026-06-25T13:05:59.375Z"}
{"level":"info","message":"   📏 Tailles:","timestamp":"2026-06-25T13:05:59.375Z"}
{"level":"info","message":"      S: 15 pieces","timestamp":"2026-06-25T13:05:59.376Z"}
{"level":"info","message":"      M: 29 pieces","timestamp":"2026-06-25T13:05:59.376Z"}
{"level":"info","message":"      L: 30 pieces","timestamp":"2026-06-25T13:05:59.376Z"}
{"level":"info","message":"      XL: 25 pieces","timestamp":"2026-06-25T13:05:59.376Z"}
{"level":"info","message":"      2XL: 15 pieces","timestamp":"2026-06-25T13:05:59.376Z"}
{"level":"info","message":"💾 Product saved to product-11257.json","timestamp":"2026-06-25T13:05:59.377Z"}
{"level":"info","message":"Browser closed","timestamp":"2026-06-25T13:05:59.455Z"}
{"level":"info","message":"Browser initialized in headless mode","timestamp":"2026-06-25T13:29:10.703Z"}
{"level":"info","message":"Logging in to Kimland...","timestamp":"2026-06-25T13:29:10.705Z"}
{"level":"info","message":"✅ Email filled using selector: input[type=\"email\"]","timestamp":"2026-06-25T13:29:15.063Z"}
{"level":"info","message":"✅ Username filled using selector: input[name=\"username\"]","timestamp":"2026-06-25T13:29:15.078Z"}
{"level":"info","message":"✅ Password filled using selector: input[type=\"password\"]","timestamp":"2026-06-25T13:29:15.093Z"}
{"level":"info","message":"✅ Login clicked using selector: button[type=\"submit\"]","timestamp":"2026-06-25T13:29:15.159Z"}
{"level":"info","message":"Current URL after login: https://kimland.dz/app/client/index.php","timestamp":"2026-06-25T13:29:16.920Z"}
{"level":"info","message":"✅ Login successful!","timestamp":"2026-06-25T13:29:16.921Z"}
{"level":"info","message":"📋 Extracting product from: https://kimland.dz/product/11257/depart-polo/","timestamp":"2026-06-25T13:29:16.922Z"}
{"level":"info","message":"✅ Extracted: DEPART POLO","timestamp":"2026-06-25T13:29:23.382Z"}
{"level":"info","message":"   📸 Images: 5","timestamp":"2026-06-25T13:29:23.382Z"}
{"level":"info","message":"   💰 Selling Price: 2900 DA","timestamp":"2026-06-25T13:29:23.382Z"}
{"level":"info","message":"   💰 Cost Price: 2010 DA","timestamp":"2026-06-25T13:29:23.383Z"}
{"level":"info","message":"   📏 Variant Type: Taille (taille)","timestamp":"2026-06-25T13:29:23.383Z"}
{"level":"info","message":"   📏 Variants: 5","timestamp":"2026-06-25T13:29:23.383Z"}
{"level":"info","message":"   📦 Total stock: 114","timestamp":"2026-06-25T13:29:23.383Z"}
{"level":"info","message":"   📏 Tailles:","timestamp":"2026-06-25T13:29:23.383Z"}
{"level":"info","message":"      S: 15 pieces","timestamp":"2026-06-25T13:29:23.383Z"}
{"level":"info","message":"      M: 29 pieces","timestamp":"2026-06-25T13:29:23.384Z"}
{"level":"info","message":"      L: 30 pieces","timestamp":"2026-06-25T13:29:23.384Z"}
{"level":"info","message":"      XL: 25 pieces","timestamp":"2026-06-25T13:29:23.384Z"}
{"level":"info","message":"      2XL: 15 pieces","timestamp":"2026-06-25T13:29:23.384Z"}
{"level":"info","message":"💾 Product saved to product-11257.json","timestamp":"2026-06-25T13:29:23.385Z"}
{"level":"info","message":"Browser closed","timestamp":"2026-06-25T13:29:23.505Z"}
{"level":"info","message":"Browser initialized in headless mode","timestamp":"2026-06-25T14:40:15.914Z"}
{"level":"info","message":"Logging in to Kimland...","timestamp":"2026-06-25T14:40:15.929Z"}
{"level":"info","message":"✅ Email filled using selector: input[type=\"email\"]","timestamp":"2026-06-25T14:40:20.538Z"}
{"level":"info","message":"✅ Username filled using selector: input[name=\"username\"]","timestamp":"2026-06-25T14:40:20.562Z"}
{"level":"info","message":"✅ Password filled using selector: input[type=\"password\"]","timestamp":"2026-06-25T14:40:20.586Z"}
{"level":"info","message":"✅ Login clicked using selector: button[type=\"submit\"]","timestamp":"2026-06-25T14:40:20.684Z"}
{"level":"info","message":"Current URL after login: https://kimland.dz/app/client/index.php","timestamp":"2026-06-25T14:40:22.501Z"}
{"level":"info","message":"✅ Login successful!","timestamp":"2026-06-25T14:40:22.502Z"}
{"level":"info","message":"📋 Extracting product from: https://kimland.dz/product/10206/lumberjack-jogger-beige/","timestamp":"2026-06-25T14:40:22.503Z"}
{"level":"info","message":"✅ Extracted: LUMBERJACK JOGGER BEIGE","timestamp":"2026-06-25T14:40:28.851Z"}
{"level":"info","message":"   📸 Images: 4","timestamp":"2026-06-25T14:40:28.851Z"}
{"level":"info","message":"   💰 Selling Price: 5200 DA","timestamp":"2026-06-25T14:40:28.852Z"}
{"level":"info","message":"   💰 Cost Price: 3360 DA","timestamp":"2026-06-25T14:40:28.852Z"}
{"level":"info","message":"   📏 Variant Type: Taille (taille)","timestamp":"2026-06-25T14:40:28.852Z"}
{"level":"info","message":"   📏 Variants: 6","timestamp":"2026-06-25T14:40:28.852Z"}
{"level":"info","message":"   📦 Total stock: 539","timestamp":"2026-06-25T14:40:28.852Z"}
{"level":"info","message":"   📏 Tailles:","timestamp":"2026-06-25T14:40:28.853Z"}
{"level":"info","message":"      S: 25 pieces","timestamp":"2026-06-25T14:40:28.853Z"}
{"level":"info","message":"      M: 70 pieces","timestamp":"2026-06-25T14:40:28.853Z"}
{"level":"info","message":"      L: 148 pieces","timestamp":"2026-06-25T14:40:28.854Z"}
{"level":"info","message":"      XL: 150 pieces","timestamp":"2026-06-25T14:40:28.854Z"}
{"level":"info","message":"      2XL: 94 pieces","timestamp":"2026-06-25T14:40:28.854Z"}
{"level":"info","message":"      3XL: 52 pieces","timestamp":"2026-06-25T14:40:28.854Z"}
{"level":"info","message":"💾 Product saved to product-10206.json","timestamp":"2026-06-25T14:40:28.856Z"}
{"level":"info","message":"Browser closed","timestamp":"2026-06-25T14:40:29.000Z"}
{"level":"info","message":"Browser initialized in headless mode","timestamp":"2026-06-25T14:42:17.256Z"}
{"level":"info","message":"Logging in to Kimland...","timestamp":"2026-06-25T14:42:17.260Z"}
{"level":"info","message":"✅ Email filled using selector: input[type=\"email\"]","timestamp":"2026-06-25T14:42:19.247Z"}
{"level":"info","message":"✅ Username filled using selector: input[name=\"username\"]","timestamp":"2026-06-25T14:42:19.262Z"}
{"level":"info","message":"✅ Password filled using selector: input[type=\"password\"]","timestamp":"2026-06-25T14:42:19.276Z"}
{"level":"info","message":"✅ Login clicked using selector: button[type=\"submit\"]","timestamp":"2026-06-25T14:42:19.333Z"}
{"level":"info","message":"Current URL after login: https://kimland.dz/app/client/index.php","timestamp":"2026-06-25T14:42:21.103Z"}
{"level":"info","message":"✅ Login successful!","timestamp":"2026-06-25T14:42:21.103Z"}
{"level":"info","message":"📋 Extracting product from: https://kimland.dz/product/10206/lumberjack-jogger-beige/","timestamp":"2026-06-25T14:42:21.105Z"}
{"level":"info","message":"✅ Extracted: LUMBERJACK JOGGER BEIGE","timestamp":"2026-06-25T14:42:27.800Z"}
{"level":"info","message":"   📸 Images: 4","timestamp":"2026-06-25T14:42:27.802Z"}
{"level":"info","message":"   💰 Selling Price: 5200 DA","timestamp":"2026-06-25T14:42:27.802Z"}
{"level":"info","message":"   💰 Cost Price: 3360 DA","timestamp":"2026-06-25T14:42:27.802Z"}
{"level":"info","message":"   📏 Variant Type: Taille (taille)","timestamp":"2026-06-25T14:42:27.802Z"}
{"level":"info","message":"   📏 Variants: 6","timestamp":"2026-06-25T14:42:27.802Z"}
{"level":"info","message":"   📦 Total stock: 539","timestamp":"2026-06-25T14:42:27.802Z"}
{"level":"info","message":"   📏 Tailles:","timestamp":"2026-06-25T14:42:27.803Z"}
{"level":"info","message":"      S: 25 pieces","timestamp":"2026-06-25T14:42:27.803Z"}
{"level":"info","message":"      M: 70 pieces","timestamp":"2026-06-25T14:42:27.804Z"}
{"level":"info","message":"      L: 148 pieces","timestamp":"2026-06-25T14:42:27.804Z"}
{"level":"info","message":"      XL: 150 pieces","timestamp":"2026-06-25T14:42:27.804Z"}
{"level":"info","message":"      2XL: 94 pieces","timestamp":"2026-06-25T14:42:27.804Z"}
{"level":"info","message":"      3XL: 52 pieces","timestamp":"2026-06-25T14:42:27.805Z"}
{"level":"info","message":"💾 Product saved to product-10206.json","timestamp":"2026-06-25T14:42:27.807Z"}
{"level":"info","message":"Browser closed","timestamp":"2026-06-25T14:42:27.908Z"}
{"level":"info","message":"Browser initialized in headless mode","timestamp":"2026-06-25T14:47:00.104Z"}
{"level":"info","message":"Logging in to Kimland...","timestamp":"2026-06-25T14:47:00.107Z"}
{"level":"info","message":"✅ Email filled using selector: input[type=\"email\"]","timestamp":"2026-06-25T14:47:02.699Z"}
{"level":"info","message":"✅ Username filled using selector: input[name=\"username\"]","timestamp":"2026-06-25T14:47:02.708Z"}
{"level":"info","message":"✅ Password filled using selector: input[type=\"password\"]","timestamp":"2026-06-25T14:47:02.723Z"}
{"level":"info","message":"✅ Login clicked using selector: button[type=\"submit\"]","timestamp":"2026-06-25T14:47:02.767Z"}
{"level":"info","message":"Current URL after login: https://kimland.dz/app/client/index.php","timestamp":"2026-06-25T14:47:04.623Z"}
{"level":"info","message":"✅ Login successful!","timestamp":"2026-06-25T14:47:04.624Z"}
{"level":"info","message":"📋 Extracting product from: https://kimland.dz/product/10206/lumberjack-jogger-beige/","timestamp":"2026-06-25T14:47:04.626Z"}
{"level":"info","message":"✅ Extracted: LUMBERJACK JOGGER BEIGE","timestamp":"2026-06-25T14:47:10.914Z"}
{"level":"info","message":"   📸 Images: 4","timestamp":"2026-06-25T14:47:10.914Z"}
{"level":"info","message":"   💰 Selling Price: 5200 DA","timestamp":"2026-06-25T14:47:10.915Z"}
{"level":"info","message":"   💰 Cost Price: 3360 DA","timestamp":"2026-06-25T14:47:10.915Z"}
{"level":"info","message":"   📏 Variant Type: Taille (taille)","timestamp":"2026-06-25T14:47:10.915Z"}
{"level":"info","message":"   📏 Variants: 6","timestamp":"2026-06-25T14:47:10.915Z"}
{"level":"info","message":"   📦 Total stock: 539","timestamp":"2026-06-25T14:47:10.915Z"}
{"level":"info","message":"   📏 Tailles:","timestamp":"2026-06-25T14:47:10.915Z"}
{"level":"info","message":"      S: 25 pieces","timestamp":"2026-06-25T14:47:10.916Z"}
{"level":"info","message":"      M: 70 pieces","timestamp":"2026-06-25T14:47:10.916Z"}
{"level":"info","message":"      L: 148 pieces","timestamp":"2026-06-25T14:47:10.916Z"}
{"level":"info","message":"      XL: 150 pieces","timestamp":"2026-06-25T14:47:10.916Z"}
{"level":"info","message":"      2XL: 94 pieces","timestamp":"2026-06-25T14:47:10.916Z"}
{"level":"info","message":"      3XL: 52 pieces","timestamp":"2026-06-25T14:47:10.917Z"}
{"level":"info","message":"💾 Product saved to product-10206.json","timestamp":"2026-06-25T14:47:10.918Z"}
{"level":"info","message":"Browser closed","timestamp":"2026-06-25T14:47:11.000Z"}
{"level":"info","message":"Browser initialized in headless mode","timestamp":"2026-06-25T14:47:25.275Z"}
{"level":"info","message":"Logging in to Kimland...","timestamp":"2026-06-25T14:47:25.275Z"}
{"level":"info","message":"✅ Email filled using selector: input[type=\"email\"]","timestamp":"2026-06-25T14:47:26.976Z"}
{"level":"info","message":"✅ Username filled using selector: input[name=\"username\"]","timestamp":"2026-06-25T14:47:26.993Z"}
{"level":"info","message":"✅ Password filled using selector: input[type=\"password\"]","timestamp":"2026-06-25T14:47:27.009Z"}
{"level":"info","message":"✅ Login clicked using selector: button[type=\"submit\"]","timestamp":"2026-06-25T14:47:27.070Z"}
{"level":"info","message":"Current URL after login: https://kimland.dz/app/client/index.php","timestamp":"2026-06-25T14:47:28.928Z"}
{"level":"info","message":"✅ Login successful!","timestamp":"2026-06-25T14:47:28.930Z"}
{"level":"info","message":"📋 Extracting product from: https://kimland.dz/product/10206/lumberjack-jogger-beige/","timestamp":"2026-06-25T14:47:28.932Z"}
{"level":"info","message":"✅ Extracted: LUMBERJACK JOGGER BEIGE","timestamp":"2026-06-25T14:47:35.280Z"}
{"level":"info","message":"   📸 Images: 4","timestamp":"2026-06-25T14:47:35.280Z"}
{"level":"info","message":"   💰 Selling Price: 5200 DA","timestamp":"2026-06-25T14:47:35.280Z"}
{"level":"info","message":"   💰 Cost Price: 3360 DA","timestamp":"2026-06-25T14:47:35.280Z"}
{"level":"info","message":"   📏 Variant Type: Taille (taille)","timestamp":"2026-06-25T14:47:35.280Z"}
{"level":"info","message":"   📏 Variants: 6","timestamp":"2026-06-25T14:47:35.281Z"}
{"level":"info","message":"   📦 Total stock: 539","timestamp":"2026-06-25T14:47:35.281Z"}
{"level":"info","message":"   📏 Tailles:","timestamp":"2026-06-25T14:47:35.281Z"}
{"level":"info","message":"      S: 25 pieces","timestamp":"2026-06-25T14:47:35.281Z"}
{"level":"info","message":"      M: 70 pieces","timestamp":"2026-06-25T14:47:35.281Z"}
{"level":"info","message":"      L: 148 pieces","timestamp":"2026-06-25T14:47:35.281Z"}
{"level":"info","message":"      XL: 150 pieces","timestamp":"2026-06-25T14:47:35.282Z"}
{"level":"info","message":"      2XL: 94 pieces","timestamp":"2026-06-25T14:47:35.283Z"}
{"level":"info","message":"      3XL: 52 pieces","timestamp":"2026-06-25T14:47:35.283Z"}
{"level":"info","message":"💾 Product saved to product-10206.json","timestamp":"2026-06-25T14:47:35.284Z"}
{"level":"info","message":"Browser closed","timestamp":"2026-06-25T14:47:35.387Z"}
{"level":"info","message":"Browser initialized in headless mode","timestamp":"2026-06-25T14:48:42.305Z"}
{"level":"info","message":"Logging in to Kimland...","timestamp":"2026-06-25T14:48:42.313Z"}
{"level":"info","message":"✅ Email filled using selector: input[type=\"email\"]","timestamp":"2026-06-25T14:48:44.393Z"}
{"level":"info","message":"✅ Username filled using selector: input[name=\"username\"]","timestamp":"2026-06-25T14:48:44.411Z"}
{"level":"info","message":"✅ Password filled using selector: input[type=\"password\"]","timestamp":"2026-06-25T14:48:44.431Z"}
{"level":"info","message":"✅ Login clicked using selector: button[type=\"submit\"]","timestamp":"2026-06-25T14:48:44.486Z"}
{"level":"info","message":"Current URL after login: https://kimland.dz/app/client/index.php","timestamp":"2026-06-25T14:48:46.293Z"}
{"level":"info","message":"✅ Login successful!","timestamp":"2026-06-25T14:48:46.294Z"}
{"level":"info","message":"📋 Extracting product from: https://kimland.dz/product/10206/lumberjack-jogger-beige/","timestamp":"2026-06-25T14:48:46.295Z"}
{"level":"info","message":"✅ Extracted: LUMBERJACK JOGGER BEIGE","timestamp":"2026-06-25T14:48:52.738Z"}
{"level":"info","message":"   📸 Images: 4","timestamp":"2026-06-25T14:48:52.739Z"}
{"level":"info","message":"   💰 Selling Price: 5200 DA","timestamp":"2026-06-25T14:48:52.739Z"}
{"level":"info","message":"   💰 Cost Price: 3360 DA","timestamp":"2026-06-25T14:48:52.740Z"}
{"level":"info","message":"   📏 Variant Type: Taille (taille)","timestamp":"2026-06-25T14:48:52.740Z"}
{"level":"info","message":"   📏 Variants: 6","timestamp":"2026-06-25T14:48:52.740Z"}
{"level":"info","message":"   📦 Total stock: 539","timestamp":"2026-06-25T14:48:52.740Z"}
{"level":"info","message":"   📏 Tailles:","timestamp":"2026-06-25T14:48:52.740Z"}
{"level":"info","message":"      S: 25 pieces","timestamp":"2026-06-25T14:48:52.741Z"}
{"level":"info","message":"      M: 70 pieces","timestamp":"2026-06-25T14:48:52.741Z"}
{"level":"info","message":"      L: 148 pieces","timestamp":"2026-06-25T14:48:52.741Z"}
{"level":"info","message":"      XL: 150 pieces","timestamp":"2026-06-25T14:48:52.741Z"}
{"level":"info","message":"      2XL: 94 pieces","timestamp":"2026-06-25T14:48:52.742Z"}
{"level":"info","message":"      3XL: 52 pieces","timestamp":"2026-06-25T14:48:52.742Z"}
{"level":"info","message":"💾 Product saved to product-10206.json","timestamp":"2026-06-25T14:48:52.744Z"}
{"level":"info","message":"Browser closed","timestamp":"2026-06-25T14:48:52.835Z"}
{"level":"info","message":"📊 CSV exported to: C:\\Users\\33612\\Desktop\\info alger1\\dev web\\kimland-shopify-sync\\exports\\products_export_lumberjack-jogger-beige_1782398960094.csv","timestamp":"2026-06-25T14:49:20.096Z"}
{"level":"info","message":"Browser initialized in headless mode","timestamp":"2026-06-26T13:22:51.401Z"}
{"level":"info","message":"Logging in to Kimland...","timestamp":"2026-06-26T13:22:51.405Z"}
{"level":"info","message":"✅ Email filled using selector: input[type=\"email\"]","timestamp":"2026-06-26T13:23:00.370Z"}
{"level":"info","message":"✅ Username filled using selector: input[name=\"username\"]","timestamp":"2026-06-26T13:23:00.388Z"}
{"level":"info","message":"✅ Password filled using selector: input[type=\"password\"]","timestamp":"2026-06-26T13:23:00.406Z"}
{"level":"info","message":"✅ Login clicked using selector: button[type=\"submit\"]","timestamp":"2026-06-26T13:23:00.491Z"}
{"level":"info","message":"Current URL after login: https://kimland.dz/app/client/index.php","timestamp":"2026-06-26T13:23:01.776Z"}
{"level":"info","message":"✅ Login successful!","timestamp":"2026-06-26T13:23:01.776Z"}
{"level":"info","message":"📋 Extracting product from: https://kimland.dz/product/10206/lumberjack-jogger-beige/","timestamp":"2026-06-26T13:23:01.778Z"}
{"level":"info","message":"✅ Extracted: LUMBERJACK JOGGER BEIGE","timestamp":"2026-06-26T13:23:09.701Z"}
{"level":"info","message":"   📸 Images: 4","timestamp":"2026-06-26T13:23:09.702Z"}
{"level":"info","message":"   💰 Selling Price: 5200 DA","timestamp":"2026-06-26T13:23:09.702Z"}
{"level":"info","message":"   💰 Cost Price: 3360 DA","timestamp":"2026-06-26T13:23:09.702Z"}
{"level":"info","message":"   📏 Variant Type: Taille (taille)","timestamp":"2026-06-26T13:23:09.702Z"}
{"level":"info","message":"   📏 Variants: 6","timestamp":"2026-06-26T13:23:09.702Z"}
{"level":"info","message":"   📦 Total stock: 539","timestamp":"2026-06-26T13:23:09.703Z"}
{"level":"info","message":"   📏 Tailles:","timestamp":"2026-06-26T13:23:09.703Z"}
{"level":"info","message":"      S: 25 pieces","timestamp":"2026-06-26T13:23:09.703Z"}
{"level":"info","message":"      M: 70 pieces","timestamp":"2026-06-26T13:23:09.703Z"}
{"level":"info","message":"      L: 148 pieces","timestamp":"2026-06-26T13:23:09.703Z"}
{"level":"info","message":"      XL: 150 pieces","timestamp":"2026-06-26T13:23:09.704Z"}
{"level":"info","message":"      2XL: 94 pieces","timestamp":"2026-06-26T13:23:09.704Z"}
{"level":"info","message":"      3XL: 52 pieces","timestamp":"2026-06-26T13:23:09.704Z"}
{"level":"info","message":"💾 Product saved to product-10206.json","timestamp":"2026-06-26T13:23:09.705Z"}
{"level":"info","message":"Browser closed","timestamp":"2026-06-26T13:23:09.850Z"}
{"level":"info","message":"Browser initialized in headless mode","timestamp":"2026-06-26T13:23:11.717Z"}
{"level":"info","message":"Logging in to Kimland...","timestamp":"2026-06-26T13:23:11.718Z"}
{"level":"info","message":"✅ Email filled using selector: input[type=\"email\"]","timestamp":"2026-06-26T13:23:13.895Z"}
{"level":"info","message":"✅ Username filled using selector: input[name=\"username\"]","timestamp":"2026-06-26T13:23:13.905Z"}
{"level":"info","message":"✅ Password filled using selector: input[type=\"password\"]","timestamp":"2026-06-26T13:23:13.918Z"}
{"level":"info","message":"✅ Login clicked using selector: button[type=\"submit\"]","timestamp":"2026-06-26T13:23:13.961Z"}
{"level":"info","message":"Current URL after login: https://kimland.dz/app/client/index.php","timestamp":"2026-06-26T13:23:14.897Z"}
{"level":"info","message":"✅ Login successful!","timestamp":"2026-06-26T13:23:14.898Z"}
{"level":"info","message":"📋 Extracting product from: https://kimland.dz/product/6444/hi-tec-edge/","timestamp":"2026-06-26T13:23:14.898Z"}
{"level":"info","message":"✅ Extracted: HI-TEC EDGE","timestamp":"2026-06-26T13:23:22.294Z"}
{"level":"info","message":"   📸 Images: 10","timestamp":"2026-06-26T13:23:22.295Z"}
{"level":"info","message":"   💰 Selling Price: 6500 DA","timestamp":"2026-06-26T13:23:22.295Z"}
{"level":"info","message":"   💰 Cost Price: 5300 DA","timestamp":"2026-06-26T13:23:22.295Z"}
{"level":"info","message":"   📏 Variant Type: Pointure (pointure)","timestamp":"2026-06-26T13:23:22.295Z"}
{"level":"info","message":"   📏 Variants: 5","timestamp":"2026-06-26T13:23:22.296Z"}
{"level":"info","message":"   📦 Total stock: 9","timestamp":"2026-06-26T13:23:22.296Z"}
{"level":"info","message":"   📏 Pointures:","timestamp":"2026-06-26T13:23:22.296Z"}
{"level":"info","message":"      40: 2 pieces","timestamp":"2026-06-26T13:23:22.296Z"}
{"level":"info","message":"      41: 1 pieces","timestamp":"2026-06-26T13:23:22.296Z"}
{"level":"info","message":"      42: 1 pieces","timestamp":"2026-06-26T13:23:22.296Z"}
{"level":"info","message":"      43: 1 pieces","timestamp":"2026-06-26T13:23:22.296Z"}
{"level":"info","message":"      44: 4 pieces","timestamp":"2026-06-26T13:23:22.296Z"}
{"level":"info","message":"💾 Product saved to product-6444.json","timestamp":"2026-06-26T13:23:22.297Z"}
{"level":"info","message":"Browser closed","timestamp":"2026-06-26T13:23:22.401Z"}
{"level":"info","message":"📊 Batch CSV exported to: C:\\Users\\33612\\Desktop\\info alger1\\dev web\\kimland-shopify-sync\\exports\\products_export_batch_1782480211477.csv","timestamp":"2026-06-26T13:23:31.479Z"}
{"level":"info","message":"Browser initialized in headless mode","timestamp":"2026-06-26T13:48:39.456Z"}
{"level":"info","message":"Logging in to Kimland...","timestamp":"2026-06-26T13:48:39.460Z"}
{"level":"info","message":"✅ Email filled using selector: input[type=\"email\"]","timestamp":"2026-06-26T13:48:45.074Z"}
{"level":"info","message":"✅ Username filled using selector: input[name=\"username\"]","timestamp":"2026-06-26T13:48:45.087Z"}
{"level":"info","message":"✅ Password filled using selector: input[type=\"password\"]","timestamp":"2026-06-26T13:48:45.100Z"}
{"level":"info","message":"✅ Login clicked using selector: button[type=\"submit\"]","timestamp":"2026-06-26T13:48:45.154Z"}
{"level":"info","message":"Current URL after login: https://kimland.dz/app/client/index.php","timestamp":"2026-06-26T13:48:46.113Z"}
{"level":"info","message":"✅ Login successful!","timestamp":"2026-06-26T13:48:46.113Z"}
{"level":"info","message":"📋 Extracting product from: https://kimland.dz/product/6444/hi-tec-edge/","timestamp":"2026-06-26T13:48:46.117Z"}
{"level":"info","message":"✅ Extracted: HI-TEC EDGE","timestamp":"2026-06-26T13:48:53.183Z"}
{"level":"info","message":"   📸 Images: 10","timestamp":"2026-06-26T13:48:53.183Z"}
{"level":"info","message":"   💰 Selling Price: 6500 DA","timestamp":"2026-06-26T13:48:53.183Z"}
{"level":"info","message":"   💰 Cost Price: 5300 DA","timestamp":"2026-06-26T13:48:53.184Z"}
{"level":"info","message":"   📏 Variant Type: Pointure (pointure)","timestamp":"2026-06-26T13:48:53.184Z"}
{"level":"info","message":"   📏 Variants: 5","timestamp":"2026-06-26T13:48:53.184Z"}
{"level":"info","message":"   📦 Total stock: 9","timestamp":"2026-06-26T13:48:53.184Z"}
{"level":"info","message":"   📏 Pointures:","timestamp":"2026-06-26T13:48:53.184Z"}
{"level":"info","message":"      40: 2 pieces","timestamp":"2026-06-26T13:48:53.184Z"}
{"level":"info","message":"      41: 1 pieces","timestamp":"2026-06-26T13:48:53.184Z"}
{"level":"info","message":"      42: 1 pieces","timestamp":"2026-06-26T13:48:53.185Z"}
{"level":"info","message":"      43: 1 pieces","timestamp":"2026-06-26T13:48:53.185Z"}
{"level":"info","message":"      44: 4 pieces","timestamp":"2026-06-26T13:48:53.185Z"}
{"level":"info","message":"💾 Product saved to product-6444.json","timestamp":"2026-06-26T13:48:53.185Z"}
{"level":"info","message":"Browser closed","timestamp":"2026-06-26T13:48:53.272Z"}
{"level":"info","message":"Browser initialized in headless mode","timestamp":"2026-06-26T13:48:53.432Z"}
{"level":"info","message":"Logging in to Kimland...","timestamp":"2026-06-26T13:48:53.432Z"}
{"level":"info","message":"✅ Email filled using selector: input[type=\"email\"]","timestamp":"2026-06-26T13:48:55.425Z"}
{"level":"info","message":"✅ Username filled using selector: input[name=\"username\"]","timestamp":"2026-06-26T13:48:55.432Z"}
{"level":"info","message":"✅ Password filled using selector: input[type=\"password\"]","timestamp":"2026-06-26T13:48:55.442Z"}
{"level":"info","message":"✅ Login clicked using selector: button[type=\"submit\"]","timestamp":"2026-06-26T13:48:55.480Z"}
{"level":"info","message":"Current URL after login: https://kimland.dz/app/client/index.php","timestamp":"2026-06-26T13:48:56.167Z"}
{"level":"info","message":"✅ Login successful!","timestamp":"2026-06-26T13:48:56.167Z"}
{"level":"info","message":"📋 Extracting product from: https://kimland.dz/product/10206/lumberjack-jogger-beige/","timestamp":"2026-06-26T13:48:56.167Z"}
{"level":"info","message":"✅ Extracted: LUMBERJACK JOGGER BEIGE","timestamp":"2026-06-26T13:49:02.605Z"}
{"level":"info","message":"   📸 Images: 4","timestamp":"2026-06-26T13:49:02.605Z"}
{"level":"info","message":"   💰 Selling Price: 5200 DA","timestamp":"2026-06-26T13:49:02.605Z"}
{"level":"info","message":"   💰 Cost Price: 3360 DA","timestamp":"2026-06-26T13:49:02.605Z"}
{"level":"info","message":"   📏 Variant Type: Taille (taille)","timestamp":"2026-06-26T13:49:02.605Z"}
{"level":"info","message":"   📏 Variants: 6","timestamp":"2026-06-26T13:49:02.606Z"}
{"level":"info","message":"   📦 Total stock: 539","timestamp":"2026-06-26T13:49:02.606Z"}
{"level":"info","message":"   📏 Tailles:","timestamp":"2026-06-26T13:49:02.606Z"}
{"level":"info","message":"      S: 25 pieces","timestamp":"2026-06-26T13:49:02.606Z"}
{"level":"info","message":"      M: 70 pieces","timestamp":"2026-06-26T13:49:02.606Z"}
{"level":"info","message":"      L: 148 pieces","timestamp":"2026-06-26T13:49:02.606Z"}
{"level":"info","message":"      XL: 150 pieces","timestamp":"2026-06-26T13:49:02.606Z"}
{"level":"info","message":"      2XL: 94 pieces","timestamp":"2026-06-26T13:49:02.606Z"}
{"level":"info","message":"      3XL: 52 pieces","timestamp":"2026-06-26T13:49:02.606Z"}
{"level":"info","message":"💾 Product saved to product-10206.json","timestamp":"2026-06-26T13:49:02.607Z"}
{"level":"info","message":"Browser closed","timestamp":"2026-06-26T13:49:02.685Z"}
{"level":"info","message":"Browser initialized in headless mode","timestamp":"2026-06-26T14:26:21.569Z"}
{"level":"info","message":"Logging in to Kimland...","timestamp":"2026-06-26T14:26:21.583Z"}
{"level":"info","message":"✅ Email filled using selector: input[type=\"email\"]","timestamp":"2026-06-26T14:26:26.836Z"}
{"level":"info","message":"✅ Username filled using selector: input[name=\"username\"]","timestamp":"2026-06-26T14:26:26.868Z"}
{"level":"info","message":"✅ Password filled using selector: input[type=\"password\"]","timestamp":"2026-06-26T14:26:26.891Z"}
{"level":"info","message":"✅ Login clicked using selector: button[type=\"submit\"]","timestamp":"2026-06-26T14:26:27.007Z"}
{"level":"info","message":"Current URL after login: https://kimland.dz/app/client/index.php","timestamp":"2026-06-26T14:26:27.930Z"}
{"level":"info","message":"✅ Login successful!","timestamp":"2026-06-26T14:26:27.931Z"}
{"level":"info","message":"📋 Extracting product from: https://kimland.dz/product/10206/lumberjack-jogger-beige/","timestamp":"2026-06-26T14:26:27.933Z"}
{"level":"info","message":"✅ Extracted: LUMBERJACK JOGGER BEIGE","timestamp":"2026-06-26T14:26:34.396Z"}
{"level":"info","message":"   📸 Images: 4","timestamp":"2026-06-26T14:26:34.397Z"}
{"level":"info","message":"   💰 Selling Price: 5200 DA","timestamp":"2026-06-26T14:26:34.397Z"}
{"level":"info","message":"   💰 Cost Price: 3360 DA","timestamp":"2026-06-26T14:26:34.398Z"}
{"level":"info","message":"   📏 Variant Type: Taille (taille)","timestamp":"2026-06-26T14:26:34.398Z"}
{"level":"info","message":"   📏 Variants: 6","timestamp":"2026-06-26T14:26:34.398Z"}
{"level":"info","message":"   📦 Total stock: 539","timestamp":"2026-06-26T14:26:34.398Z"}
{"level":"info","message":"   📏 Tailles:","timestamp":"2026-06-26T14:26:34.398Z"}
{"level":"info","message":"      S: 25 pieces","timestamp":"2026-06-26T14:26:34.399Z"}
{"level":"info","message":"      M: 70 pieces","timestamp":"2026-06-26T14:26:34.399Z"}
{"level":"info","message":"      L: 148 pieces","timestamp":"2026-06-26T14:26:34.399Z"}
{"level":"info","message":"      XL: 150 pieces","timestamp":"2026-06-26T14:26:34.399Z"}
{"level":"info","message":"      2XL: 94 pieces","timestamp":"2026-06-26T14:26:34.400Z"}
{"level":"info","message":"      3XL: 52 pieces","timestamp":"2026-06-26T14:26:34.400Z"}
{"level":"info","message":"💾 Product saved to product-10206.json","timestamp":"2026-06-26T14:26:34.401Z"}
{"level":"info","message":"Browser closed","timestamp":"2026-06-26T14:26:34.533Z"}
{"level":"info","message":"Browser initialized in headless mode","timestamp":"2026-06-26T14:33:20.383Z"}
{"level":"info","message":"Logging in to Kimland...","timestamp":"2026-06-26T14:33:20.389Z"}
{"level":"info","message":"✅ Email filled using selector: input[type=\"email\"]","timestamp":"2026-06-26T14:33:24.905Z"}
{"level":"info","message":"✅ Username filled using selector: input[name=\"username\"]","timestamp":"2026-06-26T14:33:24.931Z"}
{"level":"info","message":"✅ Password filled using selector: input[type=\"password\"]","timestamp":"2026-06-26T14:33:24.952Z"}
{"level":"info","message":"✅ Login clicked using selector: button[type=\"submit\"]","timestamp":"2026-06-26T14:33:25.023Z"}
{"level":"info","message":"Current URL after login: https://kimland.dz/app/client/index.php","timestamp":"2026-06-26T14:33:25.851Z"}
{"level":"info","message":"✅ Login successful!","timestamp":"2026-06-26T14:33:25.852Z"}
{"level":"info","message":"📋 Extracting product from: https://kimland.dz/product/10206/lumberjack-jogger-beige/","timestamp":"2026-06-26T14:33:25.853Z"}
{"level":"info","message":"✅ Extracted: LUMBERJACK JOGGER BEIGE","timestamp":"2026-06-26T14:33:32.381Z"}
{"level":"info","message":"   📸 Images: 4","timestamp":"2026-06-26T14:33:32.382Z"}
{"level":"info","message":"   💰 Selling Price: 5200 DA","timestamp":"2026-06-26T14:33:32.383Z"}
{"level":"info","message":"   💰 Cost Price: 3360 DA","timestamp":"2026-06-26T14:33:32.384Z"}
{"level":"info","message":"   📏 Variant Type: Taille (taille)","timestamp":"2026-06-26T14:33:32.384Z"}
{"level":"info","message":"   📏 Variants: 6","timestamp":"2026-06-26T14:33:32.385Z"}
{"level":"info","message":"   📦 Total stock: 539","timestamp":"2026-06-26T14:33:32.386Z"}
{"level":"info","message":"   📏 Tailles:","timestamp":"2026-06-26T14:33:32.386Z"}
{"level":"info","message":"      S: 25 pieces","timestamp":"2026-06-26T14:33:32.387Z"}
{"level":"info","message":"      M: 70 pieces","timestamp":"2026-06-26T14:33:32.387Z"}
{"level":"info","message":"      L: 148 pieces","timestamp":"2026-06-26T14:33:32.387Z"}
{"level":"info","message":"      XL: 150 pieces","timestamp":"2026-06-26T14:33:32.388Z"}
{"level":"info","message":"      2XL: 94 pieces","timestamp":"2026-06-26T14:33:32.388Z"}
{"level":"info","message":"      3XL: 52 pieces","timestamp":"2026-06-26T14:33:32.389Z"}
{"level":"info","message":"💾 Product saved to product-10206.json","timestamp":"2026-06-26T14:33:32.393Z"}
{"level":"info","message":"Browser closed","timestamp":"2026-06-26T14:33:32.526Z"}
{"level":"info","message":"Browser initialized in headless mode","timestamp":"2026-06-26T14:36:13.309Z"}
{"level":"info","message":"Logging in to Kimland...","timestamp":"2026-06-26T14:36:13.311Z"}
{"level":"info","message":"✅ Email filled using selector: input[type=\"email\"]","timestamp":"2026-06-26T14:36:15.335Z"}
{"level":"info","message":"✅ Username filled using selector: input[name=\"username\"]","timestamp":"2026-06-26T14:36:15.348Z"}
{"level":"info","message":"✅ Password filled using selector: input[type=\"password\"]","timestamp":"2026-06-26T14:36:15.363Z"}
{"level":"info","message":"✅ Login clicked using selector: button[type=\"submit\"]","timestamp":"2026-06-26T14:36:15.420Z"}
{"level":"info","message":"Current URL after login: https://kimland.dz/app/client/index.php","timestamp":"2026-06-26T14:36:16.174Z"}
{"level":"info","message":"✅ Login successful!","timestamp":"2026-06-26T14:36:16.174Z"}
{"level":"info","message":"📋 Extracting product from: https://kimland.dz/product/10206/lumberjack-jogger-beige/","timestamp":"2026-06-26T14:36:16.175Z"}
{"level":"info","message":"✅ Extracted: LUMBERJACK JOGGER BEIGE","timestamp":"2026-06-26T14:36:22.644Z"}
{"level":"info","message":"   📸 Images: 4","timestamp":"2026-06-26T14:36:22.645Z"}
{"level":"info","message":"   💰 Selling Price: 5200 DA","timestamp":"2026-06-26T14:36:22.645Z"}
{"level":"info","message":"   💰 Cost Price: 3360 DA","timestamp":"2026-06-26T14:36:22.645Z"}
{"level":"info","message":"   📏 Variant Type: Taille (taille)","timestamp":"2026-06-26T14:36:22.645Z"}
{"level":"info","message":"   📏 Variants: 6","timestamp":"2026-06-26T14:36:22.645Z"}
{"level":"info","message":"   📦 Total stock: 539","timestamp":"2026-06-26T14:36:22.645Z"}
{"level":"info","message":"   📏 Tailles:","timestamp":"2026-06-26T14:36:22.646Z"}
{"level":"info","message":"      S: 25 pieces","timestamp":"2026-06-26T14:36:22.646Z"}
{"level":"info","message":"      M: 70 pieces","timestamp":"2026-06-26T14:36:22.646Z"}
{"level":"info","message":"      L: 148 pieces","timestamp":"2026-06-26T14:36:22.646Z"}
{"level":"info","message":"      XL: 150 pieces","timestamp":"2026-06-26T14:36:22.646Z"}
{"level":"info","message":"      2XL: 94 pieces","timestamp":"2026-06-26T14:36:22.646Z"}
{"level":"info","message":"      3XL: 52 pieces","timestamp":"2026-06-26T14:36:22.647Z"}
{"level":"info","message":"💾 Product saved to product-10206.json","timestamp":"2026-06-26T14:36:22.649Z"}
{"level":"info","message":"Browser closed","timestamp":"2026-06-26T14:36:22.741Z"}
{"level":"info","message":"Browser initialized in headless mode","timestamp":"2026-06-26T14:37:16.689Z"}
{"level":"info","message":"Logging in to Kimland...","timestamp":"2026-06-26T14:37:16.690Z"}
{"level":"info","message":"✅ Email filled using selector: input[type=\"email\"]","timestamp":"2026-06-26T14:37:18.590Z"}
{"level":"info","message":"✅ Username filled using selector: input[name=\"username\"]","timestamp":"2026-06-26T14:37:18.601Z"}
{"level":"info","message":"✅ Password filled using selector: input[type=\"password\"]","timestamp":"2026-06-26T14:37:18.614Z"}
{"level":"info","message":"✅ Login clicked using selector: button[type=\"submit\"]","timestamp":"2026-06-26T14:37:18.666Z"}
{"level":"info","message":"Current URL after login: https://kimland.dz/app/client/index.php","timestamp":"2026-06-26T14:37:19.397Z"}
{"level":"info","message":"✅ Login successful!","timestamp":"2026-06-26T14:37:19.397Z"}
{"level":"info","message":"📋 Extracting product from: https://kimland.dz/product/10206/lumberjack-jogger-beige/","timestamp":"2026-06-26T14:37:19.397Z"}
{"level":"info","message":"✅ Extracted: LUMBERJACK JOGGER BEIGE","timestamp":"2026-06-26T14:37:25.735Z"}
{"level":"info","message":"   📸 Images: 4","timestamp":"2026-06-26T14:37:25.736Z"}
{"level":"info","message":"   💰 Selling Price: 5200 DA","timestamp":"2026-06-26T14:37:25.736Z"}
{"level":"info","message":"   💰 Cost Price: 3360 DA","timestamp":"2026-06-26T14:37:25.736Z"}
{"level":"info","message":"   📏 Variant Type: Taille (taille)","timestamp":"2026-06-26T14:37:25.737Z"}
{"level":"info","message":"   📏 Variants: 6","timestamp":"2026-06-26T14:37:25.737Z"}
{"level":"info","message":"   📦 Total stock: 539","timestamp":"2026-06-26T14:37:25.737Z"}
{"level":"info","message":"   📏 Tailles:","timestamp":"2026-06-26T14:37:25.737Z"}
{"level":"info","message":"      S: 25 pieces","timestamp":"2026-06-26T14:37:25.738Z"}
{"level":"info","message":"      M: 70 pieces","timestamp":"2026-06-26T14:37:25.738Z"}
{"level":"info","message":"      L: 148 pieces","timestamp":"2026-06-26T14:37:25.738Z"}
{"level":"info","message":"      XL: 150 pieces","timestamp":"2026-06-26T14:37:25.738Z"}
{"level":"info","message":"      2XL: 94 pieces","timestamp":"2026-06-26T14:37:25.738Z"}
{"level":"info","message":"      3XL: 52 pieces","timestamp":"2026-06-26T14:37:25.739Z"}
{"level":"info","message":"💾 Product saved to product-10206.json","timestamp":"2026-06-26T14:37:25.740Z"}
{"level":"info","message":"Browser closed","timestamp":"2026-06-26T14:37:25.849Z"}
{"level":"error","message":"Failed to initialize browser: An `executablePath` or `channel` must be specified for `puppeteer-core`","stack":"Error: An `executablePath` or `channel` must be specified for `puppeteer-core`\n    at assert (C:\\Users\\33612\\Desktop\\info alger1\\dev web\\kimland-shopify-sync\\node_modules\\puppeteer-core\\lib\\cjs\\puppeteer\\util\\assert.js:18:15)\n    at ChromeLauncher.computeLaunchArguments (C:\\Users\\33612\\Desktop\\info alger1\\dev web\\kimland-shopify-sync\\node_modules\\puppeteer-core\\lib\\cjs\\puppeteer\\node\\ChromeLauncher.js:88:36)\n    at async ChromeLauncher.launch (C:\\Users\\33612\\Desktop\\info alger1\\dev web\\kimland-shopify-sync\\node_modules\\puppeteer-core\\lib\\cjs\\puppeteer\\node\\ProductLauncher.js:70:28)\n    at async KimlandScraper.initialize (C:\\Users\\33612\\Desktop\\info alger1\\dev web\\kimland-shopify-sync\\src\\scrapers\\kimlandScraper.js:51:26)\n    at async C:\\Users\\33612\\Desktop\\info alger1\\dev web\\kimland-shopify-sync\\src\\routes\\apiRoutes.js:65:5","timestamp":"2026-06-26T17:22:55.621Z"}
{"level":"info","message":"Browser initialized successfully","timestamp":"2026-06-26T17:24:28.095Z"}
{"level":"info","message":"Logging in to Kimland...","timestamp":"2026-06-26T17:24:28.101Z"}
{"level":"info","message":"✅ Login successful!","timestamp":"2026-06-26T17:24:45.503Z"}
{"level":"info","message":"📋 Extracting product from: https://kimland.dz/product/10206/lumberjack-jogger-beige/","timestamp":"2026-06-26T17:24:45.504Z"}
{"level":"error","message":"❌ Failed to extract product:","timestamp":"2026-06-26T17:24:46.475Z"}
{"level":"info","message":"Browser initialized successfully","timestamp":"2026-06-26T17:24:49.518Z"}
{"level":"info","message":"Logging in to Kimland...","timestamp":"2026-06-26T17:24:49.519Z"}
{"level":"info","message":"✅ Login successful!","timestamp":"2026-06-26T17:25:06.752Z"}
{"level":"info","message":"📋 Extracting product from: https://kimland.dz/product/10206/lumberjack-jogger-beige/","timestamp":"2026-06-26T17:25:06.753Z"}
{"level":"error","message":"❌ Failed to extract product:","timestamp":"2026-06-26T17:25:08.016Z"}
{"level":"info","message":"Browser initialized successfully","timestamp":"2026-06-26T17:36:12.965Z"}
{"level":"info","message":"Logging in to Kimland...","timestamp":"2026-06-26T17:36:12.971Z"}
{"level":"info","message":"✅ Login successful!","timestamp":"2026-06-26T17:36:30.140Z"}
{"level":"info","message":"📋 Extracting product from: https://kimland.dz/product/10206/lumberjack-jogger-beige/","timestamp":"2026-06-26T17:36:30.142Z"}
{"level":"error","message":"❌ Failed to extract product:","timestamp":"2026-06-26T17:36:31.407Z"}
{"level":"info","message":"Browser initialized successfully","timestamp":"2026-06-26T17:39:55.944Z"}
{"level":"info","message":"Logging in to Kimland...","timestamp":"2026-06-26T17:39:55.957Z"}
{"level":"info","message":"✅ Login successful!","timestamp":"2026-06-26T17:39:59.952Z"}
{"level":"info","message":"📋 Extracting product from: https://kimland.dz/product/10206/lumberjack-jogger-beige/","timestamp":"2026-06-26T17:39:59.953Z"}
{"level":"error","message":"❌ Failed to extract product:","timestamp":"2026-06-26T17:40:02.628Z"}
{"level":"info","message":"Browser initialized successfully","timestamp":"2026-06-26T17:41:08.668Z"}
{"level":"info","message":"Logging in to Kimland...","timestamp":"2026-06-26T17:41:08.684Z"}
{"level":"info","message":"✅ Login successful!","timestamp":"2026-06-26T17:41:12.679Z"}
{"level":"info","message":"📋 Extracting product from: https://kimland.dz/product/10206/lumberjack-jogger-beige/","timestamp":"2026-06-26T17:41:12.679Z"}
{"level":"error","message":"❌ Failed to extract product:","timestamp":"2026-06-26T17:41:15.625Z"}
{"level":"info","message":"Browser initialized successfully","timestamp":"2026-06-26T17:42:32.355Z"}
{"level":"info","message":"Logging in to Kimland...","timestamp":"2026-06-26T17:42:32.362Z"}
{"level":"info","message":"Browser initialized","timestamp":"2026-06-26T17:59:39.911Z"}
{"level":"info","message":"Logging in to Kimland...","timestamp":"2026-06-26T17:59:39.913Z"}
{"level":"info","message":"✅ Email filled using selector: input[type=\"email\"]","timestamp":"2026-06-26T17:59:44.516Z"}
{"level":"info","message":"✅ Username filled using selector: input[name=\"username\"]","timestamp":"2026-06-26T17:59:44.529Z"}
{"level":"info","message":"✅ Password filled using selector: input[type=\"password\"]","timestamp":"2026-06-26T17:59:44.544Z"}
{"level":"info","message":"✅ Login clicked using selector: button[type=\"submit\"]","timestamp":"2026-06-26T17:59:44.614Z"}
{"level":"info","message":"Current URL after login: https://kimland.dz/app/client/index.php","timestamp":"2026-06-26T17:59:45.331Z"}
{"level":"info","message":"✅ Login successful!","timestamp":"2026-06-26T17:59:45.332Z"}
{"level":"info","message":"📋 Extracting product from: https://kimland.dz/product/10206/lumberjack-jogger-beige/","timestamp":"2026-06-26T17:59:45.332Z"}
{"level":"info","message":"✅ Extracted: LUMBERJACK JOGGER BEIGE","timestamp":"2026-06-26T17:59:51.673Z"}
{"level":"info","message":"   📸 Images: 4","timestamp":"2026-06-26T17:59:51.673Z"}
{"level":"info","message":"   💰 Selling Price: 5200 DA","timestamp":"2026-06-26T17:59:51.673Z"}
{"level":"info","message":"   💰 Cost Price: 3360 DA","timestamp":"2026-06-26T17:59:51.673Z"}
{"level":"info","message":"   📏 Variant Type: Taille (taille)","timestamp":"2026-06-26T17:59:51.674Z"}
{"level":"info","message":"   📏 Variants: 6","timestamp":"2026-06-26T17:59:51.674Z"}
{"level":"info","message":"   📦 Total stock: 539","timestamp":"2026-06-26T17:59:51.674Z"}
{"level":"info","message":"   📏 Tailles:","timestamp":"2026-06-26T17:59:51.674Z"}
{"level":"info","message":"      S: 25 pieces","timestamp":"2026-06-26T17:59:51.674Z"}
{"level":"info","message":"      M: 70 pieces","timestamp":"2026-06-26T17:59:51.674Z"}
{"level":"info","message":"      L: 148 pieces","timestamp":"2026-06-26T17:59:51.674Z"}
{"level":"info","message":"      XL: 150 pieces","timestamp":"2026-06-26T17:59:51.675Z"}
{"level":"info","message":"      2XL: 94 pieces","timestamp":"2026-06-26T17:59:51.675Z"}
{"level":"info","message":"      3XL: 52 pieces","timestamp":"2026-06-26T17:59:51.675Z"}
{"level":"info","message":"💾 Product saved to product-10206.json","timestamp":"2026-06-26T17:59:51.676Z"}
{"level":"info","message":"Browser closed","timestamp":"2026-06-26T17:59:51.787Z"}
{"level":"info","message":"Browser initialized","timestamp":"2026-06-26T18:00:34.020Z"}
{"level":"info","message":"Logging in to Kimland...","timestamp":"2026-06-26T18:00:34.021Z"}
{"level":"info","message":"✅ Email filled using selector: input[type=\"email\"]","timestamp":"2026-06-26T18:00:35.905Z"}
{"level":"info","message":"✅ Username filled using selector: input[name=\"username\"]","timestamp":"2026-06-26T18:00:35.916Z"}
{"level":"info","message":"✅ Password filled using selector: input[type=\"password\"]","timestamp":"2026-06-26T18:00:35.928Z"}
{"level":"info","message":"✅ Login clicked using selector: button[type=\"submit\"]","timestamp":"2026-06-26T18:00:35.975Z"}
{"level":"info","message":"Current URL after login: https://kimland.dz/app/client/index.php","timestamp":"2026-06-26T18:00:36.679Z"}
{"level":"info","message":"✅ Login successful!","timestamp":"2026-06-26T18:00:36.680Z"}
{"level":"info","message":"📋 Extracting product from: https://kimland.dz/product/10206/lumberjack-jogger-beige/","timestamp":"2026-06-26T18:00:36.680Z"}
{"level":"info","message":"✅ Extracted: LUMBERJACK JOGGER BEIGE","timestamp":"2026-06-26T18:00:43.227Z"}
{"level":"info","message":"   📸 Images: 4","timestamp":"2026-06-26T18:00:43.227Z"}
{"level":"info","message":"   💰 Selling Price: 5200 DA","timestamp":"2026-06-26T18:00:43.227Z"}
{"level":"info","message":"   💰 Cost Price: 3360 DA","timestamp":"2026-06-26T18:00:43.228Z"}
{"level":"info","message":"   📏 Variant Type: Taille (taille)","timestamp":"2026-06-26T18:00:43.228Z"}
{"level":"info","message":"   📏 Variants: 6","timestamp":"2026-06-26T18:00:43.228Z"}
{"level":"info","message":"   📦 Total stock: 539","timestamp":"2026-06-26T18:00:43.228Z"}
{"level":"info","message":"   📏 Tailles:","timestamp":"2026-06-26T18:00:43.228Z"}
{"level":"info","message":"      S: 25 pieces","timestamp":"2026-06-26T18:00:43.229Z"}
{"level":"info","message":"      M: 70 pieces","timestamp":"2026-06-26T18:00:43.229Z"}
{"level":"info","message":"      L: 148 pieces","timestamp":"2026-06-26T18:00:43.229Z"}
{"level":"info","message":"      XL: 150 pieces","timestamp":"2026-06-26T18:00:43.229Z"}
{"level":"info","message":"      2XL: 94 pieces","timestamp":"2026-06-26T18:00:43.229Z"}
{"level":"info","message":"      3XL: 52 pieces","timestamp":"2026-06-26T18:00:43.229Z"}
{"level":"info","message":"💾 Product saved to product-10206.json","timestamp":"2026-06-26T18:00:43.231Z"}
{"level":"info","message":"Browser closed","timestamp":"2026-06-26T18:00:43.321Z"}
{"level":"info","message":"Browser initialized","timestamp":"2026-06-26T18:00:43.512Z"}
{"level":"info","message":"Logging in to Kimland...","timestamp":"2026-06-26T18:00:43.512Z"}
{"level":"info","message":"✅ Email filled using selector: input[type=\"email\"]","timestamp":"2026-06-26T18:00:45.851Z"}
{"level":"info","message":"✅ Username filled using selector: input[name=\"username\"]","timestamp":"2026-06-26T18:00:45.862Z"}
{"level":"info","message":"✅ Password filled using selector: input[type=\"password\"]","timestamp":"2026-06-26T18:00:45.874Z"}
{"level":"info","message":"✅ Login clicked using selector: button[type=\"submit\"]","timestamp":"2026-06-26T18:00:45.927Z"}
{"level":"info","message":"Current URL after login: https://kimland.dz/app/client/index.php","timestamp":"2026-06-26T18:00:46.737Z"}
{"level":"info","message":"✅ Login successful!","timestamp":"2026-06-26T18:00:46.738Z"}
{"level":"info","message":"📋 Extracting product from: https://kimland.dz/product/10201/depart-jogging-cargo-slim-homme-khaki/","timestamp":"2026-06-26T18:00:46.738Z"}
{"level":"info","message":"✅ Extracted: DEPART JOGGING CARGO SLIM HOMME KHAKI","timestamp":"2026-06-26T18:00:52.953Z"}
{"level":"info","message":"   📸 Images: 6","timestamp":"2026-06-26T18:00:52.954Z"}
{"level":"info","message":"   💰 Selling Price: 2900 DA","timestamp":"2026-06-26T18:00:52.954Z"}
{"level":"info","message":"   💰 Cost Price: 2280 DA","timestamp":"2026-06-26T18:00:52.954Z"}
{"level":"info","message":"   📏 Variant Type: Taille (taille)","timestamp":"2026-06-26T18:00:52.954Z"}
{"level":"info","message":"   📏 Variants: 4","timestamp":"2026-06-26T18:00:52.955Z"}
{"level":"info","message":"   📦 Total stock: 730","timestamp":"2026-06-26T18:00:52.955Z"}
{"level":"info","message":"   📏 Tailles:","timestamp":"2026-06-26T18:00:52.955Z"}
{"level":"info","message":"      S: 55 pieces","timestamp":"2026-06-26T18:00:52.955Z"}
{"level":"info","message":"      M: 303 pieces","timestamp":"2026-06-26T18:00:52.956Z"}
{"level":"info","message":"      L: 347 pieces","timestamp":"2026-06-26T18:00:52.956Z"}
{"level":"info","message":"      2XL: 25 pieces","timestamp":"2026-06-26T18:00:52.956Z"}
{"level":"info","message":"💾 Product saved to product-10201.json","timestamp":"2026-06-26T18:00:52.958Z"}
{"level":"info","message":"Browser closed","timestamp":"2026-06-26T18:00:53.030Z"}
{"level":"info","message":"Browser initialized","timestamp":"2026-06-26T18:00:53.230Z"}
{"level":"info","message":"Logging in to Kimland...","timestamp":"2026-06-26T18:00:53.230Z"}
{"level":"info","message":"✅ Email filled using selector: input[type=\"email\"]","timestamp":"2026-06-26T18:00:55.085Z"}
{"level":"info","message":"✅ Username filled using selector: input[name=\"username\"]","timestamp":"2026-06-26T18:00:55.094Z"}
{"level":"info","message":"✅ Password filled using selector: input[type=\"password\"]","timestamp":"2026-06-26T18:00:55.106Z"}
{"level":"info","message":"✅ Login clicked using selector: button[type=\"submit\"]","timestamp":"2026-06-26T18:00:55.162Z"}
{"level":"info","message":"Current URL after login: https://kimland.dz/app/client/index.php","timestamp":"2026-06-26T18:00:56.020Z"}
{"level":"info","message":"✅ Login successful!","timestamp":"2026-06-26T18:00:56.021Z"}
{"level":"info","message":"📋 Extracting product from: https://kimland.dz/product/9022/pantalon-reebok/","timestamp":"2026-06-26T18:00:56.021Z"}
{"level":"info","message":"✅ Extracted: PANTALON REEBOK","timestamp":"2026-06-26T18:01:02.344Z"}
{"level":"info","message":"   📸 Images: 4","timestamp":"2026-06-26T18:01:02.344Z"}
{"level":"info","message":"   💰 Selling Price: 11400 DA","timestamp":"2026-06-26T18:01:02.344Z"}
{"level":"info","message":"   💰 Cost Price: 7800 DA","timestamp":"2026-06-26T18:01:02.345Z"}
{"level":"info","message":"   📏 Variant Type: Taille (taille)","timestamp":"2026-06-26T18:01:02.345Z"}
{"level":"info","message":"   📏 Variants: 5","timestamp":"2026-06-26T18:01:02.345Z"}
{"level":"info","message":"   📦 Total stock: 71","timestamp":"2026-06-26T18:01:02.345Z"}
{"level":"info","message":"   📏 Tailles:","timestamp":"2026-06-26T18:01:02.345Z"}
{"level":"info","message":"      S: 15 pieces","timestamp":"2026-06-26T18:01:02.346Z"}
{"level":"info","message":"      M: 19 pieces","timestamp":"2026-06-26T18:01:02.346Z"}
{"level":"info","message":"      L: 21 pieces","timestamp":"2026-06-26T18:01:02.346Z"}
{"level":"info","message":"      XL: 11 pieces","timestamp":"2026-06-26T18:01:02.346Z"}
{"level":"info","message":"      XXL: 5 pieces","timestamp":"2026-06-26T18:01:02.346Z"}
{"level":"info","message":"💾 Product saved to product-9022.json","timestamp":"2026-06-26T18:01:02.348Z"}
{"level":"info","message":"Browser closed","timestamp":"2026-06-26T18:01:02.436Z"}
{"level":"info","message":"📊 Batch CSV exported to: C:\\Users\\33612\\Desktop\\info alger1\\dev web\\kimland-shopify-sync\\exports\\products_export_batch_1782498926537.csv","timestamp":"2026-06-26T18:35:26.552Z"}
{"level":"info","message":"Browser initialized","timestamp":"2026-06-26T18:36:01.917Z"}
{"level":"info","message":"Logging in to Kimland...","timestamp":"2026-06-26T18:36:01.918Z"}
{"level":"info","message":"✅ Email filled using selector: input[type=\"email\"]","timestamp":"2026-06-26T18:36:06.516Z"}
{"level":"info","message":"✅ Username filled using selector: input[name=\"username\"]","timestamp":"2026-06-26T18:36:06.550Z"}
{"level":"info","message":"✅ Password filled using selector: input[type=\"password\"]","timestamp":"2026-06-26T18:36:06.569Z"}
{"level":"info","message":"✅ Login clicked using selector: button[type=\"submit\"]","timestamp":"2026-06-26T18:36:06.668Z"}
{"level":"info","message":"Current URL after login: https://kimland.dz/app/client/index.php","timestamp":"2026-06-26T18:36:07.464Z"}
{"level":"info","message":"✅ Login successful!","timestamp":"2026-06-26T18:36:07.464Z"}
{"level":"info","message":"📋 Extracting product from: https://kimland.dz/product/9022/pantalon-reebok/","timestamp":"2026-06-26T18:36:07.465Z"}
{"level":"info","message":"✅ Extracted: PANTALON REEBOK","timestamp":"2026-06-26T18:36:13.908Z"}
{"level":"info","message":"   📸 Images: 4","timestamp":"2026-06-26T18:36:13.909Z"}
{"level":"info","message":"   💰 Selling Price: 11400 DA","timestamp":"2026-06-26T18:36:13.909Z"}
{"level":"info","message":"   💰 Cost Price: 7800 DA","timestamp":"2026-06-26T18:36:13.910Z"}
{"level":"info","message":"   📏 Variant Type: Taille (taille)","timestamp":"2026-06-26T18:36:13.910Z"}
{"level":"info","message":"   📏 Variants: 5","timestamp":"2026-06-26T18:36:13.910Z"}
{"level":"info","message":"   📦 Total stock: 71","timestamp":"2026-06-26T18:36:13.910Z"}
{"level":"info","message":"   📏 Tailles:","timestamp":"2026-06-26T18:36:13.911Z"}
{"level":"info","message":"      S: 15 pieces","timestamp":"2026-06-26T18:36:13.911Z"}
{"level":"info","message":"      M: 19 pieces","timestamp":"2026-06-26T18:36:13.911Z"}
{"level":"info","message":"      L: 21 pieces","timestamp":"2026-06-26T18:36:13.911Z"}
{"level":"info","message":"      XL: 11 pieces","timestamp":"2026-06-26T18:36:13.911Z"}
{"level":"info","message":"      XXL: 5 pieces","timestamp":"2026-06-26T18:36:13.911Z"}
{"level":"info","message":"💾 Product saved to product-9022.json","timestamp":"2026-06-26T18:36:13.913Z"}
{"level":"info","message":"Browser closed","timestamp":"2026-06-26T18:36:14.026Z"}
{"level":"info","message":"Browser initialized","timestamp":"2026-06-26T18:36:14.264Z"}
{"level":"info","message":"Logging in to Kimland...","timestamp":"2026-06-26T18:36:14.265Z"}
{"level":"info","message":"✅ Email filled using selector: input[type=\"email\"]","timestamp":"2026-06-26T18:36:16.113Z"}
{"level":"info","message":"✅ Username filled using selector: input[name=\"username\"]","timestamp":"2026-06-26T18:36:16.127Z"}
{"level":"info","message":"✅ Password filled using selector: input[type=\"password\"]","timestamp":"2026-06-26T18:36:16.143Z"}
{"level":"info","message":"✅ Login clicked using selector: button[type=\"submit\"]","timestamp":"2026-06-26T18:36:16.200Z"}
{"level":"info","message":"Current URL after login: https://kimland.dz/app/client/index.php","timestamp":"2026-06-26T18:36:16.882Z"}
{"level":"info","message":"✅ Login successful!","timestamp":"2026-06-26T18:36:16.883Z"}
{"level":"info","message":"📋 Extracting product from: https://kimland.dz/product/11251/depart-polo/","timestamp":"2026-06-26T18:36:16.883Z"}
{"level":"info","message":"✅ Extracted: DEPART POLO","timestamp":"2026-06-26T18:36:23.276Z"}
{"level":"info","message":"   📸 Images: 5","timestamp":"2026-06-26T18:36:23.276Z"}
{"level":"info","message":"   💰 Selling Price: 2900 DA","timestamp":"2026-06-26T18:36:23.276Z"}
{"level":"info","message":"   💰 Cost Price: 2010 DA","timestamp":"2026-06-26T18:36:23.277Z"}
{"level":"info","message":"   📏 Variant Type: Taille (taille)","timestamp":"2026-06-26T18:36:23.277Z"}
{"level":"info","message":"   📏 Variants: 5","timestamp":"2026-06-26T18:36:23.277Z"}
{"level":"info","message":"   📦 Total stock: 298","timestamp":"2026-06-26T18:36:23.277Z"}
{"level":"info","message":"   📏 Tailles:","timestamp":"2026-06-26T18:36:23.278Z"}
{"level":"info","message":"      S: 30 pieces","timestamp":"2026-06-26T18:36:23.278Z"}
{"level":"info","message":"      M: 88 pieces","timestamp":"2026-06-26T18:36:23.278Z"}
{"level":"info","message":"      L: 90 pieces","timestamp":"2026-06-26T18:36:23.278Z"}
{"level":"info","message":"      XL: 60 pieces","timestamp":"2026-06-26T18:36:23.279Z"}
{"level":"info","message":"      2XL: 30 pieces","timestamp":"2026-06-26T18:36:23.279Z"}
{"level":"info","message":"💾 Product saved to product-11251.json","timestamp":"2026-06-26T18:36:23.281Z"}
{"level":"info","message":"Browser closed","timestamp":"2026-06-26T18:36:23.373Z"}
{"level":"info","message":"Browser initialized","timestamp":"2026-06-26T20:45:59.078Z"}
{"level":"info","message":"Logging in to Kimland...","timestamp":"2026-06-26T20:45:59.080Z"}
{"level":"info","message":"✅ Email filled using selector: input[type=\"email\"]","timestamp":"2026-06-26T20:46:06.556Z"}
{"level":"info","message":"✅ Username filled using selector: input[name=\"username\"]","timestamp":"2026-06-26T20:46:06.570Z"}
{"level":"info","message":"✅ Password filled using selector: input[type=\"password\"]","timestamp":"2026-06-26T20:46:06.584Z"}
{"level":"info","message":"✅ Login clicked using selector: button[type=\"submit\"]","timestamp":"2026-06-26T20:46:06.646Z"}
{"level":"info","message":"Current URL after login: https://kimland.dz/app/client/index.php","timestamp":"2026-06-26T20:46:07.357Z"}
{"level":"info","message":"✅ Login successful!","timestamp":"2026-06-26T20:46:07.357Z"}
{"level":"info","message":"📋 Extracting product from: https://kimland.dz/product/9022/pantalon-reebok/","timestamp":"2026-06-26T20:46:07.358Z"}
{"level":"info","message":"✅ Extracted: PANTALON REEBOK","timestamp":"2026-06-26T20:46:14.072Z"}
{"level":"info","message":"   📸 Images: 4","timestamp":"2026-06-26T20:46:14.073Z"}
{"level":"info","message":"   💰 Selling Price: 11400 DA","timestamp":"2026-06-26T20:46:14.073Z"}
{"level":"info","message":"   💰 Cost Price: 7800 DA","timestamp":"2026-06-26T20:46:14.073Z"}
{"level":"info","message":"   📏 Variant Type: Taille (taille)","timestamp":"2026-06-26T20:46:14.073Z"}
{"level":"info","message":"   📏 Variants: 5","timestamp":"2026-06-26T20:46:14.073Z"}
{"level":"info","message":"   📦 Total stock: 71","timestamp":"2026-06-26T20:46:14.073Z"}
{"level":"info","message":"   📏 Tailles:","timestamp":"2026-06-26T20:46:14.074Z"}
{"level":"info","message":"      S: 15 pieces","timestamp":"2026-06-26T20:46:14.074Z"}
{"level":"info","message":"      M: 19 pieces","timestamp":"2026-06-26T20:46:14.074Z"}
{"level":"info","message":"      L: 21 pieces","timestamp":"2026-06-26T20:46:14.074Z"}
{"level":"info","message":"      XL: 11 pieces","timestamp":"2026-06-26T20:46:14.074Z"}
{"level":"info","message":"      XXL: 5 pieces","timestamp":"2026-06-26T20:46:14.074Z"}
{"level":"info","message":"💾 Product saved to product-9022.json","timestamp":"2026-06-26T20:46:14.075Z"}
{"level":"info","message":"Browser closed","timestamp":"2026-06-26T20:46:14.181Z"}
{"level":"info","message":"Browser initialized","timestamp":"2026-06-27T14:10:15.177Z"}
{"level":"info","message":"Logging in to Kimland (attempt 1)...","timestamp":"2026-06-27T14:10:15.186Z"}
{"level":"info","message":"✅ Email filled using selector: input[type=\"email\"]","timestamp":"2026-06-27T14:10:20.314Z"}
{"level":"info","message":"✅ Username filled using selector: input[name=\"username\"]","timestamp":"2026-06-27T14:10:20.354Z"}
{"level":"info","message":"✅ Password filled using selector: input[type=\"password\"]","timestamp":"2026-06-27T14:10:20.399Z"}
{"level":"info","message":"✅ Login clicked using selector: button[type=\"submit\"]","timestamp":"2026-06-27T14:10:20.568Z"}
{"level":"info","message":"Current URL after login: https://kimland.dz/app/client/index.php","timestamp":"2026-06-27T14:10:21.596Z"}
{"level":"info","message":"✅ Login successful!","timestamp":"2026-06-27T14:10:21.597Z"}
{"level":"info","message":"📋 Extracting product from: https://kimland.dz/product/11264/depart-oversize-t-shirt-/","timestamp":"2026-06-27T14:10:21.599Z"}
{"level":"info","message":"✅ Extracted: DEPART OVERSIZE T-SHIRT","timestamp":"2026-06-27T14:10:28.591Z"}
{"level":"info","message":"   📸 Images: 5","timestamp":"2026-06-27T14:10:28.593Z"}
{"level":"info","message":"   💰 Selling Price: 2900 DA","timestamp":"2026-06-27T14:10:28.594Z"}
{"level":"info","message":"   💰 Cost Price: 2100 DA","timestamp":"2026-06-27T14:10:28.594Z"}
{"level":"info","message":"   📏 Variant Type: Taille (taille)","timestamp":"2026-06-27T14:10:28.595Z"}
{"level":"info","message":"   📏 Variants: 6","timestamp":"2026-06-27T14:10:28.595Z"}
{"level":"info","message":"   📦 Total stock: 207","timestamp":"2026-06-27T14:10:28.596Z"}
{"level":"info","message":"   📏 Tailles:","timestamp":"2026-06-27T14:10:28.597Z"}
{"level":"info","message":"      S: 17 pieces","timestamp":"2026-06-27T14:10:28.598Z"}
{"level":"info","message":"      M: 38 pieces","timestamp":"2026-06-27T14:10:28.598Z"}
{"level":"info","message":"      L: 40 pieces","timestamp":"2026-06-27T14:10:28.599Z"}
{"level":"info","message":"      XL: 46 pieces","timestamp":"2026-06-27T14:10:28.599Z"}
{"level":"info","message":"      2XL: 46 pieces","timestamp":"2026-06-27T14:10:28.601Z"}
{"level":"info","message":"      XS: 20 pieces","timestamp":"2026-06-27T14:10:28.601Z"}
{"level":"info","message":"💾 Product saved to product-11264.json","timestamp":"2026-06-27T14:10:28.604Z"}
{"level":"info","message":"Browser closed","timestamp":"2026-06-27T14:10:28.827Z"}
{"level":"info","message":"🛍️ Creating product in Shopify: DEPART OVERSIZE T-SHIRT","timestamp":"2026-06-27T14:10:34.476Z"}
{"level":"error","message":"❌ Failed to create product:","timestamp":"2026-06-27T14:10:35.090Z"}
{"level":"error","message":"❌ Upload error:","timestamp":"2026-06-27T14:10:35.092Z"}
{"level":"info","message":"Browser initialized","timestamp":"2026-06-27T14:10:55.982Z"}
{"level":"info","message":"Logging in to Kimland (attempt 1)...","timestamp":"2026-06-27T14:10:55.983Z"}
{"level":"info","message":"✅ Email filled using selector: input[type=\"email\"]","timestamp":"2026-06-27T14:10:57.486Z"}
{"level":"info","message":"✅ Username filled using selector: input[name=\"username\"]","timestamp":"2026-06-27T14:10:57.509Z"}
{"level":"info","message":"✅ Password filled using selector: input[type=\"password\"]","timestamp":"2026-06-27T14:10:57.538Z"}
{"level":"info","message":"✅ Login clicked using selector: button[type=\"submit\"]","timestamp":"2026-06-27T14:10:57.604Z"}
{"level":"info","message":"Current URL after login: https://kimland.dz/app/client/index.php","timestamp":"2026-06-27T14:10:58.303Z"}
{"level":"info","message":"✅ Login successful!","timestamp":"2026-06-27T14:10:58.304Z"}
{"level":"info","message":"📋 Extracting product from: https://kimland.dz/product/11264/depart-oversize-t-shirt-/","timestamp":"2026-06-27T14:10:58.304Z"}
{"level":"info","message":"✅ Extracted: DEPART OVERSIZE T-SHIRT","timestamp":"2026-06-27T14:11:04.948Z"}
{"level":"info","message":"   📸 Images: 5","timestamp":"2026-06-27T14:11:04.949Z"}
{"level":"info","message":"   💰 Selling Price: 2900 DA","timestamp":"2026-06-27T14:11:04.949Z"}
{"level":"info","message":"   💰 Cost Price: 2100 DA","timestamp":"2026-06-27T14:11:04.950Z"}
{"level":"info","message":"   📏 Variant Type: Taille (taille)","timestamp":"2026-06-27T14:11:04.950Z"}
{"level":"info","message":"   📏 Variants: 6","timestamp":"2026-06-27T14:11:04.951Z"}
{"level":"info","message":"   📦 Total stock: 207","timestamp":"2026-06-27T14:11:04.951Z"}
{"level":"info","message":"   📏 Tailles:","timestamp":"2026-06-27T14:11:04.951Z"}
{"level":"info","message":"      S: 17 pieces","timestamp":"2026-06-27T14:11:04.952Z"}
{"level":"info","message":"      M: 38 pieces","timestamp":"2026-06-27T14:11:04.952Z"}
{"level":"info","message":"      L: 40 pieces","timestamp":"2026-06-27T14:11:04.952Z"}
{"level":"info","message":"      XL: 46 pieces","timestamp":"2026-06-27T14:11:04.952Z"}
{"level":"info","message":"      2XL: 46 pieces","timestamp":"2026-06-27T14:11:04.953Z"}
{"level":"info","message":"      XS: 20 pieces","timestamp":"2026-06-27T14:11:04.953Z"}
{"level":"info","message":"💾 Product saved to product-11264.json","timestamp":"2026-06-27T14:11:04.955Z"}
{"level":"info","message":"Browser closed","timestamp":"2026-06-27T14:11:05.092Z"}
{"level":"info","message":"🛍️ Creating product in Shopify: DEPART OVERSIZE T-SHIRT","timestamp":"2026-06-27T14:11:07.975Z"}
{"level":"error","message":"❌ Failed to create product:","timestamp":"2026-06-27T14:11:08.261Z"}
{"level":"error","message":"❌ Upload error:","timestamp":"2026-06-27T14:11:08.262Z"}
{"level":"info","message":"🛍️ Creating product in Shopify: DEPART OVERSIZE T-SHIRT","timestamp":"2026-06-27T14:27:17.342Z"}
{"level":"error","message":"❌ Failed to create product:","timestamp":"2026-06-27T14:27:17.699Z"}
{"level":"error","message":"❌ Upload error:","timestamp":"2026-06-27T14:27:17.701Z"}
{"level":"info","message":"🛍️ Creating product in Shopify: DEPART OVERSIZE T-SHIRT","timestamp":"2026-06-27T14:27:32.296Z"}
{"level":"error","message":"❌ Failed to create product:","timestamp":"2026-06-27T14:27:32.648Z"}
{"level":"error","message":"❌ Upload error:","timestamp":"2026-06-27T14:27:32.649Z"}
{"level":"info","message":"Browser initialized","timestamp":"2026-06-27T14:50:43.203Z"}
{"level":"info","message":"Logging in to Kimland (attempt 1)...","timestamp":"2026-06-27T14:50:43.205Z"}
{"level":"info","message":"✅ Email filled using selector: input[type=\"email\"]","timestamp":"2026-06-27T14:50:50.324Z"}
{"level":"info","message":"✅ Username filled using selector: input[name=\"username\"]","timestamp":"2026-06-27T14:50:50.358Z"}
{"level":"info","message":"✅ Password filled using selector: input[type=\"password\"]","timestamp":"2026-06-27T14:50:50.397Z"}
{"level":"info","message":"✅ Login clicked using selector: button[type=\"submit\"]","timestamp":"2026-06-27T14:50:50.524Z"}
{"level":"info","message":"Current URL after login: https://kimland.dz/app/client/index.php","timestamp":"2026-06-27T14:50:51.504Z"}
{"level":"info","message":"✅ Login successful!","timestamp":"2026-06-27T14:50:51.504Z"}
{"level":"info","message":"📋 Extracting product from: https://kimland.dz/product/11264/depart-oversize-t-shirt-/","timestamp":"2026-06-27T14:50:51.505Z"}
{"level":"info","message":"✅ Extracted: DEPART OVERSIZE T-SHIRT","timestamp":"2026-06-27T14:50:58.351Z"}
{"level":"info","message":"   📸 Images: 5","timestamp":"2026-06-27T14:50:58.352Z"}
{"level":"info","message":"   💰 Selling Price: 2900 DA","timestamp":"2026-06-27T14:50:58.352Z"}
{"level":"info","message":"   💰 Cost Price: 2100 DA","timestamp":"2026-06-27T14:50:58.353Z"}
{"level":"info","message":"   📏 Variant Type: Taille (taille)","timestamp":"2026-06-27T14:50:58.353Z"}
{"level":"info","message":"   📏 Variants: 6","timestamp":"2026-06-27T14:50:58.354Z"}
{"level":"info","message":"   📦 Total stock: 207","timestamp":"2026-06-27T14:50:58.354Z"}
{"level":"info","message":"   📏 Tailles:","timestamp":"2026-06-27T14:50:58.354Z"}
{"level":"info","message":"      S: 17 pieces","timestamp":"2026-06-27T14:50:58.355Z"}
{"level":"info","message":"      M: 38 pieces","timestamp":"2026-06-27T14:50:58.355Z"}
{"level":"info","message":"      L: 40 pieces","timestamp":"2026-06-27T14:50:58.355Z"}
{"level":"info","message":"      XL: 46 pieces","timestamp":"2026-06-27T14:50:58.356Z"}
{"level":"info","message":"      2XL: 46 pieces","timestamp":"2026-06-27T14:50:58.356Z"}
{"level":"info","message":"      XS: 20 pieces","timestamp":"2026-06-27T14:50:58.356Z"}
{"level":"info","message":"💾 Product saved to product-11264.json","timestamp":"2026-06-27T14:50:58.359Z"}
{"level":"info","message":"Browser closed","timestamp":"2026-06-27T14:50:58.497Z"}
{"level":"info","message":"Browser initialized","timestamp":"2026-06-27T15:43:05.790Z"}
{"level":"info","message":"Logging in to Kimland (attempt 1)...","timestamp":"2026-06-27T15:43:05.794Z"}
{"level":"info","message":"✅ Email filled using selector: input[type=\"email\"]","timestamp":"2026-06-27T15:43:10.778Z"}
{"level":"info","message":"✅ Username filled using selector: input[name=\"username\"]","timestamp":"2026-06-27T15:43:10.813Z"}
{"level":"info","message":"✅ Password filled using selector: input[type=\"password\"]","timestamp":"2026-06-27T15:43:10.840Z"}
{"level":"info","message":"✅ Login clicked using selector: button[type=\"submit\"]","timestamp":"2026-06-27T15:43:10.977Z"}
{"level":"info","message":"Current URL after login: https://kimland.dz/app/client/index.php","timestamp":"2026-06-27T15:43:12.090Z"}
{"level":"info","message":"✅ Login successful!","timestamp":"2026-06-27T15:43:12.091Z"}
{"level":"info","message":"📋 Extracting product from: https://kimland.dz/product/11264/depart-oversize-t-shirt-/","timestamp":"2026-06-27T15:43:12.092Z"}
{"level":"info","message":"✅ Extracted: DEPART OVERSIZE T-SHIRT","timestamp":"2026-06-27T15:43:19.058Z"}
{"level":"info","message":"   📸 Images: 5","timestamp":"2026-06-27T15:43:19.059Z"}
{"level":"info","message":"   💰 Selling Price: 2900 DA","timestamp":"2026-06-27T15:43:19.059Z"}
{"level":"info","message":"   💰 Cost Price: 2100 DA","timestamp":"2026-06-27T15:43:19.059Z"}
{"level":"info","message":"   📏 Variant Type: Taille (taille)","timestamp":"2026-06-27T15:43:19.060Z"}
{"level":"info","message":"   📏 Variants: 6","timestamp":"2026-06-27T15:43:19.060Z"}
{"level":"info","message":"   📦 Total stock: 207","timestamp":"2026-06-27T15:43:19.060Z"}
{"level":"info","message":"   📏 Tailles:","timestamp":"2026-06-27T15:43:19.060Z"}
{"level":"info","message":"      S: 17 pieces","timestamp":"2026-06-27T15:43:19.060Z"}
{"level":"info","message":"      M: 38 pieces","timestamp":"2026-06-27T15:43:19.061Z"}
{"level":"info","message":"      L: 40 pieces","timestamp":"2026-06-27T15:43:19.061Z"}
{"level":"info","message":"      XL: 46 pieces","timestamp":"2026-06-27T15:43:19.061Z"}
{"level":"info","message":"      2XL: 46 pieces","timestamp":"2026-06-27T15:43:19.062Z"}
{"level":"info","message":"      XS: 20 pieces","timestamp":"2026-06-27T15:43:19.062Z"}
{"level":"info","message":"💾 Product saved to product-11264.json","timestamp":"2026-06-27T15:43:19.063Z"}
{"level":"info","message":"Browser closed","timestamp":"2026-06-27T15:43:19.227Z"}
{"level":"info","message":"🛍️ Creating product in Shopify: DEPART OVERSIZE T-SHIRT","timestamp":"2026-06-27T15:43:21.372Z"}
{"level":"error","message":"❌ Failed to create product:","timestamp":"2026-06-27T15:43:21.757Z"}
{"level":"error","message":"❌ Upload error:","timestamp":"2026-06-27T15:43:21.758Z"}
{"level":"info","message":"🛍️ Creating product in Shopify: DEPART OVERSIZE T-SHIRT","timestamp":"2026-06-27T15:43:26.407Z"}
{"level":"error","message":"❌ Failed to create product:","timestamp":"2026-06-27T15:43:26.670Z"}
{"level":"error","message":"❌ Upload error:","timestamp":"2026-06-27T15:43:26.671Z"}
{"level":"info","message":"🛍️ Creating product in Shopify: DEPART OVERSIZE T-SHIRT","timestamp":"2026-06-27T15:43:29.479Z"}
{"level":"error","message":"❌ Failed to create product:","timestamp":"2026-06-27T15:43:29.740Z"}
{"level":"error","message":"❌ Upload error:","timestamp":"2026-06-27T15:43:29.741Z"}
{"level":"info","message":"Browser initialized","timestamp":"2026-06-27T15:49:58.644Z"}
{"level":"info","message":"Logging in to Kimland (attempt 1)...","timestamp":"2026-06-27T15:49:58.651Z"}
{"level":"info","message":"✅ Email filled using selector: input[type=\"email\"]","timestamp":"2026-06-27T15:50:00.505Z"}
{"level":"info","message":"✅ Username filled using selector: input[name=\"username\"]","timestamp":"2026-06-27T15:50:00.535Z"}
{"level":"info","message":"✅ Password filled using selector: input[type=\"password\"]","timestamp":"2026-06-27T15:50:00.565Z"}
{"level":"info","message":"✅ Login clicked using selector: button[type=\"submit\"]","timestamp":"2026-06-27T15:50:00.649Z"}
{"level":"info","message":"Current URL after login: https://kimland.dz/app/client/index.php","timestamp":"2026-06-27T15:50:01.821Z"}
{"level":"info","message":"✅ Login successful!","timestamp":"2026-06-27T15:50:01.822Z"}
{"level":"info","message":"📋 Extracting product from: https://kimland.dz/product/11264/depart-oversize-t-shirt-/","timestamp":"2026-06-27T15:50:01.826Z"}
{"level":"info","message":"✅ Extracted: DEPART OVERSIZE T-SHIRT","timestamp":"2026-06-27T15:50:11.803Z"}
{"level":"info","message":"   📸 Images: 5","timestamp":"2026-06-27T15:50:11.804Z"}
{"level":"info","message":"   💰 Selling Price: 2900 DA","timestamp":"2026-06-27T15:50:11.804Z"}
{"level":"info","message":"   💰 Cost Price: 2100 DA","timestamp":"2026-06-27T15:50:11.805Z"}
{"level":"info","message":"   📏 Variant Type: Taille (taille)","timestamp":"2026-06-27T15:50:11.805Z"}
{"level":"info","message":"   📏 Variants: 6","timestamp":"2026-06-27T15:50:11.805Z"}
{"level":"info","message":"   📦 Total stock: 207","timestamp":"2026-06-27T15:50:11.806Z"}
{"level":"info","message":"   📏 Tailles:","timestamp":"2026-06-27T15:50:11.806Z"}
{"level":"info","message":"      S: 17 pieces","timestamp":"2026-06-27T15:50:11.807Z"}
{"level":"info","message":"      M: 38 pieces","timestamp":"2026-06-27T15:50:11.808Z"}
{"level":"info","message":"      L: 40 pieces","timestamp":"2026-06-27T15:50:11.808Z"}
{"level":"info","message":"      XL: 46 pieces","timestamp":"2026-06-27T15:50:11.808Z"}
{"level":"info","message":"      2XL: 46 pieces","timestamp":"2026-06-27T15:50:11.808Z"}
{"level":"info","message":"      XS: 20 pieces","timestamp":"2026-06-27T15:50:11.809Z"}
{"level":"info","message":"💾 Product saved to product-11264.json","timestamp":"2026-06-27T15:50:11.810Z"}
{"level":"info","message":"Browser closed","timestamp":"2026-06-27T15:50:12.002Z"}
{"level":"info","message":"🛍️ Creating product in Shopify: DEPART OVERSIZE T-SHIRT","timestamp":"2026-06-27T15:50:29.109Z"}
{"level":"info","message":"✅ Created product: DEPART OVERSIZE T-SHIRT (ID: 10285236715803)","timestamp":"2026-06-27T15:50:37.077Z"}
{"level":"info","message":"   📸 5 images uploaded","timestamp":"2026-06-27T15:50:37.078Z"}
{"level":"info","message":"   📏 6 variants created","timestamp":"2026-06-27T15:50:37.078Z"}
{"level":"info","message":"✅ Mapped Kimland 11264 → Shopify 10285236715803","timestamp":"2026-06-27T15:50:37.081Z"}
{"level":"info","message":"Browser initialized","timestamp":"2026-06-27T16:49:52.373Z"}
{"level":"info","message":"Logging in to Kimland (attempt 1)...","timestamp":"2026-06-27T16:49:52.376Z"}
{"level":"info","message":"✅ Email filled using selector: input[type=\"email\"]","timestamp":"2026-06-27T16:49:56.933Z"}
{"level":"info","message":"✅ Username filled using selector: input[name=\"username\"]","timestamp":"2026-06-27T16:49:56.946Z"}
{"level":"info","message":"✅ Password filled using selector: input[type=\"password\"]","timestamp":"2026-06-27T16:49:56.959Z"}
{"level":"info","message":"✅ Login clicked using selector: button[type=\"submit\"]","timestamp":"2026-06-27T16:49:57.050Z"}
{"level":"info","message":"Current URL after login: https://kimland.dz/app/client/index.php","timestamp":"2026-06-27T16:49:57.862Z"}
{"level":"info","message":"✅ Login successful!","timestamp":"2026-06-27T16:49:57.862Z"}
{"level":"info","message":"📋 Extracting product from: d","timestamp":"2026-06-27T16:49:57.864Z"}
{"level":"error","message":"❌ Failed to extract product:","timestamp":"2026-06-27T16:49:57.870Z"}
{"level":"info","message":"Browser initialized","timestamp":"2026-06-27T16:50:06.288Z"}
{"level":"info","message":"Logging in to Kimland (attempt 1)...","timestamp":"2026-06-27T16:50:06.289Z"}
{"level":"info","message":"✅ Email filled using selector: input[type=\"email\"]","timestamp":"2026-06-27T16:50:08.044Z"}
{"level":"info","message":"✅ Username filled using selector: input[name=\"username\"]","timestamp":"2026-06-27T16:50:08.051Z"}
{"level":"info","message":"✅ Password filled using selector: input[type=\"password\"]","timestamp":"2026-06-27T16:50:08.061Z"}
{"level":"info","message":"✅ Login clicked using selector: button[type=\"submit\"]","timestamp":"2026-06-27T16:50:08.097Z"}
{"level":"info","message":"Current URL after login: https://kimland.dz/app/client/index.php","timestamp":"2026-06-27T16:50:08.782Z"}
{"level":"info","message":"✅ Login successful!","timestamp":"2026-06-27T16:50:08.782Z"}
{"level":"info","message":"📋 Extracting product from: gddg","timestamp":"2026-06-27T16:50:08.783Z"}
{"level":"error","message":"❌ Failed to extract product:","timestamp":"2026-06-27T16:50:08.785Z"}
{"level":"info","message":"Browser initialized","timestamp":"2026-06-27T16:53:16.546Z"}
{"level":"info","message":"Logging in to Kimland (attempt 1)...","timestamp":"2026-06-27T16:53:16.551Z"}
{"level":"info","message":"✅ Email filled using selector: input[type=\"email\"]","timestamp":"2026-06-27T16:53:18.298Z"}
{"level":"info","message":"✅ Username filled using selector: input[name=\"username\"]","timestamp":"2026-06-27T16:53:18.311Z"}
{"level":"info","message":"✅ Password filled using selector: input[type=\"password\"]","timestamp":"2026-06-27T16:53:18.324Z"}
{"level":"info","message":"✅ Login clicked using selector: button[type=\"submit\"]","timestamp":"2026-06-27T16:53:18.379Z"}
{"level":"info","message":"Current URL after login: https://kimland.dz/app/client/index.php","timestamp":"2026-06-27T16:53:19.044Z"}
{"level":"info","message":"✅ Login successful!","timestamp":"2026-06-27T16:53:19.044Z"}
{"level":"info","message":"📋 Extracting product from: https://kimland.dz/product/10191/depart-jogger-slim-homme-marron/","timestamp":"2026-06-27T16:53:19.045Z"}
{"level":"info","message":"✅ Extracted: DEPART JOGGER SLIM HOMME MARRON","timestamp":"2026-06-27T16:53:25.309Z"}
{"level":"info","message":"   📸 Images: 6","timestamp":"2026-06-27T16:53:25.309Z"}
{"level":"info","message":"   💰 Selling Price: 3900 DA","timestamp":"2026-06-27T16:53:25.309Z"}
{"level":"info","message":"   💰 Cost Price: 2550 DA","timestamp":"2026-06-27T16:53:25.310Z"}
{"level":"info","message":"   📏 Variant Type: Taille (taille)","timestamp":"2026-06-27T16:53:25.310Z"}
{"level":"info","message":"   📏 Variants: 6","timestamp":"2026-06-27T16:53:25.310Z"}
{"level":"info","message":"   📦 Total stock: 758","timestamp":"2026-06-27T16:53:25.310Z"}
{"level":"info","message":"   📏 Tailles:","timestamp":"2026-06-27T16:53:25.310Z"}
{"level":"info","message":"      S: 10 pieces","timestamp":"2026-06-27T16:53:25.311Z"}
{"level":"info","message":"      M: 169 pieces","timestamp":"2026-06-27T16:53:25.311Z"}
{"level":"info","message":"      L: 240 pieces","timestamp":"2026-06-27T16:53:25.311Z"}
{"level":"info","message":"      XL: 262 pieces","timestamp":"2026-06-27T16:53:25.311Z"}
{"level":"info","message":"      2XL: 72 pieces","timestamp":"2026-06-27T16:53:25.311Z"}
{"level":"info","message":"      3XL: 5 pieces","timestamp":"2026-06-27T16:53:25.311Z"}
{"level":"info","message":"💾 Product saved to product-10191.json","timestamp":"2026-06-27T16:53:25.312Z"}
{"level":"info","message":"Browser closed","timestamp":"2026-06-27T16:53:25.429Z"}
{"level":"info","message":"📂 Loaded 1 mappings","timestamp":"2026-06-27T16:53:26.650Z"}
{"level":"info","message":"🛍️ Creating product in Shopify: DEPART JOGGER SLIM HOMME MARRON","timestamp":"2026-06-27T16:53:26.651Z"}
{"level":"info","message":"✅ Created product: DEPART JOGGER SLIM HOMME MARRON (ID: 10285244842267)","timestamp":"2026-06-27T16:53:36.441Z"}
{"level":"info","message":"   📸 6 images uploaded","timestamp":"2026-06-27T16:53:36.441Z"}
{"level":"info","message":"   📏 6 variants created","timestamp":"2026-06-27T16:53:36.441Z"}
{"level":"info","message":"✅ Mapped Kimland 10191 → Shopify 10285244842267","timestamp":"2026-06-27T16:53:36.442Z"}
{"level":"error","message":"❌ Failed to update inventory:","timestamp":"2026-06-27T19:32:15.235Z"}
{"level":"error","message":"❌ Sync inventory error:","timestamp":"2026-06-27T19:32:15.239Z"}
{"level":"error","message":"❌ Failed to update inventory:","timestamp":"2026-06-27T19:32:15.242Z"}
{"level":"error","message":"❌ Failed to update inventory:","timestamp":"2026-06-27T19:32:15.244Z"}
{"level":"error","message":"❌ Failed to update inventory:","timestamp":"2026-06-27T19:32:15.263Z"}
{"level":"error","message":"❌ Failed to update inventory:","timestamp":"2026-06-27T19:32:15.414Z"}
{"level":"error","message":"❌ Failed to update inventory:","timestamp":"2026-06-27T19:32:16.131Z"}
{"level":"error","message":"❌ Sync inventory error:","timestamp":"2026-06-27T19:32:16.132Z"}
{"level":"error","message":"❌ Failed to update inventory:","timestamp":"2026-06-27T19:32:16.134Z"}
{"level":"error","message":"❌ Failed to update inventory:","timestamp":"2026-06-27T19:32:16.136Z"}
{"level":"error","message":"❌ Failed to update inventory:","timestamp":"2026-06-27T19:32:16.159Z"}
{"level":"error","message":"❌ Failed to update inventory:","timestamp":"2026-06-27T19:32:16.170Z"}
{"level":"error","message":"❌ Failed to update inventory:","timestamp":"2026-06-27T19:32:17.003Z"}
{"level":"error","message":"❌ Sync inventory error:","timestamp":"2026-06-27T19:32:17.003Z"}
{"level":"error","message":"❌ Failed to update inventory:","timestamp":"2026-06-27T19:32:17.015Z"}
{"level":"error","message":"❌ Failed to update inventory:","timestamp":"2026-06-27T19:32:17.027Z"}
{"level":"error","message":"❌ Failed to update inventory:","timestamp":"2026-06-27T19:32:17.037Z"}
{"level":"error","message":"❌ Failed to update inventory:","timestamp":"2026-06-27T19:32:17.476Z"}
{"level":"error","message":"❌ Failed to update inventory:","timestamp":"2026-06-27T19:32:17.896Z"}
{"level":"error","message":"❌ Sync inventory error:","timestamp":"2026-06-27T19:32:17.897Z"}
{"level":"error","message":"❌ Failed to update inventory:","timestamp":"2026-06-27T19:32:17.901Z"}
{"level":"error","message":"❌ Failed to update inventory:","timestamp":"2026-06-27T19:32:17.905Z"}
{"level":"error","message":"❌ Failed to update inventory:","timestamp":"2026-06-27T19:32:17.920Z"}
{"level":"error","message":"❌ Failed to update inventory:","timestamp":"2026-06-27T19:32:17.931Z"}
{"level":"error","message":"❌ Failed to update inventory:","timestamp":"2026-06-27T19:32:18.562Z"}
{"level":"error","message":"❌ Sync inventory error:","timestamp":"2026-06-27T19:32:18.563Z"}
{"level":"error","message":"❌ Failed to update inventory:","timestamp":"2026-06-27T19:32:18.641Z"}
{"level":"error","message":"❌ Failed to update inventory:","timestamp":"2026-06-27T19:32:18.792Z"}
{"level":"error","message":"❌ Failed to find product with SKU American College T-Shirt Pour -10278999130395:","timestamp":"2026-06-27T19:32:18.794Z"}
{"level":"error","message":"❌ Failed to update inventory:","timestamp":"2026-06-27T19:32:18.811Z"}
{"level":"error","message":"❌ Failed to update inventory:","timestamp":"2026-06-27T19:32:18.844Z"}
{"level":"error","message":"❌ Failed to update inventory:","timestamp":"2026-06-27T19:32:19.422Z"}
{"level":"error","message":"❌ Sync inventory error:","timestamp":"2026-06-27T19:32:19.422Z"}
{"level":"error","message":"❌ Failed to update inventory:","timestamp":"2026-06-27T19:32:19.429Z"}
{"level":"error","message":"❌ Failed to update inventory:","timestamp":"2026-06-27T19:32:19.435Z"}
{"level":"error","message":"❌ Failed to update inventory:","timestamp":"2026-06-27T19:32:19.441Z"}
{"level":"error","message":"❌ Failed to find product with SKU BEVERLY HILLS POLO CLUB CLAQUE-10278438764827:","timestamp":"2026-06-27T19:32:19.682Z"}
{"level":"error","message":"❌ Failed to update inventory:","timestamp":"2026-06-27T19:32:19.917Z"}
{"level":"error","message":"❌ Failed to find product with SKU BEVERLY HILLS POLO CLUB CLAQUE-10278376603931:","timestamp":"2026-06-27T19:32:19.931Z"}
{"level":"error","message":"❌ Failed to update inventory:","timestamp":"2026-06-27T19:32:20.597Z"}
{"level":"error","message":"❌ Sync inventory error:","timestamp":"2026-06-27T19:32:20.598Z"}
{"level":"error","message":"❌ Failed to update inventory:","timestamp":"2026-06-27T19:32:20.606Z"}
{"level":"error","message":"❌ Failed to update inventory:","timestamp":"2026-06-27T19:32:20.610Z"}
{"level":"error","message":"❌ Failed to update inventory:","timestamp":"2026-06-27T19:32:20.611Z"}
{"level":"error","message":"❌ Failed to find product with SKU BEVERLY HILLS POLO CLUB CLAQUE-10278454493467:","timestamp":"2026-06-27T19:32:20.859Z"}
{"level":"error","message":"❌ Failed to update inventory:","timestamp":"2026-06-27T19:32:20.861Z"}
{"level":"error","message":"❌ Failed to update inventory:","timestamp":"2026-06-27T19:32:21.507Z"}
{"level":"error","message":"❌ Sync inventory error:","timestamp":"2026-06-27T19:32:21.508Z"}
{"level":"error","message":"❌ Failed to update inventory:","timestamp":"2026-06-27T19:32:21.509Z"}
{"level":"error","message":"❌ Failed to update inventory:","timestamp":"2026-06-27T19:32:21.511Z"}
{"level":"error","message":"❌ Failed to update inventory:","timestamp":"2026-06-27T19:32:21.513Z"}
{"level":"error","message":"❌ Failed to find product with SKU BEVERLY HILLS POLO CLUB CLAQUE-10278457311515:","timestamp":"2026-06-27T19:32:21.759Z"}
{"level":"error","message":"❌ Failed to update inventory:","timestamp":"2026-06-27T19:32:21.810Z"}
{"level":"error","message":"❌ Failed to find product with SKU BEVERLY HILLS POLO CLUB CLAQUE-10278456262939:","timestamp":"2026-06-27T19:32:21.989Z"}
{"level":"error","message":"❌ Failed to update inventory:","timestamp":"2026-06-27T19:32:22.611Z"}
{"level":"error","message":"❌ Sync inventory error:","timestamp":"2026-06-27T19:32:22.611Z"}
{"level":"error","message":"❌ Failed to update inventory:","timestamp":"2026-06-27T19:32:22.615Z"}
{"level":"error","message":"❌ Failed to update inventory:","timestamp":"2026-06-27T19:32:22.625Z"}
{"level":"error","message":"❌ Failed to update inventory:","timestamp":"2026-06-27T19:32:22.663Z"}
{"level":"error","message":"❌ Failed to find product with SKU CHAMPION ALL AMERICAN Slide BS-10281719300379:","timestamp":"2026-06-27T19:32:22.881Z"}
{"level":"error","message":"❌ Failed to update inventory:","timestamp":"2026-06-27T19:32:23.012Z"}
{"level":"error","message":"❌ Failed to update inventory:","timestamp":"2026-06-27T19:32:23.532Z"}
{"level":"error","message":"❌ Sync inventory error:","timestamp":"2026-06-27T19:32:23.533Z"}
{"level":"error","message":"❌ Failed to update inventory:","timestamp":"2026-06-27T19:32:23.537Z"}
{"level":"error","message":"❌ Failed to update inventory:","timestamp":"2026-06-27T19:32:23.546Z"}
{"level":"error","message":"❌ Failed to update inventory:","timestamp":"2026-06-27T19:32:23.551Z"}
{"level":"error","message":"❌ Failed to find product with SKU Champion All American Slide Ho-10281706357019:","timestamp":"2026-06-27T19:32:23.754Z"}
{"level":"error","message":"❌ Failed to update inventory:","timestamp":"2026-06-27T19:32:23.788Z"}
{"level":"error","message":"❌ Failed to find product with SKU Champion All American Slide Ho-10281733783835:","timestamp":"2026-06-27T19:32:23.986Z"}
{"level":"error","message":"❌ Failed to update inventory:","timestamp":"2026-06-27T19:32:24.846Z"}
{"level":"error","message":"❌ Sync inventory error:","timestamp":"2026-06-27T19:32:24.846Z"}
{"level":"error","message":"❌ Failed to update inventory:","timestamp":"2026-06-27T19:32:24.851Z"}
{"level":"error","message":"❌ Failed to update inventory:","timestamp":"2026-06-27T19:32:24.894Z"}
{"level":"error","message":"❌ Failed to update inventory:","timestamp":"2026-06-27T19:32:24.974Z"}
{"level":"error","message":"❌ Failed to update inventory:","timestamp":"2026-06-27T19:32:25.121Z"}
{"level":"error","message":"❌ Failed to update inventory:","timestamp":"2026-06-27T19:32:25.448Z"}
{"level":"error","message":"❌ Sync inventory error:","timestamp":"2026-06-27T19:32:25.449Z"}
{"level":"error","message":"❌ Failed to update inventory:","timestamp":"2026-06-27T19:32:25.461Z"}
{"level":"error","message":"❌ Failed to update inventory:","timestamp":"2026-06-27T19:32:25.465Z"}
{"level":"error","message":"❌ Failed to update inventory:","timestamp":"2026-06-27T19:32:25.489Z"}
{"level":"error","message":"❌ Failed to update inventory:","timestamp":"2026-06-27T19:32:25.490Z"}
{"level":"error","message":"❌ Failed to update inventory:","timestamp":"2026-06-27T19:32:26.082Z"}
{"level":"error","message":"❌ Sync inventory error:","timestamp":"2026-06-27T19:32:26.082Z"}
{"level":"error","message":"❌ Failed to update inventory:","timestamp":"2026-06-27T19:32:26.083Z"}
{"level":"error","message":"❌ Failed to update inventory:","timestamp":"2026-06-27T19:32:26.090Z"}
{"level":"error","message":"❌ Failed to update inventory:","timestamp":"2026-06-27T19:32:26.091Z"}
{"level":"error","message":"❌ Failed to find product with SKU CHAMPION ALL AMERICAN Slide KK-10281727394075:","timestamp":"2026-06-27T19:32:26.350Z"}
{"level":"error","message":"❌ Failed to update inventory:","timestamp":"2026-06-27T19:32:26.355Z"}
{"level":"error","message":"❌ Failed to update inventory:","timestamp":"2026-06-27T19:32:26.965Z"}
{"level":"error","message":"❌ Sync inventory error:","timestamp":"2026-06-27T19:32:26.965Z"}
{"level":"error","message":"❌ Failed to update inventory:","timestamp":"2026-06-27T19:32:26.973Z"}
{"level":"error","message":"❌ Failed to update inventory:","timestamp":"2026-06-27T19:32:26.978Z"}
{"level":"error","message":"❌ Failed to update inventory:","timestamp":"2026-06-27T19:32:26.979Z"}
{"level":"error","message":"❌ Failed to update inventory:","timestamp":"2026-06-27T19:32:26.989Z"}
{"level":"error","message":"❌ Failed to update inventory:","timestamp":"2026-06-27T19:32:27.608Z"}
{"level":"error","message":"❌ Sync inventory error:","timestamp":"2026-06-27T19:32:27.608Z"}
{"level":"error","message":"❌ Failed to update inventory:","timestamp":"2026-06-27T19:32:27.612Z"}
{"level":"error","message":"❌ Failed to update inventory:","timestamp":"2026-06-27T19:32:27.632Z"}
{"level":"error","message":"❌ Failed to update inventory:","timestamp":"2026-06-27T19:32:27.649Z"}
{"level":"error","message":"❌ Failed to find product with SKU CHAMPION CLAQUETTE\nS22471-ES00-10281716678939:","timestamp":"2026-06-27T19:32:27.857Z"}
{"level":"error","message":"❌ Failed to update inventory:","timestamp":"2026-06-27T19:32:27.865Z"}
{"level":"error","message":"❌ Failed to update inventory:","timestamp":"2026-06-27T19:32:28.494Z"}
{"level":"error","message":"❌ Sync inventory error:","timestamp":"2026-06-27T19:32:28.495Z"}
{"level":"error","message":"❌ Failed to update inventory:","timestamp":"2026-06-27T19:32:28.503Z"}
{"level":"error","message":"❌ Failed to update inventory:","timestamp":"2026-06-27T19:32:28.507Z"}
{"level":"error","message":"❌ Failed to update inventory:","timestamp":"2026-06-27T19:32:28.508Z"}
{"level":"error","message":"❌ Failed to update inventory:","timestamp":"2026-06-27T19:32:28.517Z"}
{"level":"error","message":"❌ Failed to update inventory:","timestamp":"2026-06-27T19:32:29.375Z"}
{"level":"error","message":"❌ Sync inventory error:","timestamp":"2026-06-27T19:32:29.375Z"}
{"level":"error","message":"❌ Failed to update inventory:","timestamp":"2026-06-27T19:32:29.378Z"}
{"level":"error","message":"❌ Failed to update inventory:","timestamp":"2026-06-27T19:32:29.403Z"}
{"level":"error","message":"❌ Failed to find product with SKU CLAQUETTE KITO. AH167M-BLACK-10278835781915:","timestamp":"2026-06-27T19:32:29.611Z"}
{"level":"error","message":"❌ Failed to update inventory:","timestamp":"2026-06-27T19:32:29.625Z"}
{"level":"error","message":"❌ Failed to find product with SKU G21-000176-BROWN02-S:","timestamp":"2026-06-27T19:32:29.833Z"}
{"level":"error","message":"❌ Failed to update inventory:","timestamp":"2026-06-27T19:32:29.886Z"}
{"level":"error","message":"❌ Failed to update inventory:","timestamp":"2026-06-27T19:32:30.480Z"}
{"level":"error","message":"❌ Sync inventory error:","timestamp":"2026-06-27T19:32:30.481Z"}
{"level":"error","message":"❌ Failed to update inventory:","timestamp":"2026-06-27T19:32:30.484Z"}
{"level":"error","message":"❌ Failed to update inventory:","timestamp":"2026-06-27T19:32:30.494Z"}
{"level":"error","message":"❌ Failed to update inventory:","timestamp":"2026-06-27T19:32:30.496Z"}
{"level":"error","message":"❌ Failed to update inventory:","timestamp":"2026-06-27T19:32:30.500Z"}
{"level":"error","message":"❌ Failed to update inventory:","timestamp":"2026-06-27T19:32:31.158Z"}
{"level":"error","message":"❌ Sync inventory error:","timestamp":"2026-06-27T19:32:31.158Z"}
{"level":"error","message":"❌ Failed to update inventory:","timestamp":"2026-06-27T19:32:31.161Z"}
{"level":"error","message":"❌ Failed to update inventory:","timestamp":"2026-06-27T19:32:31.168Z"}
{"level":"error","message":"❌ Failed to update inventory:","timestamp":"2026-06-27T19:32:31.169Z"}
{"level":"error","message":"❌ Failed to find product with SKU DEPART POLO\nG23-003391-BEIGE55-10279458177307:","timestamp":"2026-06-27T19:32:31.392Z"}
{"level":"error","message":"❌ Failed to update inventory:","timestamp":"2026-06-27T19:32:31.424Z"}
{"level":"error","message":"❌ Failed to update inventory:","timestamp":"2026-06-27T19:32:32.021Z"}
{"level":"error","message":"❌ Sync inventory error:","timestamp":"2026-06-27T19:32:32.021Z"}
{"level":"error","message":"❌ Failed to update inventory:","timestamp":"2026-06-27T19:32:32.030Z"}
{"level":"error","message":"❌ Failed to update inventory:","timestamp":"2026-06-27T19:32:32.032Z"}
{"level":"error","message":"❌ Failed to update inventory:","timestamp":"2026-06-27T19:32:32.043Z"}
{"level":"error","message":"❌ Failed to find product with SKU DEPART POLO\nG23-003391-BROWN15-10279462207771:","timestamp":"2026-06-27T19:32:32.260Z"}
{"level":"error","message":"❌ Failed to update inventory:","timestamp":"2026-06-27T19:32:32.291Z"}
{"level":"error","message":"❌ Failed to find product with SKU DEPART POLO\nG23-003391-KAKI23-10279446708507:","timestamp":"2026-06-27T19:32:32.497Z"}
{"level":"error","message":"❌ Failed to update inventory:","timestamp":"2026-06-27T19:32:33.124Z"}
{"level":"error","message":"❌ Sync inventory error:","timestamp":"2026-06-27T19:32:33.124Z"}
{"level":"error","message":"❌ Failed to update inventory:","timestamp":"2026-06-27T19:32:33.125Z"}
{"level":"error","message":"❌ Failed to update inventory:","timestamp":"2026-06-27T19:32:33.127Z"}
{"level":"error","message":"❌ Failed to update inventory:","timestamp":"2026-06-27T19:32:33.128Z"}
{"level":"error","message":"❌ Failed to find product with SKU DEPART POLO\nG23-003391-RED06-10279452999963:","timestamp":"2026-06-27T19:32:33.366Z"}
{"level":"error","message":"❌ Failed to update inventory:","timestamp":"2026-06-27T19:32:33.403Z"}
{"level":"error","message":"❌ Failed to update inventory:","timestamp":"2026-06-27T19:32:33.999Z"}
{"level":"error","message":"❌ Sync inventory error:","timestamp":"2026-06-27T19:32:33.999Z"}
{"level":"error","message":"❌ Failed to update inventory:","timestamp":"2026-06-27T19:32:34.000Z"}
{"level":"error","message":"❌ Failed to update inventory:","timestamp":"2026-06-27T19:32:34.001Z"}
{"level":"error","message":"❌ Failed to update inventory:","timestamp":"2026-06-27T19:32:34.005Z"}
{"level":"error","message":"❌ Failed to update inventory:","timestamp":"2026-06-27T19:32:34.034Z"}
{"level":"error","message":"❌ Failed to update inventory:","timestamp":"2026-06-27T19:32:34.609Z"}
{"level":"error","message":"❌ Sync inventory error:","timestamp":"2026-06-27T19:32:34.610Z"}
{"level":"error","message":"❌ Failed to update inventory:","timestamp":"2026-06-27T19:32:34.615Z"}
{"level":"error","message":"❌ Failed to update inventory:","timestamp":"2026-06-27T19:32:34.623Z"}
{"level":"error","message":"❌ Failed to update inventory:","timestamp":"2026-06-27T19:32:34.651Z"}
{"level":"error","message":"❌ Failed to find product with SKU DEPART POLO\nG23-003391-TURQ45-10284334252315:","timestamp":"2026-06-27T19:32:34.853Z"}
{"level":"error","message":"❌ Failed to update inventory:","timestamp":"2026-06-27T19:32:34.865Z"}
{"level":"error","message":"❌ Failed to update inventory:","timestamp":"2026-06-27T19:32:35.458Z"}
{"level":"error","message":"❌ Sync inventory error:","timestamp":"2026-06-27T19:32:35.458Z"}
{"level":"error","message":"❌ Failed to update inventory:","timestamp":"2026-06-27T19:32:35.462Z"}
{"level":"error","message":"❌ Failed to update inventory:","timestamp":"2026-06-27T19:32:35.464Z"}
{"level":"error","message":"❌ Failed to update inventory:","timestamp":"2026-06-27T19:32:35.467Z"}
{"level":"error","message":"❌ Failed to update inventory:","timestamp":"2026-06-27T19:32:35.499Z"}
{"level":"error","message":"❌ Failed to update inventory:","timestamp":"2026-06-27T19:32:36.098Z"}
{"level":"error","message":"❌ Sync inventory error:","timestamp":"2026-06-27T19:32:36.098Z"}
{"level":"error","message":"❌ Failed to update inventory:","timestamp":"2026-06-27T19:32:36.101Z"}
{"level":"error","message":"❌ Failed to update inventory:","timestamp":"2026-06-27T19:32:36.116Z"}
{"level":"error","message":"❌ Failed to update inventory:","timestamp":"2026-06-27T19:32:36.133Z"}
{"level":"error","message":"❌ Failed to find product with SKU DEPART POLO. G23-001697-GREY-10247421133083:","timestamp":"2026-06-27T19:32:36.324Z"}
{"level":"error","message":"❌ Failed to update inventory:","timestamp":"2026-06-27T19:32:36.394Z"}
{"level":"error","message":"❌ Failed to update inventory:","timestamp":"2026-06-27T19:32:36.969Z"}
{"level":"error","message":"❌ Sync inventory error:","timestamp":"2026-06-27T19:32:36.970Z"}
{"level":"error","message":"❌ Failed to update inventory:","timestamp":"2026-06-27T19:32:36.971Z"}
{"level":"error","message":"❌ Failed to update inventory:","timestamp":"2026-06-27T19:32:36.971Z"}
{"level":"error","message":"❌ Failed to update inventory:","timestamp":"2026-06-27T19:32:36.972Z"}
{"level":"error","message":"❌ Failed to update inventory:","timestamp":"2026-06-27T19:32:36.972Z"}
{"level":"error","message":"❌ Failed to update inventory:","timestamp":"2026-06-27T19:32:37.600Z"}
{"level":"error","message":"❌ Sync inventory error:","timestamp":"2026-06-27T19:32:37.601Z"}
{"level":"error","message":"❌ Failed to update inventory:","timestamp":"2026-06-27T19:32:37.604Z"}
{"level":"error","message":"❌ Failed to update inventory:","timestamp":"2026-06-27T19:32:37.617Z"}
{"level":"error","message":"❌ Failed to update inventory:","timestamp":"2026-06-27T19:32:37.656Z"}
{"level":"error","message":"❌ Failed to find product with SKU DEPART POLO. G23-003391-BROWN0-10247420805403:","timestamp":"2026-06-27T19:32:37.832Z"}
{"level":"error","message":"❌ Failed to update inventory:","timestamp":"2026-06-27T19:32:37.864Z"}
{"level":"error","message":"❌ Failed to update inventory:","timestamp":"2026-06-27T19:32:38.467Z"}
{"level":"error","message":"❌ Sync inventory error:","timestamp":"2026-06-27T19:32:38.468Z"}
{"level":"error","message":"❌ Failed to update inventory:","timestamp":"2026-06-27T19:32:38.469Z"}
{"level":"error","message":"❌ Failed to update inventory:","timestamp":"2026-06-27T19:32:38.471Z"}
{"level":"error","message":"❌ Failed to update inventory:","timestamp":"2026-06-27T19:32:38.472Z"}
{"level":"error","message":"❌ Failed to update inventory:","timestamp":"2026-06-27T19:32:38.478Z"}
{"level":"error","message":"❌ Failed to update inventory:","timestamp":"2026-06-27T19:32:39.104Z"}
{"level":"error","message":"❌ Sync inventory error:","timestamp":"2026-06-27T19:32:39.104Z"}
{"level":"error","message":"❌ Failed to update inventory:","timestamp":"2026-06-27T19:32:39.110Z"}
{"level":"error","message":"❌ Failed to update inventory:","timestamp":"2026-06-27T19:32:39.119Z"}
{"level":"error","message":"❌ Failed to update inventory:","timestamp":"2026-06-27T19:32:39.119Z"}
{"level":"error","message":"❌ Failed to find product with SKU DEPART POLO. G23-003391-GREY17-10247420707099:","timestamp":"2026-06-27T19:32:39.339Z"}
{"level":"error","message":"❌ Failed to update inventory:","timestamp":"2026-06-27T19:32:39.395Z"}
{"level":"error","message":"❌ Failed to update inventory:","timestamp":"2026-06-27T19:32:39.977Z"}
{"level":"error","message":"❌ Sync inventory error:","timestamp":"2026-06-27T19:32:39.977Z"}
{"level":"error","message":"❌ Failed to update inventory:","timestamp":"2026-06-27T19:32:39.978Z"}
{"level":"error","message":"❌ Failed to update inventory:","timestamp":"2026-06-27T19:32:39.979Z"}
{"level":"error","message":"❌ Failed to update inventory:","timestamp":"2026-06-27T19:32:39.980Z"}
{"level":"error","message":"❌ Failed to update inventory:","timestamp":"2026-06-27T19:32:39.992Z"}
{"level":"error","message":"❌ Failed to update inventory:","timestamp":"2026-06-27T19:32:40.608Z"}
{"level":"error","message":"❌ Sync inventory error:","timestamp":"2026-06-27T19:32:40.608Z"}
{"level":"error","message":"❌ Failed to update inventory:","timestamp":"2026-06-27T19:32:40.613Z"}
{"level":"error","message":"❌ Failed to update inventory:","timestamp":"2026-06-27T19:32:40.614Z"}
{"level":"error","message":"❌ Failed to update inventory:","timestamp":"2026-06-27T19:32:40.615Z"}
{"level":"error","message":"❌ Failed to find product with SKU DEPART POLO. G23-003391-YELLOW-10247420969243:","timestamp":"2026-06-27T19:32:40.837Z"}
{"level":"error","message":"❌ Failed to update inventory:","timestamp":"2026-06-27T19:32:40.852Z"}
{"level":"error","message":"❌ Failed to update inventory:","timestamp":"2026-06-27T19:32:41.479Z"}
{"level":"error","message":"❌ Sync inventory error:","timestamp":"2026-06-27T19:32:41.480Z"}
{"level":"error","message":"❌ Failed to update inventory:","timestamp":"2026-06-27T19:32:41.483Z"}
{"level":"error","message":"❌ Failed to update inventory:","timestamp":"2026-06-27T19:32:41.485Z"}
{"level":"error","message":"❌ Failed to update inventory:","timestamp":"2026-06-27T19:32:41.493Z"}
{"level":"error","message":"❌ Failed to update inventory:","timestamp":"2026-06-27T19:32:41.534Z"}
{"level":"error","message":"❌ Failed to update inventory:","timestamp":"2026-06-27T19:32:42.128Z"}
{"level":"error","message":"❌ Sync inventory error:","timestamp":"2026-06-27T19:32:42.145Z"}
{"level":"error","message":"❌ Failed to update inventory:","timestamp":"2026-06-27T19:32:42.151Z"}
{"level":"error","message":"❌ Failed to update inventory:","timestamp":"2026-06-27T19:32:42.154Z"}
{"level":"error","message":"❌ Failed to update inventory:","timestamp":"2026-06-27T19:32:42.244Z"}
{"level":"error","message":"❌ Failed to find product with SKU LUMBERJACK PULL.\nLBJ26010-LBR-10278886048027:","timestamp":"2026-06-27T19:32:42.383Z"}
{"level":"error","message":"❌ Failed to update inventory:","timestamp":"2026-06-27T19:32:42.391Z"}
{"level":"error","message":"❌ Failed to update inventory:","timestamp":"2026-06-27T19:32:42.999Z"}
{"level":"error","message":"❌ Sync inventory error:","timestamp":"2026-06-27T19:32:43.000Z"}
{"level":"error","message":"❌ Failed to update inventory:","timestamp":"2026-06-27T19:32:43.003Z"}
{"level":"error","message":"❌ Failed to update inventory:","timestamp":"2026-06-27T19:32:43.037Z"}
{"level":"error","message":"❌ Failed to update inventory:","timestamp":"2026-06-27T19:32:43.108Z"}
{"level":"error","message":"❌ Failed to find product with SKU LUMBERJACK PULL.    LBJ24006-G-10279412695323:","timestamp":"2026-06-27T19:32:43.232Z"}
{"level":"error","message":"❌ Failed to update inventory:","timestamp":"2026-06-27T19:32:43.308Z"}
{"level":"error","message":"❌ Failed to find product with SKU LUMBERJACK PULL. LBJ24006-BLG-10278500794651:","timestamp":"2026-06-27T19:32:43.466Z"}
{"level":"error","message":"❌ Failed to update inventory:","timestamp":"2026-06-27T19:32:44.100Z"}
{"level":"error","message":"❌ Sync inventory error:","timestamp":"2026-06-27T19:32:44.101Z"}
{"level":"error","message":"❌ Failed to update inventory:","timestamp":"2026-06-27T19:32:44.122Z"}
{"level":"error","message":"❌ Failed to update inventory:","timestamp":"2026-06-27T19:32:44.134Z"}
{"level":"error","message":"❌ Failed to update inventory:","timestamp":"2026-06-27T19:32:44.225Z"}
{"level":"error","message":"❌ Failed to find product with SKU LUMBERJACK PULL. LBJ27001-DOR-10278499582235:","timestamp":"2026-06-27T19:32:44.325Z"}
{"level":"error","message":"❌ Failed to update inventory:","timestamp":"2026-06-27T19:32:44.840Z"}
{"level":"error","message":"❌ Failed to update inventory:","timestamp":"2026-06-27T19:32:44.937Z"}
{"level":"error","message":"❌ Sync inventory error:","timestamp":"2026-06-27T19:32:44.938Z"}
{"level":"error","message":"❌ Failed to update inventory:","timestamp":"2026-06-27T19:32:44.945Z"}
{"level":"error","message":"❌ Failed to update inventory:","timestamp":"2026-06-27T19:32:44.946Z"}
{"level":"error","message":"❌ Failed to update inventory:","timestamp":"2026-06-27T19:32:44.948Z"}
{"level":"error","message":"❌ Failed to find product with SKU LUMBERJACK PULL. LBJ27010-DOR-10278493847835:","timestamp":"2026-06-27T19:32:45.181Z"}
{"level":"error","message":"❌ Failed to find product with SKU LUMBERJACK PULL. LBJ28010-LGN-10278459736347:","timestamp":"2026-06-27T19:32:45.417Z"}
{"level":"error","message":"❌ Failed to update inventory:","timestamp":"2026-06-27T19:32:45.455Z"}
{"level":"error","message":"❌ Failed to update inventory:","timestamp":"2026-06-27T19:32:46.046Z"}
{"level":"error","message":"❌ Sync inventory error:","timestamp":"2026-06-27T19:32:46.046Z"}
{"level":"error","message":"❌ Failed to update inventory:","timestamp":"2026-06-27T19:32:46.050Z"}
{"level":"error","message":"❌ Failed to update inventory:","timestamp":"2026-06-27T19:32:46.063Z"}
{"level":"error","message":"❌ Failed to update inventory:","timestamp":"2026-06-27T19:32:46.157Z"}
{"level":"error","message":"❌ Failed to find product with SKU Peak Claquette\nET53917L-00DL-10285204537627:","timestamp":"2026-06-27T19:32:46.295Z"}
{"level":"error","message":"❌ Failed to update inventory:","timestamp":"2026-06-27T19:32:46.315Z"}
{"level":"error","message":"❌ Failed to update inventory:","timestamp":"2026-06-27T19:32:46.908Z"}
{"level":"error","message":"❌ Sync inventory error:","timestamp":"2026-06-27T19:32:46.909Z"}
{"level":"error","message":"❌ Failed to update inventory:","timestamp":"2026-06-27T19:32:46.914Z"}
{"level":"error","message":"❌ Failed to update inventory:","timestamp":"2026-06-27T19:32:46.930Z"}
{"level":"error","message":"❌ Failed to update inventory:","timestamp":"2026-06-27T19:32:46.957Z"}
{"level":"error","message":"❌ Failed to update inventory:","timestamp":"2026-06-27T19:32:46.996Z"}
{"level":"error","message":"❌ Failed to update inventory:","timestamp":"2026-06-27T19:32:47.735Z"}
{"level":"error","message":"❌ Sync inventory error:","timestamp":"2026-06-27T19:32:47.735Z"}
{"level":"error","message":"❌ Failed to update inventory:","timestamp":"2026-06-27T19:32:47.744Z"}
{"level":"error","message":"❌ Failed to update inventory:","timestamp":"2026-06-27T19:32:47.748Z"}
{"level":"error","message":"❌ Failed to update inventory:","timestamp":"2026-06-27T19:32:47.758Z"}
{"level":"error","message":"❌ Failed to update inventory:","timestamp":"2026-06-27T19:32:47.965Z"}
{"level":"error","message":"❌ Failed to find product with SKU Peak Claquette\nET59096L-Z487-10280084144411:","timestamp":"2026-06-27T19:32:47.977Z"}
{"level":"error","message":"❌ Failed to update inventory:","timestamp":"2026-06-27T19:32:48.721Z"}
{"level":"error","message":"❌ Sync inventory error:","timestamp":"2026-06-27T19:32:48.721Z"}
{"level":"error","message":"❌ Failed to update inventory:","timestamp":"2026-06-27T19:32:48.743Z"}
{"level":"error","message":"❌ Failed to update inventory:","timestamp":"2026-06-27T19:32:48.751Z"}
{"level":"error","message":"❌ Failed to update inventory:","timestamp":"2026-06-27T19:32:48.762Z"}
{"level":"error","message":"❌ Failed to find product with SKU Peak Outdoor Sports\nEXT53347H--10285203980571:","timestamp":"2026-06-27T19:32:48.943Z"}
{"level":"error","message":"❌ Failed to update inventory:","timestamp":"2026-06-27T19:32:48.967Z"}
{"level":"error","message":"❌ Failed to update inventory:","timestamp":"2026-06-27T19:32:49.567Z"}
{"level":"error","message":"❌ Sync inventory error:","timestamp":"2026-06-27T19:32:49.568Z"}
{"level":"error","message":"❌ Failed to update inventory:","timestamp":"2026-06-27T19:32:49.581Z"}
{"level":"error","message":"❌ Failed to update inventory:","timestamp":"2026-06-27T19:32:49.582Z"}
{"level":"error","message":"❌ Failed to update inventory:","timestamp":"2026-06-27T19:32:49.602Z"}
{"level":"error","message":"❌ Failed to update inventory:","timestamp":"2026-06-27T19:32:49.819Z"}
{"level":"error","message":"❌ Failed to find product with SKU Peak Outdoor Taichi Sports\nEXT-10285209846043:","timestamp":"2026-06-27T19:32:49.837Z"}
{"level":"error","message":"❌ Failed to update inventory:","timestamp":"2026-06-27T19:32:50.494Z"}
{"level":"error","message":"❌ Sync inventory error:","timestamp":"2026-06-27T19:32:50.495Z"}
{"level":"error","message":"❌ Failed to update inventory:","timestamp":"2026-06-27T19:32:50.499Z"}
{"level":"error","message":"❌ Failed to update inventory:","timestamp":"2026-06-27T19:32:50.507Z"}
{"level":"error","message":"❌ Failed to update inventory:","timestamp":"2026-06-27T19:32:50.509Z"}
{"level":"error","message":"❌ Failed to find product with SKU Peak Taichi Sports\nET59487E-00-10285209223451:","timestamp":"2026-06-27T19:32:50.722Z"}
{"level":"error","message":"❌ Failed to find product with SKU Pepe Jeans Beach Slide M.\nPMS7-10278966198555:","timestamp":"2026-06-27T19:32:50.957Z"}
{"level":"error","message":"❌ Failed to update inventory:","timestamp":"2026-06-27T19:32:50.997Z"}
{"level":"error","message":"❌ Failed to update inventory:","timestamp":"2026-06-27T19:32:51.596Z"}
{"level":"error","message":"❌ Sync inventory error:","timestamp":"2026-06-27T19:32:51.597Z"}
{"level":"error","message":"❌ Failed to update inventory:","timestamp":"2026-06-27T19:32:51.602Z"}
{"level":"error","message":"❌ Failed to update inventory:","timestamp":"2026-06-27T19:32:51.611Z"}
{"level":"error","message":"❌ Failed to update inventory:","timestamp":"2026-06-27T19:32:51.659Z"}
{"level":"error","message":"❌ Failed to find product with SKU POLO BASKETS POUR HOMME\nBPLR23-10281687417115:","timestamp":"2026-06-27T19:32:51.826Z"}
{"level":"error","message":"❌ Failed to update inventory:","timestamp":"2026-06-27T19:32:51.856Z"}
{"level":"error","message":"❌ Failed to update inventory:","timestamp":"2026-06-27T19:32:52.413Z"}
{"level":"error","message":"❌ Sync inventory error:","timestamp":"2026-06-27T19:32:52.414Z"}
{"level":"error","message":"❌ Failed to update inventory:","timestamp":"2026-06-27T19:32:52.416Z"}
{"level":"error","message":"❌ Failed to update inventory:","timestamp":"2026-06-27T19:32:52.418Z"}
{"level":"error","message":"❌ Failed to update inventory:","timestamp":"2026-06-27T19:32:52.427Z"}
{"level":"error","message":"❌ Failed to update inventory:","timestamp":"2026-06-27T19:32:52.502Z"}
{"level":"error","message":"❌ Failed to update inventory:","timestamp":"2026-06-27T19:32:53.034Z"}
{"level":"error","message":"❌ Sync inventory error:","timestamp":"2026-06-27T19:32:53.034Z"}
{"level":"error","message":"❌ Failed to update inventory:","timestamp":"2026-06-27T19:32:53.037Z"}
{"level":"error","message":"❌ Failed to update inventory:","timestamp":"2026-06-27T19:32:53.060Z"}
{"level":"error","message":"❌ Failed to update inventory:","timestamp":"2026-06-27T19:32:53.061Z"}
{"level":"error","message":"❌ Failed to find product with SKU PULL LUMBERJACK. LBJ26010-GRN-10278502957339:","timestamp":"2026-06-27T19:32:53.278Z"}
{"level":"error","message":"❌ Failed to update inventory:","timestamp":"2026-06-27T19:32:53.284Z"}
{"level":"error","message":"❌ Failed to update inventory:","timestamp":"2026-06-27T19:32:53.913Z"}
{"level":"error","message":"❌ Sync inventory error:","timestamp":"2026-06-27T19:32:53.914Z"}
{"level":"error","message":"❌ Failed to update inventory:","timestamp":"2026-06-27T19:32:53.920Z"}
{"level":"error","message":"❌ Failed to update inventory:","timestamp":"2026-06-27T19:32:53.926Z"}
{"level":"error","message":"❌ Failed to update inventory:","timestamp":"2026-06-27T19:32:53.952Z"}
{"level":"error","message":"❌ Failed to update inventory:","timestamp":"2026-06-27T19:32:54.155Z"}
{"level":"error","message":"❌ Failed to update inventory:","timestamp":"2026-06-27T19:32:54.526Z"}
{"level":"error","message":"❌ Sync inventory error:","timestamp":"2026-06-27T19:32:54.528Z"}
{"level":"error","message":"❌ Failed to update inventory:","timestamp":"2026-06-27T19:32:54.532Z"}
{"level":"error","message":"❌ Failed to update inventory:","timestamp":"2026-06-27T19:32:54.533Z"}
{"level":"error","message":"❌ Failed to update inventory:","timestamp":"2026-06-27T19:32:54.542Z"}
{"level":"error","message":"❌ Failed to find product with SKU RBK FULGERE SLIDE. 100212027-10278969573659:","timestamp":"2026-06-27T19:32:54.757Z"}
{"level":"error","message":"❌ Failed to update inventory:","timestamp":"2026-06-27T19:32:54.773Z"}
{"level":"error","message":"❌ Failed to find product with SKU REEBOK RBK FULGERE SLIDE\n10003-10281745449243:","timestamp":"2026-06-27T19:32:55.002Z"}
{"level":"error","message":"❌ Failed to update inventory:","timestamp":"2026-06-27T19:32:55.668Z"}
{"level":"error","message":"❌ Sync inventory error:","timestamp":"2026-06-27T19:32:55.670Z"}
{"level":"error","message":"❌ Failed to update inventory:","timestamp":"2026-06-27T19:32:55.684Z"}
{"level":"error","message":"❌ Failed to update inventory:","timestamp":"2026-06-27T19:32:55.710Z"}
{"level":"error","message":"❌ Failed to update inventory:","timestamp":"2026-06-27T19:32:55.911Z"}
{"level":"error","message":"❌ Failed to find product with SKU Safety Jogger Cross-Strap Buck-10280948564251:","timestamp":"2026-06-27T19:32:56.006Z"}
{"level":"error","message":"❌ Failed to update inventory:","timestamp":"2026-06-27T19:32:56.047Z"}
{"level":"error","message":"❌ Failed to update inventory:","timestamp":"2026-06-27T19:32:56.633Z"}
{"level":"error","message":"❌ Sync inventory error:","timestamp":"2026-06-27T19:32:56.634Z"}
{"level":"error","message":"❌ Failed to update inventory:","timestamp":"2026-06-27T19:32:56.646Z"}
{"level":"error","message":"❌ Failed to update inventory:","timestamp":"2026-06-27T19:32:56.647Z"}
{"level":"error","message":"❌ Failed to update inventory:","timestamp":"2026-06-27T19:32:56.669Z"}
{"level":"error","message":"❌ Failed to find product with SKU Safety Jogger Sandales Femme\n5-10280938111259:","timestamp":"2026-06-27T19:32:56.881Z"}
{"level":"error","message":"❌ Failed to update inventory:","timestamp":"2026-06-27T19:32:56.911Z"}
{"level":"error","message":"❌ Failed to update inventory:","timestamp":"2026-06-27T19:32:57.478Z"}
{"level":"error","message":"❌ Sync inventory error:","timestamp":"2026-06-27T19:32:57.479Z"}
{"level":"error","message":"❌ Failed to update inventory:","timestamp":"2026-06-27T19:32:57.481Z"}
{"level":"error","message":"❌ Failed to update inventory:","timestamp":"2026-06-27T19:32:57.486Z"}
{"level":"error","message":"❌ Failed to find product with SKU Safety Jogger Sandales Femme P-10279074038043:","timestamp":"2026-06-27T19:32:57.717Z"}
{"level":"error","message":"❌ Failed to update inventory:","timestamp":"2026-06-27T19:32:57.734Z"}
{"level":"error","message":"❌ Failed to update inventory:","timestamp":"2026-06-27T19:32:57.885Z"}
{"level":"error","message":"❌ Failed to find product with SKU Safety Jogger Sandales Femme.\n-10279067975963:","timestamp":"2026-06-27T19:32:57.946Z"}
{"level":"error","message":"❌ Failed to update inventory:","timestamp":"2026-06-27T19:32:58.552Z"}
{"level":"error","message":"❌ Sync inventory error:","timestamp":"2026-06-27T19:32:58.553Z"}
{"level":"error","message":"❌ Failed to update inventory:","timestamp":"2026-06-27T19:32:58.556Z"}
{"level":"error","message":"❌ Failed to update inventory:","timestamp":"2026-06-27T19:32:58.560Z"}
{"level":"error","message":"❌ Failed to update inventory:","timestamp":"2026-06-27T19:32:58.569Z"}
{"level":"error","message":"❌ Failed to find product with SKU Safety Jogger Sandales Femme.\n-10279072891163:","timestamp":"2026-06-27T19:32:58.770Z"}
{"level":"error","message":"❌ Failed to update inventory:","timestamp":"2026-06-27T19:32:58.800Z"}
{"level":"error","message":"❌ Failed to update inventory:","timestamp":"2026-06-27T19:32:59.628Z"}
{"level":"error","message":"❌ Sync inventory error:","timestamp":"2026-06-27T19:32:59.629Z"}
{"level":"error","message":"❌ Failed to update inventory:","timestamp":"2026-06-27T19:32:59.633Z"}
{"level":"error","message":"❌ Failed to update inventory:","timestamp":"2026-06-27T19:32:59.637Z"}
{"level":"error","message":"❌ Failed to update inventory:","timestamp":"2026-06-27T19:32:59.642Z"}
{"level":"error","message":"❌ Failed to find product with SKU Safety Jogger Sandales Femme. -10280928674075:","timestamp":"2026-06-27T19:32:59.862Z"}
{"level":"error","message":"❌ Failed to update inventory:","timestamp":"2026-06-27T19:32:59.908Z"}
{"level":"error","message":"❌ Failed to update inventory:","timestamp":"2026-06-27T19:33:00.478Z"}
{"level":"error","message":"❌ Sync inventory error:","timestamp":"2026-06-27T19:33:00.478Z"}
{"level":"error","message":"❌ Failed to update inventory:","timestamp":"2026-06-27T19:33:00.481Z"}
{"level":"error","message":"❌ Failed to update inventory:","timestamp":"2026-06-27T19:33:00.484Z"}
{"level":"error","message":"❌ Failed to update inventory:","timestamp":"2026-06-27T19:33:00.492Z"}
{"level":"error","message":"❌ Failed to update inventory:","timestamp":"2026-06-27T19:33:00.502Z"}
{"level":"error","message":"❌ Failed to update inventory:","timestamp":"2026-06-27T19:33:01.106Z"}
{"level":"error","message":"❌ Sync inventory error:","timestamp":"2026-06-27T19:33:01.107Z"}
{"level":"error","message":"❌ Failed to update inventory:","timestamp":"2026-06-27T19:33:01.116Z"}
{"level":"error","message":"❌ Failed to update inventory:","timestamp":"2026-06-27T19:33:01.119Z"}
{"level":"error","message":"❌ Failed to update inventory:","timestamp":"2026-06-27T19:33:01.127Z"}
{"level":"error","message":"❌ Failed to find product with SKU UMBRO POLO. UAA241M011-005-10247418675483:","timestamp":"2026-06-27T19:33:01.335Z"}
{"level":"error","message":"❌ Failed to update inventory:","timestamp":"2026-06-27T19:33:01.359Z"}
{"level":"error","message":"❌ Failed to update inventory:","timestamp":"2026-06-27T19:33:01.971Z"}
{"level":"error","message":"❌ Sync inventory error:","timestamp":"2026-06-27T19:33:01.971Z"}
{"level":"error","message":"❌ Failed to update inventory:","timestamp":"2026-06-27T19:33:01.973Z"}
{"level":"error","message":"❌ Failed to update inventory:","timestamp":"2026-06-27T19:33:01.978Z"}
{"level":"error","message":"❌ Failed to update inventory:","timestamp":"2026-06-27T19:33:01.979Z"}
{"level":"error","message":"❌ Failed to update inventory:","timestamp":"2026-06-27T19:33:01.994Z"}
{"level":"error","message":"❌ Failed to update inventory:","timestamp":"2026-06-27T19:33:02.579Z"}
{"level":"error","message":"❌ Sync inventory error:","timestamp":"2026-06-27T19:33:02.580Z"}
{"level":"error","message":"❌ Failed to update inventory:","timestamp":"2026-06-27T19:33:02.591Z"}
{"level":"error","message":"❌ Failed to update inventory:","timestamp":"2026-06-27T19:33:02.592Z"}
{"level":"error","message":"❌ Failed to update inventory:","timestamp":"2026-06-27T19:33:02.595Z"}
{"level":"error","message":"❌ Failed to find product with SKU UMBRO POLO. UAA241M012-006-10247419134235:","timestamp":"2026-06-27T19:33:02.806Z"}
{"level":"error","message":"❌ Failed to update inventory:","timestamp":"2026-06-27T19:33:02.838Z"}
{"level":"error","message":"❌ Failed to update inventory:","timestamp":"2026-06-27T19:33:03.412Z"}
{"level":"error","message":"❌ Sync inventory error:","timestamp":"2026-06-27T19:33:03.412Z"}
{"level":"error","message":"❌ Failed to update inventory:","timestamp":"2026-06-27T19:33:03.414Z"}
{"level":"error","message":"❌ Failed to update inventory:","timestamp":"2026-06-27T19:33:03.424Z"}
{"level":"error","message":"❌ Failed to update inventory:","timestamp":"2026-06-27T19:33:03.425Z"}
{"level":"error","message":"❌ Failed to update inventory:","timestamp":"2026-06-27T19:33:03.438Z"}
{"level":"error","message":"❌ Failed to update inventory:","timestamp":"2026-06-27T19:33:04.034Z"}
{"level":"error","message":"❌ Sync inventory error:","timestamp":"2026-06-27T19:33:04.034Z"}
{"level":"error","message":"❌ Failed to update inventory:","timestamp":"2026-06-27T19:33:04.040Z"}
{"level":"error","message":"❌ Failed to update inventory:","timestamp":"2026-06-27T19:33:04.043Z"}
{"level":"error","message":"❌ Failed to update inventory:","timestamp":"2026-06-27T19:33:04.044Z"}
{"level":"error","message":"❌ Failed to update inventory:","timestamp":"2026-06-27T19:33:04.294Z"}
{"level":"error","message":"❌ Failed to find product with SKU UMBRO POLO. UAA241M013-028-10247419068699:","timestamp":"2026-06-27T19:33:04.470Z"}
{"level":"error","message":"❌ Failed to update inventory:","timestamp":"2026-06-27T19:33:05.321Z"}
{"level":"error","message":"❌ Sync inventory error:","timestamp":"2026-06-27T19:33:05.322Z"}
{"level":"error","message":"❌ Failed to update inventory:","timestamp":"2026-06-27T19:33:05.325Z"}
{"level":"error","message":"❌ Failed to update inventory:","timestamp":"2026-06-27T19:33:05.333Z"}
{"level":"error","message":"❌ Failed to find product with SKU UMBRO POLO. UAA241M014 -100-10247418609947:","timestamp":"2026-06-27T19:33:05.552Z"}
{"level":"error","message":"❌ Failed to update inventory:","timestamp":"2026-06-27T19:33:05.579Z"}
{"level":"error","message":"❌ Failed to find product with SKU UMBRO PULL. UAA241M004-021-10247419560219:","timestamp":"2026-06-27T19:33:05.789Z"}
{"level":"error","message":"❌ Failed to update inventory:","timestamp":"2026-06-27T19:33:06.142Z"}
{"level":"error","message":"❌ Failed to update inventory:","timestamp":"2026-06-27T19:33:06.427Z"}
{"level":"error","message":"❌ Sync inventory error:","timestamp":"2026-06-27T19:33:06.428Z"}
{"level":"error","message":"❌ Failed to update inventory:","timestamp":"2026-06-27T19:33:06.439Z"}
{"level":"error","message":"❌ Failed to update inventory:","timestamp":"2026-06-27T19:33:06.441Z"}
{"level":"error","message":"❌ Failed to update inventory:","timestamp":"2026-06-27T19:33:06.442Z"}
{"level":"error","message":"❌ Failed to update inventory:","timestamp":"2026-06-27T19:33:06.464Z"}
{"level":"error","message":"❌ Failed to update inventory:","timestamp":"2026-06-27T19:33:07.042Z"}
{"level":"error","message":"❌ Sync inventory error:","timestamp":"2026-06-27T19:33:07.063Z"}
{"level":"error","message":"❌ Failed to update inventory:","timestamp":"2026-06-27T19:33:07.066Z"}
{"level":"error","message":"❌ Failed to update inventory:","timestamp":"2026-06-27T19:33:07.070Z"}
{"level":"error","message":"❌ Failed to update inventory:","timestamp":"2026-06-27T19:33:07.074Z"}
{"level":"error","message":"❌ Failed to update inventory:","timestamp":"2026-06-27T19:33:07.322Z"}
{"level":"error","message":"❌ Failed to find product with SKU UMBRO PULL. UAA241M006-084-10247418904859:","timestamp":"2026-06-27T19:33:07.323Z"}
{"level":"error","message":"❌ Failed to update inventory:","timestamp":"2026-06-27T19:33:07.946Z"}
{"level":"error","message":"❌ Sync inventory error:","timestamp":"2026-06-27T19:33:07.946Z"}
{"level":"error","message":"❌ Failed to update inventory:","timestamp":"2026-06-27T19:33:07.958Z"}
{"level":"error","message":"❌ Failed to update inventory:","timestamp":"2026-06-27T19:33:07.960Z"}
{"level":"error","message":"❌ Failed to update inventory:","timestamp":"2026-06-27T19:33:08.177Z"}
{"level":"error","message":"❌ Failed to find product with SKU UMBRO PULL. UAA241M007-021-10247419265307:","timestamp":"2026-06-27T19:33:08.187Z"}
{"level":"error","message":"❌ Failed to find product with SKU UMBRO PULL. UAA241M007-084-10247419330843:","timestamp":"2026-06-27T19:33:08.420Z"}
{"level":"error","message":"❌ Failed to update inventory:","timestamp":"2026-06-27T19:33:08.476Z"}
{"level":"error","message":"❌ Failed to update inventory:","timestamp":"2026-06-27T19:33:09.057Z"}
{"level":"error","message":"❌ Sync inventory error:","timestamp":"2026-06-27T19:33:09.058Z"}
{"level":"error","message":"❌ Failed to update inventory:","timestamp":"2026-06-27T19:33:09.059Z"}
{"level":"error","message":"❌ Failed to update inventory:","timestamp":"2026-06-27T19:33:09.068Z"}
{"level":"error","message":"❌ Failed to update inventory:","timestamp":"2026-06-27T19:33:09.069Z"}
{"level":"error","message":"❌ Failed to find product with SKU UMBRO PULL. UAA241M009-005-10247418577179:","timestamp":"2026-06-27T19:33:09.313Z"}
{"level":"error","message":"❌ Failed to update inventory:","timestamp":"2026-06-27T19:33:09.326Z"}
{"level":"error","message":"❌ Failed to update inventory:","timestamp":"2026-06-27T19:33:09.985Z"}
{"level":"error","message":"❌ Sync inventory error:","timestamp":"2026-06-27T19:33:09.985Z"}
{"level":"error","message":"❌ Failed to update inventory:","timestamp":"2026-06-27T19:33:09.990Z"}
{"level":"error","message":"❌ Failed to update inventory:","timestamp":"2026-06-27T19:33:10.002Z"}
{"level":"error","message":"❌ Failed to update inventory:","timestamp":"2026-06-27T19:33:10.003Z"}
{"level":"error","message":"❌ Failed to update inventory:","timestamp":"2026-06-27T19:33:10.054Z"}
{"level":"error","message":"❌ Failed to update inventory:","timestamp":"2026-06-27T19:33:10.815Z"}
{"level":"error","message":"❌ Sync inventory error:","timestamp":"2026-06-27T19:33:10.815Z"}
{"level":"error","message":"❌ Failed to update inventory:","timestamp":"2026-06-27T19:33:10.820Z"}
{"level":"error","message":"❌ Failed to update inventory:","timestamp":"2026-06-27T19:33:10.872Z"}
{"level":"error","message":"❌ Failed to update inventory:","timestamp":"2026-06-27T19:33:10.873Z"}
{"level":"error","message":"❌ Failed to update inventory:","timestamp":"2026-06-27T19:33:11.099Z"}
{"level":"error","message":"❌ Failed to update inventory:","timestamp":"2026-06-27T19:33:11.548Z"}
{"level":"error","message":"❌ Sync inventory error:","timestamp":"2026-06-27T19:33:11.548Z"}
{"level":"error","message":"❌ Failed to update inventory:","timestamp":"2026-06-27T19:33:11.555Z"}
{"level":"error","message":"❌ Failed to update inventory:","timestamp":"2026-06-27T19:33:11.557Z"}
{"level":"error","message":"❌ Failed to update inventory:","timestamp":"2026-06-27T19:33:11.559Z"}
{"level":"error","message":"❌ Failed to find product with SKU UMBRO SHORT. UAA241M104-02X-10247420215579:","timestamp":"2026-06-27T19:33:11.785Z"}
{"level":"error","message":"❌ Failed to update inventory:","timestamp":"2026-06-27T19:33:11.844Z"}
{"level":"error","message":"❌ Failed to update inventory:","timestamp":"2026-06-27T19:33:12.401Z"}
{"level":"error","message":"❌ Sync inventory error:","timestamp":"2026-06-27T19:33:12.402Z"}
{"level":"error","message":"❌ Failed to update inventory:","timestamp":"2026-06-27T19:33:12.410Z"}
{"level":"error","message":"❌ Failed to update inventory:","timestamp":"2026-06-27T19:33:12.414Z"}
{"level":"error","message":"❌ Failed to update inventory:","timestamp":"2026-06-27T19:33:12.423Z"}
{"level":"error","message":"❌ Failed to update inventory:","timestamp":"2026-06-27T19:33:12.424Z"}
{"level":"error","message":"❌ Failed to update inventory:","timestamp":"2026-06-27T19:33:13.021Z"}
{"level":"error","message":"❌ Sync inventory error:","timestamp":"2026-06-27T19:33:13.021Z"}
{"level":"error","message":"❌ Failed to update inventory:","timestamp":"2026-06-27T19:33:13.033Z"}
{"level":"error","message":"❌ Failed to update inventory:","timestamp":"2026-06-27T19:33:13.043Z"}
{"level":"error","message":"❌ Failed to update inventory:","timestamp":"2026-06-27T19:33:13.046Z"}
{"level":"error","message":"❌ Failed to find product with SKU UMBRO SHORT. UAA241M105-01X-10247420346651:","timestamp":"2026-06-27T19:33:13.266Z"}
{"level":"error","message":"❌ Failed to update inventory:","timestamp":"2026-06-27T19:33:13.273Z"}
{"level":"error","message":"❌ Failed to find product with SKU UMBRO SHORT. UAA241M107-001-10247420051739:","timestamp":"2026-06-27T19:33:13.488Z"}
{"level":"error","message":"❌ Failed to update inventory:","timestamp":"2026-06-27T19:33:14.112Z"}
{"level":"error","message":"❌ Sync inventory error:","timestamp":"2026-06-27T19:33:14.113Z"}
{"level":"error","message":"❌ Failed to update inventory:","timestamp":"2026-06-27T19:33:14.125Z"}
{"level":"error","message":"❌ Failed to update inventory:","timestamp":"2026-06-27T19:33:14.130Z"}
{"level":"error","message":"❌ Failed to update inventory:","timestamp":"2026-06-27T19:33:14.138Z"}
{"level":"error","message":"❌ Failed to find product with SKU UMBRO SHORT. UAA241M107-01X-10247419986203:","timestamp":"2026-06-27T19:33:14.341Z"}
{"level":"error","message":"❌ Failed to update inventory:","timestamp":"2026-06-27T19:33:14.394Z"}
{"level":"error","message":"❌ Failed to update inventory:","timestamp":"2026-06-27T19:33:15.068Z"}
{"level":"error","message":"❌ Sync inventory error:","timestamp":"2026-06-27T19:33:15.068Z"}
{"level":"error","message":"❌ Failed to update inventory:","timestamp":"2026-06-27T19:33:15.071Z"}
{"level":"error","message":"❌ Failed to update inventory:","timestamp":"2026-06-27T19:33:15.077Z"}
{"level":"error","message":"❌ Failed to update inventory:","timestamp":"2026-06-27T19:33:15.090Z"}
{"level":"error","message":"❌ Failed to find product with SKU UMBRO SHORT. UAA241M110-002-10247420412187:","timestamp":"2026-06-27T19:33:15.301Z"}
{"level":"error","message":"❌ Failed to update inventory:","timestamp":"2026-06-27T19:33:15.363Z"}
{"level":"error","message":"❌ Failed to update inventory:","timestamp":"2026-06-27T19:33:15.900Z"}
{"level":"error","message":"❌ Sync inventory error:","timestamp":"2026-06-27T19:33:15.901Z"}
{"level":"error","message":"❌ Failed to update inventory:","timestamp":"2026-06-27T19:33:15.911Z"}
{"level":"error","message":"❌ Failed to update inventory:","timestamp":"2026-06-27T19:33:15.913Z"}
{"level":"error","message":"❌ Failed to update inventory:","timestamp":"2026-06-27T19:33:15.921Z"}
{"level":"error","message":"❌ Failed to update inventory:","timestamp":"2026-06-27T19:33:15.931Z"}
{"level":"error","message":"❌ Failed to update inventory:","timestamp":"2026-06-27T19:33:16.533Z"}
{"level":"error","message":"❌ Sync inventory error:","timestamp":"2026-06-27T19:33:16.534Z"}
{"level":"error","message":"❌ Failed to update inventory:","timestamp":"2026-06-27T19:33:16.539Z"}
{"level":"error","message":"❌ Failed to update inventory:","timestamp":"2026-06-27T19:33:16.544Z"}
{"level":"error","message":"❌ Failed to update inventory:","timestamp":"2026-06-27T19:33:16.775Z"}
{"level":"error","message":"❌ Failed to update inventory:","timestamp":"2026-06-27T19:33:16.905Z"}
{"level":"error","message":"❌ Failed to update inventory:","timestamp":"2026-06-27T19:38:20.654Z"}
{"level":"error","message":"❌ Sync inventory error:","timestamp":"2026-06-27T19:38:20.660Z"}
{"level":"error","message":"❌ Failed to update inventory:","timestamp":"2026-06-27T19:38:20.666Z"}
{"level":"error","message":"❌ Failed to update inventory:","timestamp":"2026-06-27T19:38:20.678Z"}
{"level":"error","message":"❌ Failed to update inventory:","timestamp":"2026-06-27T19:38:20.682Z"}
{"level":"error","message":"❌ Failed to update inventory:","timestamp":"2026-06-27T19:38:20.712Z"}
{"level":"error","message":"❌ Failed to update inventory:","timestamp":"2026-06-27T19:38:21.555Z"}
{"level":"error","message":"❌ Sync inventory error:","timestamp":"2026-06-27T19:38:21.555Z"}
{"level":"error","message":"❌ Failed to update inventory:","timestamp":"2026-06-27T19:38:21.557Z"}
{"level":"error","message":"❌ Failed to update inventory:","timestamp":"2026-06-27T19:38:21.560Z"}
{"level":"error","message":"❌ Failed to update inventory:","timestamp":"2026-06-27T19:38:21.565Z"}
{"level":"error","message":"❌ Failed to update inventory:","timestamp":"2026-06-27T19:38:21.596Z"}
{"level":"error","message":"❌ Failed to update inventory:","timestamp":"2026-06-27T19:38:22.452Z"}
{"level":"error","message":"❌ Sync inventory error:","timestamp":"2026-06-27T19:38:22.453Z"}
{"level":"error","message":"❌ Failed to update inventory:","timestamp":"2026-06-27T19:38:22.489Z"}
{"level":"error","message":"❌ Failed to update inventory:","timestamp":"2026-06-27T19:38:22.499Z"}
{"level":"error","message":"❌ Failed to update inventory:","timestamp":"2026-06-27T19:38:22.502Z"}
{"level":"error","message":"❌ Failed to update inventory:","timestamp":"2026-06-27T19:38:22.570Z"}
{"level":"error","message":"❌ Failed to update inventory:","timestamp":"2026-06-27T19:38:23.360Z"}
{"level":"error","message":"❌ Sync inventory error:","timestamp":"2026-06-27T19:38:23.360Z"}
{"level":"error","message":"❌ Failed to update inventory:","timestamp":"2026-06-27T19:38:23.361Z"}
{"level":"error","message":"❌ Failed to update inventory:","timestamp":"2026-06-27T19:38:23.371Z"}
{"level":"error","message":"❌ Failed to update inventory:","timestamp":"2026-06-27T19:38:23.396Z"}
{"level":"error","message":"❌ Failed to update inventory:","timestamp":"2026-06-27T19:38:23.551Z"}
{"level":"error","message":"❌ Failed to update inventory:","timestamp":"2026-06-27T19:38:23.981Z"}
{"level":"error","message":"❌ Sync inventory error:","timestamp":"2026-06-27T19:38:23.981Z"}
{"level":"error","message":"❌ Failed to update inventory:","timestamp":"2026-06-27T19:38:24.003Z"}
{"level":"error","message":"❌ Failed to find product with SKU American College T-Shirt Pour -10278999130395:","timestamp":"2026-06-27T19:38:24.231Z"}
{"level":"error","message":"❌ Failed to update inventory:","timestamp":"2026-06-27T19:38:24.233Z"}
{"level":"error","message":"❌ Failed to update inventory:","timestamp":"2026-06-27T19:38:24.234Z"}
{"level":"error","message":"❌ Failed to update inventory:","timestamp":"2026-06-27T19:38:24.258Z"}
{"level":"error","message":"❌ Failed to update inventory:","timestamp":"2026-06-27T19:38:24.877Z"}
{"level":"error","message":"❌ Sync inventory error:","timestamp":"2026-06-27T19:38:24.878Z"}
{"level":"error","message":"❌ Failed to update inventory:","timestamp":"2026-06-27T19:38:24.883Z"}
{"level":"error","message":"❌ Failed to update inventory:","timestamp":"2026-06-27T19:38:24.891Z"}
{"level":"error","message":"❌ Failed to update inventory:","timestamp":"2026-06-27T19:38:24.894Z"}
{"level":"error","message":"❌ Failed to update inventory:","timestamp":"2026-06-27T19:38:24.895Z"}
{"level":"error","message":"❌ Failed to update inventory:","timestamp":"2026-06-27T19:38:25.534Z"}
{"level":"error","message":"❌ Sync inventory error:","timestamp":"2026-06-27T19:38:25.534Z"}
{"level":"error","message":"❌ Failed to update inventory:","timestamp":"2026-06-27T19:38:25.558Z"}
{"level":"error","message":"❌ Failed to update inventory:","timestamp":"2026-06-27T19:38:25.558Z"}
{"level":"error","message":"❌ Failed to find product with SKU BEVERLY HILLS POLO CLUB CLAQUE-10278376603931:","timestamp":"2026-06-27T19:38:25.772Z"}
{"level":"error","message":"❌ Failed to update inventory:","timestamp":"2026-06-27T19:38:25.804Z"}
{"level":"error","message":"❌ Failed to update inventory:","timestamp":"2026-06-27T19:38:25.877Z"}
{"level":"error","message":"❌ Failed to update inventory:","timestamp":"2026-06-27T19:38:26.390Z"}
{"level":"error","message":"❌ Sync inventory error:","timestamp":"2026-06-27T19:38:26.391Z"}
{"level":"error","message":"❌ Failed to update inventory:","timestamp":"2026-06-27T19:38:26.397Z"}
{"level":"error","message":"❌ Failed to update inventory:","timestamp":"2026-06-27T19:38:26.399Z"}
{"level":"error","message":"❌ Failed to update inventory:","timestamp":"2026-06-27T19:38:26.404Z"}
{"level":"error","message":"❌ Failed to update inventory:","timestamp":"2026-06-27T19:38:26.405Z"}
{"level":"error","message":"❌ Failed to update inventory:","timestamp":"2026-06-27T19:38:27.023Z"}
{"level":"error","message":"❌ Sync inventory error:","timestamp":"2026-06-27T19:38:27.024Z"}
{"level":"error","message":"❌ Failed to update inventory:","timestamp":"2026-06-27T19:38:27.025Z"}
{"level":"error","message":"❌ Failed to update inventory:","timestamp":"2026-06-27T19:38:27.031Z"}
{"level":"error","message":"❌ Failed to update inventory:","timestamp":"2026-06-27T19:38:27.032Z"}
{"level":"error","message":"❌ Failed to find product with SKU BEVERLY HILLS POLO CLUB CLAQUE-10278446989595:","timestamp":"2026-06-27T19:38:27.244Z"}
{"level":"error","message":"❌ Failed to update inventory:","timestamp":"2026-06-27T19:38:27.287Z"}
{"level":"error","message":"❌ Failed to update inventory:","timestamp":"2026-06-27T19:38:27.875Z"}
{"level":"error","message":"❌ Sync inventory error:","timestamp":"2026-06-27T19:38:27.875Z"}
{"level":"error","message":"❌ Failed to update inventory:","timestamp":"2026-06-27T19:38:27.877Z"}
{"level":"error","message":"❌ Failed to update inventory:","timestamp":"2026-06-27T19:38:27.894Z"}
{"level":"error","message":"❌ Failed to update inventory:","timestamp":"2026-06-27T19:38:27.898Z"}
{"level":"error","message":"❌ Failed to update inventory:","timestamp":"2026-06-27T19:38:27.900Z"}
{"level":"error","message":"❌ Failed to update inventory:","timestamp":"2026-06-27T19:38:28.514Z"}
{"level":"error","message":"❌ Sync inventory error:","timestamp":"2026-06-27T19:38:28.515Z"}
{"level":"error","message":"❌ Failed to update inventory:","timestamp":"2026-06-27T19:38:28.522Z"}
{"level":"error","message":"❌ Failed to update inventory:","timestamp":"2026-06-27T19:38:28.537Z"}
{"level":"error","message":"❌ Failed to update inventory:","timestamp":"2026-06-27T19:38:28.546Z"}
{"level":"error","message":"❌ Failed to find product with SKU BEVERLY HILLS POLO CLUB CLAQUE-10278451052827:","timestamp":"2026-06-27T19:38:28.741Z"}
{"level":"error","message":"❌ Failed to update inventory:","timestamp":"2026-06-27T19:38:28.784Z"}
{"level":"error","message":"❌ Failed to update inventory:","timestamp":"2026-06-27T19:38:29.413Z"}
{"level":"error","message":"❌ Sync inventory error:","timestamp":"2026-06-27T19:38:29.413Z"}
{"level":"error","message":"❌ Failed to update inventory:","timestamp":"2026-06-27T19:38:29.418Z"}
{"level":"error","message":"❌ Failed to update inventory:","timestamp":"2026-06-27T19:38:29.436Z"}
{"level":"error","message":"❌ Failed to update inventory:","timestamp":"2026-06-27T19:38:29.446Z"}
{"level":"error","message":"❌ Failed to update inventory:","timestamp":"2026-06-27T19:38:29.447Z"}
{"level":"error","message":"❌ Failed to update inventory:","timestamp":"2026-06-27T19:38:30.059Z"}
{"level":"error","message":"❌ Sync inventory error:","timestamp":"2026-06-27T19:38:30.059Z"}
{"level":"error","message":"❌ Failed to update inventory:","timestamp":"2026-06-27T19:38:30.062Z"}
{"level":"error","message":"❌ Failed to update inventory:","timestamp":"2026-06-27T19:38:30.064Z"}
{"level":"error","message":"❌ Failed to update inventory:","timestamp":"2026-06-27T19:38:30.283Z"}
{"level":"error","message":"❌ Failed to find product with SKU Champion All American Slide Ho-10281706357019:","timestamp":"2026-06-27T19:38:30.289Z"}
{"level":"error","message":"❌ Failed to update inventory:","timestamp":"2026-06-27T19:38:30.331Z"}
{"level":"error","message":"❌ Failed to update inventory:","timestamp":"2026-06-27T19:38:30.898Z"}
{"level":"error","message":"❌ Sync inventory error:","timestamp":"2026-06-27T19:38:30.899Z"}
{"level":"error","message":"❌ Failed to update inventory:","timestamp":"2026-06-27T19:38:30.903Z"}
{"level":"error","message":"❌ Failed to update inventory:","timestamp":"2026-06-27T19:38:30.904Z"}
{"level":"error","message":"❌ Failed to update inventory:","timestamp":"2026-06-27T19:38:30.912Z"}
{"level":"error","message":"❌ Failed to update inventory:","timestamp":"2026-06-27T19:38:30.918Z"}
{"level":"error","message":"❌ Failed to update inventory:","timestamp":"2026-06-27T19:38:31.566Z"}
{"level":"error","message":"❌ Sync inventory error:","timestamp":"2026-06-27T19:38:31.566Z"}
{"level":"error","message":"❌ Failed to update inventory:","timestamp":"2026-06-27T19:38:31.574Z"}
{"level":"error","message":"❌ Failed to update inventory:","timestamp":"2026-06-27T19:38:31.576Z"}
{"level":"error","message":"❌ Failed to update inventory:","timestamp":"2026-06-27T19:38:31.669Z"}
{"level":"error","message":"❌ Failed to find product with SKU Champion All American Slide Ho-10281704423707:","timestamp":"2026-06-27T19:38:31.798Z"}
{"level":"error","message":"❌ Failed to update inventory:","timestamp":"2026-06-27T19:38:31.823Z"}
{"level":"error","message":"❌ Failed to update inventory:","timestamp":"2026-06-27T19:42:19.036Z"}
{"level":"error","message":"❌ Shopify API Error:","timestamp":"2026-06-27T19:42:19.039Z"}
{"level":"error","message":"❌ Sync inventory error:","timestamp":"2026-06-27T19:42:19.039Z"}
{"level":"error","message":"❌ Failed to update inventory:","timestamp":"2026-06-27T19:42:19.054Z"}
{"level":"error","message":"❌ Shopify API Error:","timestamp":"2026-06-27T19:42:19.055Z"}
{"level":"error","message":"❌ Failed to update inventory:","timestamp":"2026-06-27T19:42:19.057Z"}
{"level":"error","message":"❌ Shopify API Error:","timestamp":"2026-06-27T19:42:19.057Z"}
{"level":"error","message":"❌ Failed to update inventory:","timestamp":"2026-06-27T19:42:19.072Z"}
{"level":"error","message":"❌ Shopify API Error:","timestamp":"2026-06-27T19:42:19.073Z"}
{"level":"error","message":"❌ Failed to update inventory:","timestamp":"2026-06-27T19:42:19.254Z"}
{"level":"error","message":"❌ Shopify API Error:","timestamp":"2026-06-27T19:42:19.255Z"}
{"level":"error","message":"❌ Failed to update inventory:","timestamp":"2026-06-27T19:42:19.800Z"}
{"level":"error","message":"❌ Shopify API Error:","timestamp":"2026-06-27T19:42:19.801Z"}
{"level":"error","message":"❌ Sync inventory error:","timestamp":"2026-06-27T19:42:19.801Z"}
{"level":"error","message":"❌ Failed to update inventory:","timestamp":"2026-06-27T19:42:19.811Z"}
{"level":"error","message":"❌ Shopify API Error:","timestamp":"2026-06-27T19:42:19.812Z"}
{"level":"error","message":"❌ Failed to update inventory:","timestamp":"2026-06-27T19:42:19.841Z"}
{"level":"error","message":"❌ Shopify API Error:","timestamp":"2026-06-27T19:42:19.850Z"}
{"level":"error","message":"❌ Failed to update inventory:","timestamp":"2026-06-27T19:42:19.883Z"}
{"level":"error","message":"❌ Shopify API Error:","timestamp":"2026-06-27T19:42:19.884Z"}
{"level":"error","message":"❌ Failed to update inventory:","timestamp":"2026-06-27T19:42:20.563Z"}
{"level":"error","message":"❌ Shopify API Error:","timestamp":"2026-06-27T19:42:20.563Z"}
{"level":"error","message":"❌ Sync inventory error:","timestamp":"2026-06-27T19:42:20.564Z"}
{"level":"error","message":"❌ Failed to update inventory:","timestamp":"2026-06-27T19:42:20.579Z"}
{"level":"error","message":"❌ Shopify API Error:","timestamp":"2026-06-27T19:42:20.579Z"}
{"level":"error","message":"❌ Failed to update inventory:","timestamp":"2026-06-27T19:42:20.602Z"}
{"level":"error","message":"❌ Shopify API Error:","timestamp":"2026-06-27T19:42:20.603Z"}
{"level":"error","message":"❌ Failed to update inventory:","timestamp":"2026-06-27T19:42:21.314Z"}
{"level":"error","message":"❌ Shopify API Error:","timestamp":"2026-06-27T19:42:21.314Z"}
{"level":"error","message":"❌ Sync inventory error:","timestamp":"2026-06-27T19:42:21.315Z"}
{"level":"error","message":"❌ Failed to update inventory:","timestamp":"2026-06-27T19:42:21.335Z"}
{"level":"error","message":"❌ Shopify API Error:","timestamp":"2026-06-27T19:42:21.336Z"}
{"level":"error","message":"❌ Failed to update inventory:","timestamp":"2026-06-27T19:42:22.080Z"}
{"level":"error","message":"❌ Shopify API Error:","timestamp":"2026-06-27T19:42:22.080Z"}
{"level":"error","message":"❌ Sync inventory error:","timestamp":"2026-06-27T19:42:22.080Z"}
{"level":"error","message":"❌ Failed to update inventory:","timestamp":"2026-06-27T19:42:22.114Z"}
{"level":"error","message":"❌ Shopify API Error:","timestamp":"2026-06-27T19:42:22.114Z"}
{"level":"error","message":"❌ Failed to update inventory:","timestamp":"2026-06-27T19:42:22.821Z"}
{"level":"error","message":"❌ Shopify API Error:","timestamp":"2026-06-27T19:42:22.821Z"}
{"level":"error","message":"❌ Sync inventory error:","timestamp":"2026-06-27T19:42:22.822Z"}
{"level":"error","message":"❌ Failed to update inventory:","timestamp":"2026-06-27T19:42:22.824Z"}
{"level":"error","message":"❌ Shopify API Error:","timestamp":"2026-06-27T19:42:22.825Z"}
{"level":"error","message":"❌ Failed to update inventory:","timestamp":"2026-06-27T19:42:22.834Z"}
{"level":"error","message":"❌ Shopify API Error:","timestamp":"2026-06-27T19:42:22.834Z"}
{"level":"error","message":"❌ Failed to update inventory:","timestamp":"2026-06-27T19:42:22.848Z"}
{"level":"error","message":"❌ Shopify API Error:","timestamp":"2026-06-27T19:42:22.848Z"}
{"level":"error","message":"❌ Failed to update inventory:","timestamp":"2026-06-27T19:42:23.307Z"}
{"level":"error","message":"❌ Shopify API Error:","timestamp":"2026-06-27T19:42:23.308Z"}
{"level":"error","message":"❌ Sync inventory error:","timestamp":"2026-06-27T19:42:23.308Z"}
{"level":"error","message":"❌ Failed to update inventory:","timestamp":"2026-06-27T19:42:23.314Z"}
{"level":"error","message":"❌ Shopify API Error:","timestamp":"2026-06-27T19:42:23.314Z"}
{"level":"error","message":"❌ Failed to update inventory:","timestamp":"2026-06-27T19:42:23.334Z"}
{"level":"error","message":"❌ Shopify API Error:","timestamp":"2026-06-27T19:42:23.334Z"}
{"level":"error","message":"❌ Failed to update inventory:","timestamp":"2026-06-27T19:42:23.548Z"}
{"level":"error","message":"❌ Shopify API Error:","timestamp":"2026-06-27T19:42:23.548Z"}
{"level":"error","message":"❌ Failed to get product 10278438764827:","timestamp":"2026-06-27T19:42:23.561Z"}
{"level":"error","message":"❌ Failed to update inventory:","timestamp":"2026-06-27T19:42:23.570Z"}
{"level":"error","message":"❌ Shopify API Error:","timestamp":"2026-06-27T19:42:23.570Z"}
{"level":"error","message":"❌ Failed to update inventory:","timestamp":"2026-06-27T19:42:23.800Z"}
{"level":"error","message":"❌ Shopify API Error:","timestamp":"2026-06-27T19:42:23.800Z"}
{"level":"error","message":"❌ Failed to get product 10278376603931:","timestamp":"2026-06-27T19:42:23.810Z"}
{"level":"error","message":"❌ Failed to update inventory:","timestamp":"2026-06-27T19:42:24.290Z"}
{"level":"error","message":"❌ Shopify API Error:","timestamp":"2026-06-27T19:42:24.290Z"}
{"level":"error","message":"❌ Sync inventory error:","timestamp":"2026-06-27T19:42:24.290Z"}
{"level":"error","message":"❌ Failed to update inventory:","timestamp":"2026-06-27T19:42:24.293Z"}
{"level":"error","message":"❌ Shopify API Error:","timestamp":"2026-06-27T19:42:24.294Z"}
{"level":"error","message":"❌ Failed to update inventory:","timestamp":"2026-06-27T19:42:24.307Z"}
{"level":"error","message":"❌ Shopify API Error:","timestamp":"2026-06-27T19:42:24.308Z"}
{"level":"error","message":"❌ Failed to update inventory:","timestamp":"2026-06-27T19:42:24.309Z"}
{"level":"error","message":"❌ Shopify API Error:","timestamp":"2026-06-27T19:42:24.309Z"}
{"level":"error","message":"❌ Failed to update inventory:","timestamp":"2026-06-27T19:42:24.311Z"}
{"level":"error","message":"❌ Shopify API Error:","timestamp":"2026-06-27T19:42:24.311Z"}
{"level":"error","message":"❌ Failed to update inventory:","timestamp":"2026-06-27T19:42:24.312Z"}
{"level":"error","message":"❌ Shopify API Error:","timestamp":"2026-06-27T19:42:24.312Z"}
{"level":"error","message":"❌ Failed to update inventory:","timestamp":"2026-06-27T19:42:24.774Z"}
{"level":"error","message":"❌ Shopify API Error:","timestamp":"2026-06-27T19:42:24.775Z"}
{"level":"error","message":"❌ Sync inventory error:","timestamp":"2026-06-27T19:42:24.775Z"}
{"level":"error","message":"❌ Failed to update inventory:","timestamp":"2026-06-27T19:42:24.791Z"}
{"level":"error","message":"❌ Shopify API Error:","timestamp":"2026-06-27T19:42:24.791Z"}
{"level":"error","message":"❌ Failed to get product 10278446989595:","timestamp":"2026-06-27T19:42:24.993Z"}
{"level":"error","message":"❌ Failed to update inventory:","timestamp":"2026-06-27T19:42:25.471Z"}
{"level":"error","message":"❌ Shopify API Error:","timestamp":"2026-06-27T19:42:25.471Z"}
{"level":"error","message":"❌ Sync inventory error:","timestamp":"2026-06-27T19:42:25.471Z"}
{"level":"error","message":"❌ Failed to update inventory:","timestamp":"2026-06-27T19:42:25.474Z"}
{"level":"error","message":"❌ Shopify API Error:","timestamp":"2026-06-27T19:42:25.474Z"}
{"level":"error","message":"❌ Failed to update inventory:","timestamp":"2026-06-27T19:42:25.956Z"}
{"level":"error","message":"❌ Shopify API Error:","timestamp":"2026-06-27T19:42:25.959Z"}
{"level":"error","message":"❌ Sync inventory error:","timestamp":"2026-06-27T19:42:25.959Z"}
{"level":"error","message":"❌ Failed to update inventory:","timestamp":"2026-06-27T19:42:25.964Z"}
{"level":"error","message":"❌ Shopify API Error:","timestamp":"2026-06-27T19:42:25.965Z"}
{"level":"error","message":"❌ Failed to get product 10278451052827:","timestamp":"2026-06-27T19:42:26.188Z"}
{"level":"error","message":"❌ Failed to get product 10281719300379:","timestamp":"2026-06-27T19:42:26.414Z"}
{"level":"error","message":"❌ Failed to update inventory:","timestamp":"2026-06-27T19:42:26.458Z"}
{"level":"error","message":"❌ Shopify API Error:","timestamp":"2026-06-27T19:42:26.458Z"}
{"level":"error","message":"❌ Failed to update inventory:","timestamp":"2026-06-27T19:42:26.897Z"}
{"level":"error","message":"❌ Shopify API Error:","timestamp":"2026-06-27T19:42:26.897Z"}
{"level":"error","message":"❌ Sync inventory error:","timestamp":"2026-06-27T19:42:26.897Z"}
{"level":"error","message":"❌ Failed to update inventory:","timestamp":"2026-06-27T19:42:26.910Z"}
{"level":"error","message":"❌ Shopify API Error:","timestamp":"2026-06-27T19:42:26.911Z"}
{"level":"error","message":"❌ Failed to update inventory:","timestamp":"2026-06-27T19:42:26.917Z"}
{"level":"error","message":"❌ Shopify API Error:","timestamp":"2026-06-27T19:42:26.918Z"}
{"level":"error","message":"❌ Failed to update inventory:","timestamp":"2026-06-27T19:42:26.919Z"}
{"level":"error","message":"❌ Shopify API Error:","timestamp":"2026-06-27T19:42:26.920Z"}
{"level":"error","message":"❌ Failed to update inventory:","timestamp":"2026-06-27T19:42:26.931Z"}
{"level":"error","message":"❌ Shopify API Error:","timestamp":"2026-06-27T19:42:26.932Z"}
{"level":"error","message":"❌ Failed to update inventory:","timestamp":"2026-06-27T19:42:27.376Z"}
{"level":"error","message":"❌ Shopify API Error:","timestamp":"2026-06-27T19:42:27.376Z"}
{"level":"error","message":"❌ Sync inventory error:","timestamp":"2026-06-27T19:42:27.377Z"}
{"level":"error","message":"❌ Failed to update inventory:","timestamp":"2026-06-27T19:42:27.380Z"}
{"level":"error","message":"❌ Shopify API Error:","timestamp":"2026-06-27T19:42:27.388Z"}
{"level":"error","message":"❌ Failed to update inventory:","timestamp":"2026-06-27T19:42:27.392Z"}
{"level":"error","message":"❌ Shopify API Error:","timestamp":"2026-06-27T19:42:27.392Z"}
{"level":"error","message":"❌ Failed to update inventory:","timestamp":"2026-06-27T19:42:27.394Z"}
{"level":"error","message":"❌ Shopify API Error:","timestamp":"2026-06-27T19:42:27.394Z"}
{"level":"error","message":"❌ Failed to update inventory:","timestamp":"2026-06-27T19:42:27.396Z"}
{"level":"error","message":"❌ Shopify API Error:","timestamp":"2026-06-27T19:42:27.398Z"}
{"level":"error","message":"❌ Failed to update inventory:","timestamp":"2026-06-27T19:42:27.400Z"}
{"level":"error","message":"❌ Shopify API Error:","timestamp":"2026-06-27T19:42:27.400Z"}
{"level":"error","message":"❌ Failed to update inventory:","timestamp":"2026-06-27T19:42:27.870Z"}
{"level":"error","message":"❌ Shopify API Error:","timestamp":"2026-06-27T19:42:27.870Z"}
{"level":"error","message":"❌ Sync inventory error:","timestamp":"2026-06-27T19:42:27.870Z"}
{"level":"error","message":"❌ Failed to update inventory:","timestamp":"2026-06-27T19:42:27.873Z"}
{"level":"error","message":"❌ Shopify API Error:","timestamp":"2026-06-27T19:42:27.874Z"}
{"level":"error","message":"❌ Failed to update inventory:","timestamp":"2026-06-27T19:42:27.883Z"}
{"level":"error","message":"❌ Shopify API Error:","timestamp":"2026-06-27T19:42:27.884Z"}
{"level":"error","message":"❌ Failed to update inventory:","timestamp":"2026-06-27T19:42:27.885Z"}
{"level":"error","message":"❌ Shopify API Error:","timestamp":"2026-06-27T19:42:27.885Z"}
{"level":"error","message":"❌ Failed to update inventory:","timestamp":"2026-06-27T19:42:27.886Z"}
{"level":"error","message":"❌ Shopify API Error:","timestamp":"2026-06-27T19:42:27.886Z"}
{"level":"error","message":"❌ Failed to update inventory:","timestamp":"2026-06-27T19:42:27.889Z"}
{"level":"error","message":"❌ Shopify API Error:","timestamp":"2026-06-27T19:42:27.889Z"}
{"level":"error","message":"❌ Failed to update inventory:","timestamp":"2026-06-27T19:42:28.372Z"}
{"level":"error","message":"❌ Shopify API Error:","timestamp":"2026-06-27T19:42:28.373Z"}
{"level":"error","message":"❌ Sync inventory error:","timestamp":"2026-06-27T19:42:28.373Z"}
{"level":"error","message":"❌ Failed to update inventory:","timestamp":"2026-06-27T19:42:28.374Z"}
{"level":"error","message":"❌ Shopify API Error:","timestamp":"2026-06-27T19:42:28.374Z"}
{"level":"error","message":"❌ Failed to update inventory:","timestamp":"2026-06-27T19:42:28.378Z"}
{"level":"error","message":"❌ Shopify API Error:","timestamp":"2026-06-27T19:42:28.378Z"}
{"level":"error","message":"❌ Failed to update inventory:","timestamp":"2026-06-27T19:42:28.379Z"}
{"level":"error","message":"❌ Shopify API Error:","timestamp":"2026-06-27T19:42:28.380Z"}
{"level":"error","message":"❌ Failed to update inventory:","timestamp":"2026-06-27T19:42:28.385Z"}
{"level":"error","message":"❌ Shopify API Error:","timestamp":"2026-06-27T19:42:28.385Z"}
{"level":"error","message":"❌ Failed to update inventory:","timestamp":"2026-06-27T19:42:28.386Z"}
{"level":"error","message":"❌ Shopify API Error:","timestamp":"2026-06-27T19:42:28.387Z"}
{"level":"error","message":"❌ Failed to update inventory:","timestamp":"2026-06-27T19:42:28.878Z"}
{"level":"error","message":"❌ Shopify API Error:","timestamp":"2026-06-27T19:42:28.878Z"}
{"level":"error","message":"❌ Sync inventory error:","timestamp":"2026-06-27T19:42:28.878Z"}
{"level":"error","message":"❌ Failed to update inventory:","timestamp":"2026-06-27T19:42:28.881Z"}
{"level":"error","message":"❌ Shopify API Error:","timestamp":"2026-06-27T19:42:28.881Z"}
{"level":"error","message":"❌ Failed to update inventory:","timestamp":"2026-06-27T19:42:28.883Z"}
{"level":"error","message":"❌ Shopify API Error:","timestamp":"2026-06-27T19:42:28.884Z"}
{"level":"error","message":"❌ Failed to update inventory:","timestamp":"2026-06-27T19:42:28.885Z"}
{"level":"error","message":"❌ Shopify API Error:","timestamp":"2026-06-27T19:42:28.885Z"}
{"level":"error","message":"❌ Failed to update inventory:","timestamp":"2026-06-27T19:42:28.886Z"}
{"level":"error","message":"❌ Shopify API Error:","timestamp":"2026-06-27T19:42:28.886Z"}
{"level":"error","message":"❌ Failed to update inventory:","timestamp":"2026-06-27T19:42:28.893Z"}
{"level":"error","message":"❌ Shopify API Error:","timestamp":"2026-06-27T19:42:28.893Z"}
{"level":"error","message":"❌ Failed to update inventory:","timestamp":"2026-06-27T19:42:29.379Z"}
{"level":"error","message":"❌ Shopify API Error:","timestamp":"2026-06-27T19:42:29.380Z"}
{"level":"error","message":"❌ Sync inventory error:","timestamp":"2026-06-27T19:42:29.381Z"}
{"level":"error","message":"❌ Failed to update inventory:","timestamp":"2026-06-27T19:42:29.382Z"}
{"level":"error","message":"❌ Shopify API Error:","timestamp":"2026-06-27T19:42:29.499Z"}
{"level":"error","message":"❌ Failed to update inventory:","timestamp":"2026-06-27T19:42:29.501Z"}
{"level":"error","message":"❌ Shopify API Error:","timestamp":"2026-06-27T19:42:29.502Z"}
{"level":"error","message":"❌ Failed to update inventory:","timestamp":"2026-06-27T19:42:29.503Z"}
{"level":"error","message":"❌ Shopify API Error:","timestamp":"2026-06-27T19:42:29.503Z"}
{"level":"error","message":"❌ Failed to update inventory:","timestamp":"2026-06-27T19:42:29.504Z"}
{"level":"error","message":"❌ Shopify API Error:","timestamp":"2026-06-27T19:42:29.504Z"}
{"level":"error","message":"❌ Failed to update inventory:","timestamp":"2026-06-27T19:42:29.505Z"}
{"level":"error","message":"❌ Shopify API Error:","timestamp":"2026-06-27T19:42:29.511Z"}
{"level":"error","message":"❌ Failed to update inventory:","timestamp":"2026-06-27T19:42:29.994Z"}
{"level":"error","message":"❌ Shopify API Error:","timestamp":"2026-06-27T19:42:29.994Z"}
{"level":"error","message":"❌ Sync inventory error:","timestamp":"2026-06-27T19:42:29.994Z"}
{"level":"error","message":"❌ Failed to update inventory:","timestamp":"2026-06-27T19:42:29.999Z"}
{"level":"error","message":"❌ Shopify API Error:","timestamp":"2026-06-27T19:42:29.999Z"}
{"level":"error","message":"❌ Failed to update inventory:","timestamp":"2026-06-27T19:42:30.018Z"}
{"level":"error","message":"❌ Shopify API Error:","timestamp":"2026-06-27T19:42:30.019Z"}
{"level":"error","message":"❌ Failed to update inventory:","timestamp":"2026-06-27T19:42:30.023Z"}
{"level":"error","message":"❌ Shopify API Error:","timestamp":"2026-06-27T19:42:30.023Z"}
{"level":"error","message":"❌ Failed to update inventory:","timestamp":"2026-06-27T19:42:30.038Z"}
{"level":"error","message":"❌ Shopify API Error:","timestamp":"2026-06-27T19:42:30.040Z"}
{"level":"error","message":"❌ Failed to get product 10281715138843:","timestamp":"2026-06-27T19:42:30.247Z"}
{"level":"error","message":"❌ Failed to update inventory:","timestamp":"2026-06-27T19:42:30.272Z"}
{"level":"error","message":"❌ Shopify API Error:","timestamp":"2026-06-27T19:42:30.272Z"}
{"level":"error","message":"❌ Failed to get product 10281734668571:","timestamp":"2026-06-27T19:42:30.496Z"}
{"level":"error","message":"❌ Failed to update inventory:","timestamp":"2026-06-27T19:42:30.985Z"}
{"level":"error","message":"❌ Shopify API Error:","timestamp":"2026-06-27T19:42:30.985Z"}
{"level":"error","message":"❌ Sync inventory error:","timestamp":"2026-06-27T19:42:30.985Z"}
{"level":"error","message":"❌ Failed to update inventory:","timestamp":"2026-06-27T19:42:30.990Z"}
{"level":"error","message":"❌ Shopify API Error:","timestamp":"2026-06-27T19:42:30.990Z"}
{"level":"error","message":"❌ Failed to update inventory:","timestamp":"2026-06-27T19:42:30.991Z"}
{"level":"error","message":"❌ Shopify API Error:","timestamp":"2026-06-27T19:42:30.991Z"}
{"level":"error","message":"❌ Failed to update inventory:","timestamp":"2026-06-27T19:42:30.998Z"}
{"level":"error","message":"❌ Shopify API Error:","timestamp":"2026-06-27T19:42:30.998Z"}
{"level":"error","message":"❌ Failed to update inventory:","timestamp":"2026-06-27T19:42:31.003Z"}
{"level":"error","message":"❌ Shopify API Error:","timestamp":"2026-06-27T19:42:31.003Z"}
{"level":"error","message":"❌ Failed to update inventory:","timestamp":"2026-06-27T19:42:31.006Z"}
{"level":"error","message":"❌ Shopify API Error:","timestamp":"2026-06-27T19:42:31.007Z"}
{"level":"error","message":"❌ Failed to update inventory:","timestamp":"2026-06-27T19:42:31.449Z"}
{"level":"error","message":"❌ Shopify API Error:","timestamp":"2026-06-27T19:42:31.450Z"}
{"level":"error","message":"❌ Sync inventory error:","timestamp":"2026-06-27T19:42:31.450Z"}
{"level":"error","message":"❌ Failed to update inventory:","timestamp":"2026-06-27T19:42:31.454Z"}
{"level":"error","message":"❌ Shopify API Error:","timestamp":"2026-06-27T19:42:31.454Z"}
{"level":"error","message":"❌ Failed to update inventory:","timestamp":"2026-06-27T19:42:31.456Z"}
{"level":"error","message":"❌ Shopify API Error:","timestamp":"2026-06-27T19:42:31.456Z"}
{"level":"error","message":"❌ Failed to update inventory:","timestamp":"2026-06-27T19:42:31.459Z"}
{"level":"error","message":"❌ Shopify API Error:","timestamp":"2026-06-27T19:42:31.459Z"}
{"level":"error","message":"❌ Failed to update inventory:","timestamp":"2026-06-27T19:42:31.461Z"}
{"level":"error","message":"❌ Shopify API Error:","timestamp":"2026-06-27T19:42:31.461Z"}
{"level":"error","message":"❌ Failed to update inventory:","timestamp":"2026-06-27T19:42:31.461Z"}
{"level":"error","message":"❌ Shopify API Error:","timestamp":"2026-06-27T19:42:31.462Z"}
{"level":"error","message":"❌ Failed to update inventory:","timestamp":"2026-06-27T19:42:31.937Z"}
{"level":"error","message":"❌ Shopify API Error:","timestamp":"2026-06-27T19:42:31.938Z"}
{"level":"error","message":"❌ Sync inventory error:","timestamp":"2026-06-27T19:42:31.938Z"}
{"level":"error","message":"❌ Failed to update inventory:","timestamp":"2026-06-27T19:42:31.952Z"}
{"level":"error","message":"❌ Shopify API Error:","timestamp":"2026-06-27T19:42:31.952Z"}
{"level":"error","message":"❌ Failed to update inventory:","timestamp":"2026-06-27T19:42:31.962Z"}
{"level":"error","message":"❌ Shopify API Error:","timestamp":"2026-06-27T19:42:31.962Z"}
{"level":"error","message":"❌ Failed to update inventory:","timestamp":"2026-06-27T19:42:31.965Z"}
{"level":"error","message":"❌ Shopify API Error:","timestamp":"2026-06-27T19:42:31.966Z"}
{"level":"error","message":"❌ Failed to update inventory:","timestamp":"2026-06-27T19:42:31.967Z"}
{"level":"error","message":"❌ Shopify API Error:","timestamp":"2026-06-27T19:42:31.972Z"}
{"level":"error","message":"❌ Failed to update inventory:","timestamp":"2026-06-27T19:42:31.983Z"}
{"level":"error","message":"❌ Shopify API Error:","timestamp":"2026-06-27T19:42:31.983Z"}
{"level":"error","message":"❌ Failed to update inventory:","timestamp":"2026-06-27T19:42:32.430Z"}
{"level":"error","message":"❌ Shopify API Error:","timestamp":"2026-06-27T19:42:32.430Z"}
{"level":"error","message":"❌ Sync inventory error:","timestamp":"2026-06-27T19:42:32.431Z"}
{"level":"error","message":"❌ Failed to update inventory:","timestamp":"2026-06-27T19:42:32.455Z"}
{"level":"error","message":"❌ Shopify API Error:","timestamp":"2026-06-27T19:42:32.456Z"}
{"level":"error","message":"❌ Failed to update inventory:","timestamp":"2026-06-27T19:42:32.456Z"}
{"level":"error","message":"❌ Shopify API Error:","timestamp":"2026-06-27T19:42:32.457Z"}
{"level":"error","message":"❌ Failed to get product 10285244842267:","timestamp":"2026-06-27T19:42:32.666Z"}
{"level":"error","message":"❌ Failed to update inventory:","timestamp":"2026-06-27T19:42:32.899Z"}
{"level":"error","message":"❌ Shopify API Error:","timestamp":"2026-06-27T19:42:32.899Z"}
{"level":"error","message":"❌ Failed to get product 10285236715803:","timestamp":"2026-06-27T19:42:32.900Z"}
{"level":"error","message":"❌ Failed to update inventory:","timestamp":"2026-06-27T19:42:33.386Z"}
{"level":"error","message":"❌ Shopify API Error:","timestamp":"2026-06-27T19:42:33.386Z"}
{"level":"error","message":"❌ Sync inventory error:","timestamp":"2026-06-27T19:42:33.386Z"}
{"level":"error","message":"❌ Failed to update inventory:","timestamp":"2026-06-27T19:42:33.388Z"}
{"level":"error","message":"❌ Shopify API Error:","timestamp":"2026-06-27T19:42:33.389Z"}
{"level":"error","message":"❌ Failed to update inventory:","timestamp":"2026-06-27T19:42:33.391Z"}
{"level":"error","message":"❌ Shopify API Error:","timestamp":"2026-06-27T19:42:33.391Z"}
{"level":"error","message":"❌ Failed to update inventory:","timestamp":"2026-06-27T19:42:33.403Z"}
{"level":"error","message":"❌ Shopify API Error:","timestamp":"2026-06-27T19:42:33.404Z"}
{"level":"error","message":"❌ Failed to update inventory:","timestamp":"2026-06-27T19:42:33.404Z"}
{"level":"error","message":"❌ Shopify API Error:","timestamp":"2026-06-27T19:42:33.405Z"}
{"level":"error","message":"❌ Failed to update inventory:","timestamp":"2026-06-27T19:42:33.854Z"}
{"level":"error","message":"❌ Shopify API Error:","timestamp":"2026-06-27T19:42:33.855Z"}
{"level":"error","message":"❌ Sync inventory error:","timestamp":"2026-06-27T19:42:33.855Z"}
{"level":"error","message":"❌ Failed to update inventory:","timestamp":"2026-06-27T19:42:33.860Z"}
{"level":"error","message":"❌ Shopify API Error:","timestamp":"2026-06-27T19:42:33.860Z"}
{"level":"error","message":"❌ Failed to update inventory:","timestamp":"2026-06-27T19:42:33.864Z"}
{"level":"error","message":"❌ Shopify API Error:","timestamp":"2026-06-27T19:42:33.864Z"}
{"level":"error","message":"❌ Failed to update inventory:","timestamp":"2026-06-27T19:42:33.871Z"}
{"level":"error","message":"❌ Shopify API Error:","timestamp":"2026-06-27T19:42:33.871Z"}
{"level":"error","message":"❌ Failed to update inventory:","timestamp":"2026-06-27T19:42:33.872Z"}
{"level":"error","message":"❌ Shopify API Error:","timestamp":"2026-06-27T19:42:33.873Z"}
{"level":"error","message":"❌ Failed to update inventory:","timestamp":"2026-06-27T19:42:34.323Z"}
{"level":"error","message":"❌ Shopify API Error:","timestamp":"2026-06-27T19:42:34.324Z"}
{"level":"error","message":"❌ Sync inventory error:","timestamp":"2026-06-27T19:42:34.325Z"}
{"level":"error","message":"❌ Failed to update inventory:","timestamp":"2026-06-27T19:42:34.328Z"}
{"level":"error","message":"❌ Shopify API Error:","timestamp":"2026-06-27T19:42:34.331Z"}
{"level":"error","message":"❌ Failed to update inventory:","timestamp":"2026-06-27T19:42:34.332Z"}
{"level":"error","message":"❌ Shopify API Error:","timestamp":"2026-06-27T19:42:34.333Z"}
{"level":"error","message":"❌ Failed to update inventory:","timestamp":"2026-06-27T19:42:34.338Z"}
{"level":"error","message":"❌ Shopify API Error:","timestamp":"2026-06-27T19:42:34.339Z"}
{"level":"error","message":"❌ Failed to update inventory:","timestamp":"2026-06-27T19:42:34.340Z"}
{"level":"error","message":"❌ Shopify API Error:","timestamp":"2026-06-27T19:42:34.340Z"}
{"level":"error","message":"❌ Failed to update inventory:","timestamp":"2026-06-27T19:42:34.805Z"}
{"level":"error","message":"❌ Shopify API Error:","timestamp":"2026-06-27T19:42:34.805Z"}
{"level":"error","message":"❌ Sync inventory error:","timestamp":"2026-06-27T19:42:34.806Z"}
{"level":"error","message":"❌ Failed to update inventory:","timestamp":"2026-06-27T19:42:34.807Z"}
{"level":"error","message":"❌ Shopify API Error:","timestamp":"2026-06-27T19:42:34.807Z"}
{"level":"error","message":"❌ Failed to update inventory:","timestamp":"2026-06-27T19:42:34.812Z"}
{"level":"error","message":"❌ Shopify API Error:","timestamp":"2026-06-27T19:42:34.813Z"}
{"level":"error","message":"❌ Failed to update inventory:","timestamp":"2026-06-27T19:42:34.819Z"}
{"level":"error","message":"❌ Shopify API Error:","timestamp":"2026-06-27T19:42:34.820Z"}
{"level":"error","message":"❌ Failed to update inventory:","timestamp":"2026-06-27T19:42:34.821Z"}
{"level":"error","message":"❌ Shopify API Error:","timestamp":"2026-06-27T19:42:34.821Z"}
{"level":"error","message":"❌ Failed to update inventory:","timestamp":"2026-06-27T19:42:35.283Z"}
{"level":"error","message":"❌ Shopify API Error:","timestamp":"2026-06-27T19:42:35.284Z"}
{"level":"error","message":"❌ Sync inventory error:","timestamp":"2026-06-27T19:42:35.284Z"}
{"level":"error","message":"❌ Failed to update inventory:","timestamp":"2026-06-27T19:42:35.290Z"}
{"level":"error","message":"❌ Shopify API Error:","timestamp":"2026-06-27T19:42:35.290Z"}
{"level":"error","message":"❌ Failed to update inventory:","timestamp":"2026-06-27T19:42:35.293Z"}
{"level":"error","message":"❌ Shopify API Error:","timestamp":"2026-06-27T19:42:35.294Z"}
{"level":"error","message":"❌ Failed to update inventory:","timestamp":"2026-06-27T19:42:35.295Z"}
{"level":"error","message":"❌ Shopify API Error:","timestamp":"2026-06-27T19:42:35.296Z"}
{"level":"error","message":"❌ Failed to update inventory:","timestamp":"2026-06-27T19:42:35.314Z"}
{"level":"error","message":"❌ Shopify API Error:","timestamp":"2026-06-27T19:42:35.314Z"}
{"level":"error","message":"❌ Failed to update inventory:","timestamp":"2026-06-27T19:42:35.764Z"}
{"level":"error","message":"❌ Shopify API Error:","timestamp":"2026-06-27T19:42:35.765Z"}
{"level":"error","message":"❌ Sync inventory error:","timestamp":"2026-06-27T19:42:35.765Z"}
{"level":"error","message":"❌ Failed to update inventory:","timestamp":"2026-06-27T19:42:35.768Z"}
{"level":"error","message":"❌ Shopify API Error:","timestamp":"2026-06-27T19:42:35.773Z"}
{"level":"error","message":"❌ Failed to update inventory:","timestamp":"2026-06-27T19:42:35.779Z"}
{"level":"error","message":"❌ Shopify API Error:","timestamp":"2026-06-27T19:42:35.780Z"}
{"level":"error","message":"❌ Failed to update inventory:","timestamp":"2026-06-27T19:42:35.782Z"}
{"level":"error","message":"❌ Shopify API Error:","timestamp":"2026-06-27T19:42:35.784Z"}
{"level":"error","message":"❌ Failed to update inventory:","timestamp":"2026-06-27T19:42:35.785Z"}
{"level":"error","message":"❌ Shopify API Error:","timestamp":"2026-06-27T19:42:35.785Z"}
{"level":"error","message":"❌ Failed to update inventory:","timestamp":"2026-06-27T19:42:36.257Z"}
{"level":"error","message":"❌ Shopify API Error:","timestamp":"2026-06-27T19:42:36.257Z"}
{"level":"error","message":"❌ Sync inventory error:","timestamp":"2026-06-27T19:42:36.257Z"}
{"level":"error","message":"❌ Failed to update inventory:","timestamp":"2026-06-27T19:42:36.264Z"}
{"level":"error","message":"❌ Shopify API Error:","timestamp":"2026-06-27T19:42:36.265Z"}
{"level":"error","message":"❌ Failed to update inventory:","timestamp":"2026-06-27T19:42:36.266Z"}
{"level":"error","message":"❌ Shopify API Error:","timestamp":"2026-06-27T19:42:36.266Z"}
{"level":"error","message":"❌ Failed to update inventory:","timestamp":"2026-06-27T19:42:36.270Z"}
{"level":"error","message":"❌ Shopify API Error:","timestamp":"2026-06-27T19:42:36.271Z"}
{"level":"error","message":"❌ Failed to update inventory:","timestamp":"2026-06-27T19:42:36.271Z"}
{"level":"error","message":"❌ Shopify API Error:","timestamp":"2026-06-27T19:42:36.272Z"}
{"level":"error","message":"❌ Failed to get product 10284322259227:","timestamp":"2026-06-27T19:42:36.495Z"}
{"level":"error","message":"❌ Failed to update inventory:","timestamp":"2026-06-27T19:42:36.987Z"}
{"level":"error","message":"❌ Shopify API Error:","timestamp":"2026-06-27T19:42:36.987Z"}
{"level":"error","message":"❌ Sync inventory error:","timestamp":"2026-06-27T19:42:36.987Z"}
{"level":"error","message":"❌ Failed to update inventory:","timestamp":"2026-06-27T19:42:36.989Z"}
{"level":"error","message":"❌ Shopify API Error:","timestamp":"2026-06-27T19:42:36.989Z"}
{"level":"error","message":"❌ Failed to update inventory:","timestamp":"2026-06-27T19:42:36.991Z"}
{"level":"error","message":"❌ Shopify API Error:","timestamp":"2026-06-27T19:42:36.991Z"}
{"level":"error","message":"❌ Failed to update inventory:","timestamp":"2026-06-27T19:42:36.993Z"}
{"level":"error","message":"❌ Shopify API Error:","timestamp":"2026-06-27T19:42:36.993Z"}
{"level":"error","message":"❌ Failed to get product 10284334252315:","timestamp":"2026-06-27T19:42:37.216Z"}
{"level":"error","message":"❌ Failed to update inventory:","timestamp":"2026-06-27T19:42:37.279Z"}
{"level":"error","message":"❌ Shopify API Error:","timestamp":"2026-06-27T19:42:37.279Z"}
{"level":"error","message":"❌ Failed to get product 10284324552987:","timestamp":"2026-06-27T19:42:37.447Z"}
{"level":"error","message":"❌ Failed to update inventory:","timestamp":"2026-06-27T19:42:37.992Z"}
{"level":"error","message":"❌ Shopify API Error:","timestamp":"2026-06-27T19:42:37.993Z"}
{"level":"error","message":"❌ Sync inventory error:","timestamp":"2026-06-27T19:42:37.993Z"}
{"level":"error","message":"❌ Failed to update inventory:","timestamp":"2026-06-27T19:42:37.994Z"}
{"level":"error","message":"❌ Shopify API Error:","timestamp":"2026-06-27T19:42:37.995Z"}
{"level":"error","message":"❌ Failed to get product 10247421133083:","timestamp":"2026-06-27T19:42:38.236Z"}
{"level":"error","message":"❌ Failed to update inventory:","timestamp":"2026-06-27T19:42:38.446Z"}
{"level":"error","message":"❌ Shopify API Error:","timestamp":"2026-06-27T19:42:38.446Z"}
{"level":"error","message":"❌ Failed to get product 10247421198619:","timestamp":"2026-06-27T19:42:38.467Z"}
{"level":"error","message":"❌ Failed to update inventory:","timestamp":"2026-06-27T19:42:38.972Z"}
{"level":"error","message":"❌ Shopify API Error:","timestamp":"2026-06-27T19:42:38.972Z"}
{"level":"error","message":"❌ Sync inventory error:","timestamp":"2026-06-27T19:42:38.973Z"}
{"level":"error","message":"❌ Failed to update inventory:","timestamp":"2026-06-27T19:42:38.974Z"}
{"level":"error","message":"❌ Shopify API Error:","timestamp":"2026-06-27T19:42:38.974Z"}
{"level":"error","message":"❌ Failed to update inventory:","timestamp":"2026-06-27T19:42:39.046Z"}
{"level":"error","message":"❌ Shopify API Error:","timestamp":"2026-06-27T19:42:39.046Z"}
{"level":"error","message":"❌ Failed to update inventory:","timestamp":"2026-06-27T19:42:39.380Z"}
{"level":"error","message":"❌ Shopify API Error:","timestamp":"2026-06-27T19:42:39.381Z"}
{"level":"error","message":"❌ Failed to update inventory:","timestamp":"2026-06-27T19:42:39.460Z"}
{"level":"error","message":"❌ Shopify API Error:","timestamp":"2026-06-27T19:42:39.460Z"}
{"level":"error","message":"❌ Sync inventory error:","timestamp":"2026-06-27T19:42:39.461Z"}
{"level":"error","message":"❌ Failed to update inventory:","timestamp":"2026-06-27T19:42:39.468Z"}
{"level":"error","message":"❌ Shopify API Error:","timestamp":"2026-06-27T19:42:39.469Z"}
{"level":"error","message":"❌ Failed to update inventory:","timestamp":"2026-06-27T19:42:39.474Z"}
{"level":"error","message":"❌ Shopify API Error:","timestamp":"2026-06-27T19:42:39.474Z"}
{"level":"error","message":"❌ Failed to update inventory:","timestamp":"2026-06-27T19:42:39.935Z"}
{"level":"error","message":"❌ Shopify API Error:","timestamp":"2026-06-27T19:42:39.935Z"}
{"level":"error","message":"❌ Sync inventory error:","timestamp":"2026-06-27T19:42:39.935Z"}
{"level":"error","message":"❌ Failed to update inventory:","timestamp":"2026-06-27T19:42:39.946Z"}
{"level":"error","message":"❌ Shopify API Error:","timestamp":"2026-06-27T19:42:39.947Z"}
{"level":"error","message":"❌ Failed to update inventory:","timestamp":"2026-06-27T19:42:39.951Z"}
{"level":"error","message":"❌ Shopify API Error:","timestamp":"2026-06-27T19:42:39.951Z"}
{"level":"error","message":"❌ Failed to update inventory:","timestamp":"2026-06-27T19:42:39.953Z"}
{"level":"error","message":"❌ Shopify API Error:","timestamp":"2026-06-27T19:42:39.953Z"}
{"level":"error","message":"❌ Failed to get product 10247420510491:","timestamp":"2026-06-27T19:42:40.170Z"}
{"level":"error","message":"❌ Failed to get product 10247420707099:","timestamp":"2026-06-27T19:42:40.388Z"}
{"level":"error","message":"❌ Failed to update inventory:","timestamp":"2026-06-27T19:42:40.425Z"}
{"level":"error","message":"❌ Shopify API Error:","timestamp":"2026-06-27T19:42:40.425Z"}
{"level":"error","message":"❌ Failed to update inventory:","timestamp":"2026-06-27T19:42:40.860Z"}
{"level":"error","message":"❌ Shopify API Error:","timestamp":"2026-06-27T19:42:40.860Z"}
{"level":"error","message":"❌ Sync inventory error:","timestamp":"2026-06-27T19:42:40.860Z"}
{"level":"error","message":"❌ Failed to update inventory:","timestamp":"2026-06-27T19:42:40.861Z"}
{"level":"error","message":"❌ Shopify API Error:","timestamp":"2026-06-27T19:42:40.861Z"}
{"level":"error","message":"❌ Failed to update inventory:","timestamp":"2026-06-27T19:42:40.883Z"}
{"level":"error","message":"❌ Shopify API Error:","timestamp":"2026-06-27T19:42:40.883Z"}
{"level":"error","message":"❌ Failed to update inventory:","timestamp":"2026-06-27T19:42:41.415Z"}
{"level":"error","message":"❌ Shopify API Error:","timestamp":"2026-06-27T19:42:41.415Z"}
{"level":"error","message":"❌ Sync inventory error:","timestamp":"2026-06-27T19:42:41.416Z"}
{"level":"error","message":"❌ Failed to update inventory:","timestamp":"2026-06-27T19:42:41.429Z"}
{"level":"error","message":"❌ Shopify API Error:","timestamp":"2026-06-27T19:42:41.430Z"}
{"level":"error","message":"❌ Failed to update inventory:","timestamp":"2026-06-27T19:42:41.433Z"}
{"level":"error","message":"❌ Shopify API Error:","timestamp":"2026-06-27T19:42:41.433Z"}
{"level":"error","message":"❌ Failed to update inventory:","timestamp":"2026-06-27T19:42:41.434Z"}
{"level":"error","message":"❌ Shopify API Error:","timestamp":"2026-06-27T19:42:41.434Z"}
{"level":"error","message":"❌ Failed to update inventory:","timestamp":"2026-06-27T19:42:41.912Z"}
{"level":"error","message":"❌ Shopify API Error:","timestamp":"2026-06-27T19:42:41.913Z"}
{"level":"error","message":"❌ Sync inventory error:","timestamp":"2026-06-27T19:42:41.913Z"}
{"level":"error","message":"❌ Failed to update inventory:","timestamp":"2026-06-27T19:42:41.928Z"}
{"level":"error","message":"❌ Shopify API Error:","timestamp":"2026-06-27T19:42:41.928Z"}
{"level":"error","message":"❌ Failed to update inventory:","timestamp":"2026-06-27T19:42:42.376Z"}
{"level":"error","message":"❌ Shopify API Error:","timestamp":"2026-06-27T19:42:42.377Z"}
{"level":"error","message":"❌ Sync inventory error:","timestamp":"2026-06-27T19:42:42.377Z"}
{"level":"error","message":"❌ Failed to update inventory:","timestamp":"2026-06-27T19:42:42.383Z"}
{"level":"error","message":"❌ Shopify API Error:","timestamp":"2026-06-27T19:42:42.383Z"}
{"level":"error","message":"❌ Failed to update inventory:","timestamp":"2026-06-27T19:42:42.393Z"}
{"level":"error","message":"❌ Shopify API Error:","timestamp":"2026-06-27T19:42:42.393Z"}
{"level":"error","message":"❌ Failed to update inventory:","timestamp":"2026-06-27T19:42:42.398Z"}
{"level":"error","message":"❌ Shopify API Error:","timestamp":"2026-06-27T19:42:42.399Z"}
{"level":"error","message":"❌ Failed to update inventory:","timestamp":"2026-06-27T19:42:42.430Z"}
{"level":"error","message":"❌ Shopify API Error:","timestamp":"2026-06-27T19:42:42.431Z"}
{"level":"error","message":"❌ Failed to update inventory:","timestamp":"2026-06-27T19:42:42.854Z"}
{"level":"error","message":"❌ Shopify API Error:","timestamp":"2026-06-27T19:42:42.855Z"}
{"level":"error","message":"❌ Sync inventory error:","timestamp":"2026-06-27T19:42:42.855Z"}
{"level":"error","message":"❌ Failed to update inventory:","timestamp":"2026-06-27T19:42:42.868Z"}
{"level":"error","message":"❌ Shopify API Error:","timestamp":"2026-06-27T19:42:42.868Z"}
{"level":"error","message":"❌ Failed to update inventory:","timestamp":"2026-06-27T19:42:42.870Z"}
{"level":"error","message":"❌ Shopify API Error:","timestamp":"2026-06-27T19:42:42.871Z"}
{"level":"error","message":"❌ Failed to get product 10278886048027:","timestamp":"2026-06-27T19:42:43.085Z"}
{"level":"error","message":"❌ Failed to get product 10279413809435:","timestamp":"2026-06-27T19:42:43.310Z"}
{"level":"error","message":"❌ Failed to update inventory:","timestamp":"2026-06-27T19:42:43.334Z"}
{"level":"error","message":"❌ Shopify API Error:","timestamp":"2026-06-27T19:42:43.334Z"}
{"level":"error","message":"❌ Failed to update inventory:","timestamp":"2026-06-27T19:42:43.774Z"}
{"level":"error","message":"❌ Shopify API Error:","timestamp":"2026-06-27T19:42:43.774Z"}
{"level":"error","message":"❌ Sync inventory error:","timestamp":"2026-06-27T19:42:43.774Z"}
{"level":"error","message":"❌ Failed to update inventory:","timestamp":"2026-06-27T19:42:43.777Z"}
{"level":"error","message":"❌ Shopify API Error:","timestamp":"2026-06-27T19:42:43.782Z"}
{"level":"error","message":"❌ Failed to update inventory:","timestamp":"2026-06-27T19:42:43.783Z"}
{"level":"error","message":"❌ Shopify API Error:","timestamp":"2026-06-27T19:42:43.784Z"}
{"level":"error","message":"❌ Failed to update inventory:","timestamp":"2026-06-27T19:42:43.787Z"}
{"level":"error","message":"❌ Shopify API Error:","timestamp":"2026-06-27T19:42:43.787Z"}
{"level":"error","message":"❌ Failed to update inventory:","timestamp":"2026-06-27T19:42:43.791Z"}
{"level":"error","message":"❌ Shopify API Error:","timestamp":"2026-06-27T19:42:43.792Z"}
{"level":"error","message":"❌ Failed to update inventory:","timestamp":"2026-06-27T19:42:44.273Z"}
{"level":"error","message":"❌ Shopify API Error:","timestamp":"2026-06-27T19:42:44.274Z"}
{"level":"error","message":"❌ Sync inventory error:","timestamp":"2026-06-27T19:42:44.274Z"}
{"level":"error","message":"❌ Failed to update inventory:","timestamp":"2026-06-27T19:42:44.282Z"}
{"level":"error","message":"❌ Shopify API Error:","timestamp":"2026-06-27T19:42:44.282Z"}
{"level":"error","message":"❌ Failed to update inventory:","timestamp":"2026-06-27T19:42:44.287Z"}
{"level":"error","message":"❌ Shopify API Error:","timestamp":"2026-06-27T19:42:44.288Z"}
{"level":"error","message":"❌ Failed to update inventory:","timestamp":"2026-06-27T19:42:44.304Z"}
{"level":"error","message":"❌ Shopify API Error:","timestamp":"2026-06-27T19:42:44.304Z"}
{"level":"error","message":"❌ Failed to update inventory:","timestamp":"2026-06-27T19:42:44.317Z"}
{"level":"error","message":"❌ Shopify API Error:","timestamp":"2026-06-27T19:42:44.317Z"}
{"level":"error","message":"❌ Failed to update inventory:","timestamp":"2026-06-27T19:42:44.785Z"}
{"level":"error","message":"❌ Shopify API Error:","timestamp":"2026-06-27T19:42:44.785Z"}
{"level":"error","message":"❌ Sync inventory error:","timestamp":"2026-06-27T19:42:44.786Z"}
{"level":"error","message":"❌ Failed to update inventory:","timestamp":"2026-06-27T19:42:44.792Z"}
{"level":"error","message":"❌ Shopify API Error:","timestamp":"2026-06-27T19:42:44.792Z"}
{"level":"error","message":"❌ Failed to update inventory:","timestamp":"2026-06-27T19:42:44.797Z"}
{"level":"error","message":"❌ Shopify API Error:","timestamp":"2026-06-27T19:42:44.797Z"}
{"level":"error","message":"❌ Failed to update inventory:","timestamp":"2026-06-27T19:42:44.809Z"}
{"level":"error","message":"❌ Shopify API Error:","timestamp":"2026-06-27T19:42:44.809Z"}
{"level":"error","message":"❌ Failed to update inventory:","timestamp":"2026-06-27T19:42:44.813Z"}
{"level":"error","message":"❌ Shopify API Error:","timestamp":"2026-06-27T19:42:44.813Z"}
{"level":"error","message":"❌ Failed to update inventory:","timestamp":"2026-06-27T19:42:45.309Z"}
{"level":"error","message":"❌ Shopify API Error:","timestamp":"2026-06-27T19:42:45.309Z"}
{"level":"error","message":"❌ Sync inventory error:","timestamp":"2026-06-27T19:42:45.309Z"}
{"level":"error","message":"❌ Failed to update inventory:","timestamp":"2026-06-27T19:42:45.310Z"}
{"level":"error","message":"❌ Shopify API Error:","timestamp":"2026-06-27T19:42:45.311Z"}
{"level":"error","message":"❌ Failed to update inventory:","timestamp":"2026-06-27T19:42:45.311Z"}
{"level":"error","message":"❌ Shopify API Error:","timestamp":"2026-06-27T19:42:45.311Z"}
{"level":"error","message":"❌ Failed to update inventory:","timestamp":"2026-06-27T19:42:45.331Z"}
{"level":"error","message":"❌ Shopify API Error:","timestamp":"2026-06-27T19:42:45.332Z"}
{"level":"error","message":"❌ Failed to get product 10278479069467:","timestamp":"2026-06-27T19:42:45.550Z"}
{"level":"error","message":"❌ Failed to get product 10278493847835:","timestamp":"2026-06-27T19:42:45.797Z"}
{"level":"error","message":"❌ Failed to update inventory:","timestamp":"2026-06-27T19:42:45.801Z"}
{"level":"error","message":"❌ Shopify API Error:","timestamp":"2026-06-27T19:42:45.801Z"}
{"level":"error","message":"❌ Failed to update inventory:","timestamp":"2026-06-27T19:42:46.272Z"}
{"level":"error","message":"❌ Shopify API Error:","timestamp":"2026-06-27T19:42:46.273Z"}
{"level":"error","message":"❌ Sync inventory error:","timestamp":"2026-06-27T19:42:46.273Z"}
{"level":"error","message":"❌ Failed to update inventory:","timestamp":"2026-06-27T19:42:46.278Z"}
{"level":"error","message":"❌ Shopify API Error:","timestamp":"2026-06-27T19:42:46.279Z"}
{"level":"error","message":"❌ Failed to update inventory:","timestamp":"2026-06-27T19:42:46.281Z"}
{"level":"error","message":"❌ Shopify API Error:","timestamp":"2026-06-27T19:42:46.282Z"}
{"level":"error","message":"❌ Failed to update inventory:","timestamp":"2026-06-27T19:42:46.288Z"}
{"level":"error","message":"❌ Shopify API Error:","timestamp":"2026-06-27T19:42:46.288Z"}
{"level":"error","message":"❌ Failed to update inventory:","timestamp":"2026-06-27T19:42:46.293Z"}
{"level":"error","message":"❌ Shopify API Error:","timestamp":"2026-06-27T19:42:46.293Z"}
{"level":"error","message":"❌ Failed to update inventory:","timestamp":"2026-06-27T19:42:46.773Z"}
{"level":"error","message":"❌ Shopify API Error:","timestamp":"2026-06-27T19:42:46.774Z"}
{"level":"error","message":"❌ Sync inventory error:","timestamp":"2026-06-27T19:42:46.774Z"}
{"level":"error","message":"❌ Failed to update inventory:","timestamp":"2026-06-27T19:42:46.779Z"}
{"level":"error","message":"❌ Shopify API Error:","timestamp":"2026-06-27T19:42:46.780Z"}
{"level":"error","message":"❌ Failed to update inventory:","timestamp":"2026-06-27T19:42:46.781Z"}
{"level":"error","message":"❌ Shopify API Error:","timestamp":"2026-06-27T19:42:46.781Z"}
{"level":"error","message":"❌ Failed to update inventory:","timestamp":"2026-06-27T19:42:46.811Z"}
{"level":"error","message":"❌ Shopify API Error:","timestamp":"2026-06-27T19:42:46.811Z"}
{"level":"error","message":"❌ Failed to update inventory:","timestamp":"2026-06-27T19:42:47.300Z"}
{"level":"error","message":"❌ Shopify API Error:","timestamp":"2026-06-27T19:42:47.300Z"}
{"level":"error","message":"❌ Sync inventory error:","timestamp":"2026-06-27T19:42:47.300Z"}
{"level":"error","message":"❌ Failed to update inventory:","timestamp":"2026-06-27T19:42:47.310Z"}
{"level":"error","message":"❌ Shopify API Error:","timestamp":"2026-06-27T19:42:47.310Z"}
{"level":"error","message":"❌ Failed to update inventory:","timestamp":"2026-06-27T19:42:47.312Z"}
{"level":"error","message":"❌ Shopify API Error:","timestamp":"2026-06-27T19:42:47.312Z"}
{"level":"error","message":"❌ Failed to update inventory:","timestamp":"2026-06-27T19:42:47.313Z"}
{"level":"error","message":"❌ Shopify API Error:","timestamp":"2026-06-27T19:42:47.314Z"}
{"level":"error","message":"❌ Failed to update inventory:","timestamp":"2026-06-27T19:42:47.314Z"}
{"level":"error","message":"❌ Shopify API Error:","timestamp":"2026-06-27T19:42:47.314Z"}
{"level":"error","message":"❌ Failed to update inventory:","timestamp":"2026-06-27T19:42:47.336Z"}
{"level":"error","message":"❌ Shopify API Error:","timestamp":"2026-06-27T19:42:47.337Z"}
{"level":"error","message":"❌ Failed to update inventory:","timestamp":"2026-06-27T19:42:47.807Z"}
{"level":"error","message":"❌ Shopify API Error:","timestamp":"2026-06-27T19:42:47.807Z"}
{"level":"error","message":"❌ Sync inventory error:","timestamp":"2026-06-27T19:42:47.807Z"}
{"level":"error","message":"❌ Failed to update inventory:","timestamp":"2026-06-27T19:42:47.827Z"}
{"level":"error","message":"❌ Shopify API Error:","timestamp":"2026-06-27T19:42:47.827Z"}
{"level":"error","message":"❌ Failed to update inventory:","timestamp":"2026-06-27T19:42:47.828Z"}
{"level":"error","message":"❌ Shopify API Error:","timestamp":"2026-06-27T19:42:47.828Z"}
{"level":"error","message":"❌ Failed to update inventory:","timestamp":"2026-06-27T19:42:47.829Z"}
{"level":"error","message":"❌ Shopify API Error:","timestamp":"2026-06-27T19:42:47.829Z"}
{"level":"error","message":"❌ Failed to update inventory:","timestamp":"2026-06-27T19:42:47.830Z"}
{"level":"error","message":"❌ Shopify API Error:","timestamp":"2026-06-27T19:42:47.831Z"}
{"level":"error","message":"❌ Failed to update inventory:","timestamp":"2026-06-27T19:42:47.848Z"}
{"level":"error","message":"❌ Shopify API Error:","timestamp":"2026-06-27T19:42:47.848Z"}
{"level":"error","message":"❌ Failed to update inventory:","timestamp":"2026-06-27T19:42:48.280Z"}
{"level":"error","message":"❌ Shopify API Error:","timestamp":"2026-06-27T19:42:48.281Z"}
{"level":"error","message":"❌ Sync inventory error:","timestamp":"2026-06-27T19:42:48.281Z"}
{"level":"error","message":"❌ Failed to update inventory:","timestamp":"2026-06-27T19:42:48.294Z"}
{"level":"error","message":"❌ Shopify API Error:","timestamp":"2026-06-27T19:42:48.302Z"}
{"level":"error","message":"❌ Failed to update inventory:","timestamp":"2026-06-27T19:42:48.309Z"}
{"level":"error","message":"❌ Shopify API Error:","timestamp":"2026-06-27T19:42:48.309Z"}
{"level":"error","message":"❌ Failed to update inventory:","timestamp":"2026-06-27T19:42:48.311Z"}
{"level":"error","message":"❌ Shopify API Error:","timestamp":"2026-06-27T19:42:48.311Z"}
{"level":"error","message":"❌ Failed to update inventory:","timestamp":"2026-06-27T19:42:48.312Z"}
{"level":"error","message":"❌ Shopify API Error:","timestamp":"2026-06-27T19:42:48.312Z"}
{"level":"error","message":"❌ Failed to update inventory:","timestamp":"2026-06-27T19:42:48.781Z"}
{"level":"error","message":"❌ Shopify API Error:","timestamp":"2026-06-27T19:42:48.781Z"}
{"level":"error","message":"❌ Sync inventory error:","timestamp":"2026-06-27T19:42:48.781Z"}
{"level":"error","message":"❌ Failed to update inventory:","timestamp":"2026-06-27T19:42:48.784Z"}
{"level":"error","message":"❌ Shopify API Error:","timestamp":"2026-06-27T19:42:48.785Z"}
{"level":"error","message":"❌ Failed to update inventory:","timestamp":"2026-06-27T19:42:48.786Z"}
{"level":"error","message":"❌ Shopify API Error:","timestamp":"2026-06-27T19:42:48.786Z"}
{"level":"error","message":"❌ Failed to update inventory:","timestamp":"2026-06-27T19:42:48.792Z"}
{"level":"error","message":"❌ Shopify API Error:","timestamp":"2026-06-27T19:42:48.792Z"}
{"level":"error","message":"❌ Failed to update inventory:","timestamp":"2026-06-27T19:42:48.803Z"}
{"level":"error","message":"❌ Shopify API Error:","timestamp":"2026-06-27T19:42:48.803Z"}
{"level":"error","message":"❌ Failed to update inventory:","timestamp":"2026-06-27T19:42:49.247Z"}
{"level":"error","message":"❌ Shopify API Error:","timestamp":"2026-06-27T19:42:49.248Z"}
{"level":"error","message":"❌ Sync inventory error:","timestamp":"2026-06-27T19:42:49.248Z"}
{"level":"error","message":"❌ Failed to update inventory:","timestamp":"2026-06-27T19:42:49.259Z"}
{"level":"error","message":"❌ Shopify API Error:","timestamp":"2026-06-27T19:42:49.259Z"}
{"level":"error","message":"❌ Failed to update inventory:","timestamp":"2026-06-27T19:42:49.273Z"}
{"level":"error","message":"❌ Shopify API Error:","timestamp":"2026-06-27T19:42:49.273Z"}
{"level":"error","message":"❌ Failed to update inventory:","timestamp":"2026-06-27T19:42:49.294Z"}
{"level":"error","message":"❌ Shopify API Error:","timestamp":"2026-06-27T19:42:49.294Z"}
{"level":"error","message":"❌ Failed to update inventory:","timestamp":"2026-06-27T19:42:49.295Z"}
{"level":"error","message":"❌ Shopify API Error:","timestamp":"2026-06-27T19:42:49.296Z"}
{"level":"error","message":"❌ Failed to get product 10285203980571:","timestamp":"2026-06-27T19:42:49.483Z"}
{"level":"error","message":"❌ Failed to update inventory:","timestamp":"2026-06-27T19:42:49.485Z"}
{"level":"error","message":"❌ Shopify API Error:","timestamp":"2026-06-27T19:42:49.486Z"}
{"level":"error","message":"❌ Failed to update inventory:","timestamp":"2026-06-27T19:42:49.973Z"}
{"level":"error","message":"❌ Shopify API Error:","timestamp":"2026-06-27T19:42:49.973Z"}
{"level":"error","message":"❌ Sync inventory error:","timestamp":"2026-06-27T19:42:49.974Z"}
{"level":"error","message":"❌ Failed to update inventory:","timestamp":"2026-06-27T19:42:49.986Z"}
{"level":"error","message":"❌ Shopify API Error:","timestamp":"2026-06-27T19:42:49.988Z"}
{"level":"error","message":"❌ Failed to update inventory:","timestamp":"2026-06-27T19:42:49.989Z"}
{"level":"error","message":"❌ Shopify API Error:","timestamp":"2026-06-27T19:42:49.990Z"}
{"level":"error","message":"❌ Failed to update inventory:","timestamp":"2026-06-27T19:42:49.990Z"}
{"level":"error","message":"❌ Shopify API Error:","timestamp":"2026-06-27T19:42:49.991Z"}
{"level":"error","message":"❌ Failed to update inventory:","timestamp":"2026-06-27T19:42:49.991Z"}
{"level":"error","message":"❌ Shopify API Error:","timestamp":"2026-06-27T19:42:49.992Z"}
{"level":"error","message":"❌ Failed to update inventory:","timestamp":"2026-06-27T19:42:50.702Z"}
{"level":"error","message":"❌ Shopify API Error:","timestamp":"2026-06-27T19:42:50.703Z"}
{"level":"error","message":"❌ Sync inventory error:","timestamp":"2026-06-27T19:42:50.703Z"}
{"level":"error","message":"❌ Failed to update inventory:","timestamp":"2026-06-27T19:42:50.707Z"}
{"level":"error","message":"❌ Shopify API Error:","timestamp":"2026-06-27T19:42:50.708Z"}
{"level":"error","message":"❌ Failed to update inventory:","timestamp":"2026-06-27T19:42:50.717Z"}
{"level":"error","message":"❌ Shopify API Error:","timestamp":"2026-06-27T19:42:50.717Z"}
{"level":"error","message":"❌ Failed to update inventory:","timestamp":"2026-06-27T19:42:50.721Z"}
{"level":"error","message":"❌ Shopify API Error:","timestamp":"2026-06-27T19:42:50.723Z"}
{"level":"error","message":"❌ Failed to get product 10285208502555:","timestamp":"2026-06-27T19:42:50.944Z"}
{"level":"error","message":"❌ Failed to update inventory:","timestamp":"2026-06-27T19:42:50.969Z"}
{"level":"error","message":"❌ Shopify API Error:","timestamp":"2026-06-27T19:42:50.970Z"}
{"level":"error","message":"❌ Failed to update inventory:","timestamp":"2026-06-27T19:42:51.421Z"}
{"level":"error","message":"❌ Shopify API Error:","timestamp":"2026-06-27T19:42:51.421Z"}
{"level":"error","message":"❌ Sync inventory error:","timestamp":"2026-06-27T19:42:51.421Z"}
{"level":"error","message":"❌ Failed to update inventory:","timestamp":"2026-06-27T19:42:51.423Z"}
{"level":"error","message":"❌ Shopify API Error:","timestamp":"2026-06-27T19:42:51.423Z"}
{"level":"error","message":"❌ Failed to update inventory:","timestamp":"2026-06-27T19:42:51.425Z"}
{"level":"error","message":"❌ Shopify API Error:","timestamp":"2026-06-27T19:42:51.425Z"}
{"level":"error","message":"❌ Failed to update inventory:","timestamp":"2026-06-27T19:42:51.431Z"}
{"level":"error","message":"❌ Shopify API Error:","timestamp":"2026-06-27T19:42:51.431Z"}
{"level":"error","message":"❌ Failed to update inventory:","timestamp":"2026-06-27T19:42:51.432Z"}
{"level":"error","message":"❌ Shopify API Error:","timestamp":"2026-06-27T19:42:51.433Z"}
{"level":"error","message":"❌ Failed to update inventory:","timestamp":"2026-06-27T19:42:51.433Z"}
{"level":"error","message":"❌ Shopify API Error:","timestamp":"2026-06-27T19:42:51.433Z"}
{"level":"error","message":"❌ Failed to update inventory:","timestamp":"2026-06-27T19:42:51.924Z"}
{"level":"error","message":"❌ Shopify API Error:","timestamp":"2026-06-27T19:42:51.924Z"}
{"level":"error","message":"❌ Sync inventory error:","timestamp":"2026-06-27T19:42:51.924Z"}
{"level":"error","message":"❌ Failed to update inventory:","timestamp":"2026-06-27T19:42:51.925Z"}
{"level":"error","message":"❌ Shopify API Error:","timestamp":"2026-06-27T19:42:51.926Z"}
{"level":"error","message":"❌ Failed to update inventory:","timestamp":"2026-06-27T19:42:51.938Z"}
{"level":"error","message":"❌ Shopify API Error:","timestamp":"2026-06-27T19:42:51.938Z"}
{"level":"error","message":"❌ Failed to update inventory:","timestamp":"2026-06-27T19:42:52.400Z"}
{"level":"error","message":"❌ Shopify API Error:","timestamp":"2026-06-27T19:42:52.400Z"}
{"level":"error","message":"❌ Sync inventory error:","timestamp":"2026-06-27T19:42:52.400Z"}
{"level":"error","message":"❌ Failed to update inventory:","timestamp":"2026-06-27T19:42:52.403Z"}
{"level":"error","message":"❌ Shopify API Error:","timestamp":"2026-06-27T19:42:52.403Z"}
{"level":"error","message":"❌ Failed to update inventory:","timestamp":"2026-06-27T19:42:52.405Z"}
{"level":"error","message":"❌ Shopify API Error:","timestamp":"2026-06-27T19:42:52.406Z"}
{"level":"error","message":"❌ Failed to update inventory:","timestamp":"2026-06-27T19:42:52.409Z"}
{"level":"error","message":"❌ Shopify API Error:","timestamp":"2026-06-27T19:42:52.409Z"}
{"level":"error","message":"❌ Failed to update inventory:","timestamp":"2026-06-27T19:42:52.921Z"}
{"level":"error","message":"❌ Shopify API Error:","timestamp":"2026-06-27T19:42:52.921Z"}
{"level":"error","message":"❌ Sync inventory error:","timestamp":"2026-06-27T19:42:52.922Z"}
{"level":"error","message":"❌ Failed to update inventory:","timestamp":"2026-06-27T19:42:52.925Z"}
{"level":"error","message":"❌ Shopify API Error:","timestamp":"2026-06-27T19:42:52.925Z"}
{"level":"error","message":"❌ Failed to update inventory:","timestamp":"2026-06-27T19:42:52.926Z"}
{"level":"error","message":"❌ Shopify API Error:","timestamp":"2026-06-27T19:42:52.926Z"}
{"level":"error","message":"❌ Failed to update inventory:","timestamp":"2026-06-27T19:42:52.937Z"}
{"level":"error","message":"❌ Shopify API Error:","timestamp":"2026-06-27T19:42:52.937Z"}
{"level":"error","message":"❌ Failed to get product 10279412039963:","timestamp":"2026-06-27T19:42:53.201Z"}
{"level":"error","message":"❌ Failed to update inventory:","timestamp":"2026-06-27T19:42:53.401Z"}
{"level":"error","message":"❌ Shopify API Error:","timestamp":"2026-06-27T19:42:53.401Z"}
{"level":"error","message":"❌ Failed to get product 10278497681691:","timestamp":"2026-06-27T19:42:53.446Z"}
{"level":"error","message":"❌ Failed to update inventory:","timestamp":"2026-06-27T19:42:53.928Z"}
{"level":"error","message":"❌ Shopify API Error:","timestamp":"2026-06-27T19:42:53.928Z"}
{"level":"error","message":"❌ Sync inventory error:","timestamp":"2026-06-27T19:42:53.928Z"}
{"level":"error","message":"❌ Failed to update inventory:","timestamp":"2026-06-27T19:42:53.930Z"}
{"level":"error","message":"❌ Shopify API Error:","timestamp":"2026-06-27T19:42:53.930Z"}
{"level":"error","message":"❌ Failed to update inventory:","timestamp":"2026-06-27T19:42:53.936Z"}
{"level":"error","message":"❌ Shopify API Error:","timestamp":"2026-06-27T19:42:53.936Z"}
{"level":"error","message":"❌ Failed to update inventory:","timestamp":"2026-06-27T19:42:53.950Z"}
{"level":"error","message":"❌ Shopify API Error:","timestamp":"2026-06-27T19:42:53.950Z"}
{"level":"error","message":"❌ Failed to update inventory:","timestamp":"2026-06-27T19:42:53.951Z"}
{"level":"error","message":"❌ Shopify API Error:","timestamp":"2026-06-27T19:42:53.951Z"}
{"level":"error","message":"❌ Failed to update inventory:","timestamp":"2026-06-27T19:42:54.405Z"}
{"level":"error","message":"❌ Shopify API Error:","timestamp":"2026-06-27T19:42:54.405Z"}
{"level":"error","message":"❌ Sync inventory error:","timestamp":"2026-06-27T19:42:54.405Z"}
{"level":"error","message":"❌ Failed to update inventory:","timestamp":"2026-06-27T19:42:54.415Z"}
{"level":"error","message":"❌ Shopify API Error:","timestamp":"2026-06-27T19:42:54.415Z"}
{"level":"error","message":"❌ Failed to update inventory:","timestamp":"2026-06-27T19:42:54.416Z"}
{"level":"error","message":"❌ Shopify API Error:","timestamp":"2026-06-27T19:42:54.416Z"}
{"level":"error","message":"❌ Failed to update inventory:","timestamp":"2026-06-27T19:42:54.419Z"}
{"level":"error","message":"❌ Shopify API Error:","timestamp":"2026-06-27T19:42:54.419Z"}
{"level":"error","message":"❌ Failed to update inventory:","timestamp":"2026-06-27T19:42:54.653Z"}
{"level":"error","message":"❌ Shopify API Error:","timestamp":"2026-06-27T19:42:54.653Z"}
{"level":"error","message":"❌ Failed to update inventory:","timestamp":"2026-06-27T19:42:54.859Z"}
{"level":"error","message":"❌ Shopify API Error:","timestamp":"2026-06-27T19:42:54.860Z"}
{"level":"error","message":"❌ Sync inventory error:","timestamp":"2026-06-27T19:42:54.860Z"}
{"level":"error","message":"❌ Failed to update inventory:","timestamp":"2026-06-27T19:42:54.870Z"}
{"level":"error","message":"❌ Shopify API Error:","timestamp":"2026-06-27T19:42:54.871Z"}
{"level":"error","message":"❌ Failed to update inventory:","timestamp":"2026-06-27T19:42:54.873Z"}
{"level":"error","message":"❌ Shopify API Error:","timestamp":"2026-06-27T19:42:54.874Z"}
{"level":"error","message":"❌ Failed to update inventory:","timestamp":"2026-06-27T19:42:54.875Z"}
{"level":"error","message":"❌ Shopify API Error:","timestamp":"2026-06-27T19:42:54.876Z"}
{"level":"error","message":"❌ Failed to update inventory:","timestamp":"2026-06-27T19:42:54.879Z"}
{"level":"error","message":"❌ Shopify API Error:","timestamp":"2026-06-27T19:42:54.879Z"}
{"level":"error","message":"❌ Failed to update inventory:","timestamp":"2026-06-27T19:42:55.344Z"}
{"level":"error","message":"❌ Shopify API Error:","timestamp":"2026-06-27T19:42:55.344Z"}
{"level":"error","message":"❌ Sync inventory error:","timestamp":"2026-06-27T19:42:55.344Z"}
{"level":"error","message":"❌ Failed to update inventory:","timestamp":"2026-06-27T19:42:55.353Z"}
{"level":"error","message":"❌ Shopify API Error:","timestamp":"2026-06-27T19:42:55.353Z"}
{"level":"error","message":"❌ Failed to update inventory:","timestamp":"2026-06-27T19:42:55.356Z"}
{"level":"error","message":"❌ Shopify API Error:","timestamp":"2026-06-27T19:42:55.357Z"}
{"level":"error","message":"❌ Failed to update inventory:","timestamp":"2026-06-27T19:42:55.367Z"}
{"level":"error","message":"❌ Shopify API Error:","timestamp":"2026-06-27T19:42:55.367Z"}
{"level":"error","message":"❌ Failed to update inventory:","timestamp":"2026-06-27T19:42:55.371Z"}
{"level":"error","message":"❌ Shopify API Error:","timestamp":"2026-06-27T19:42:55.371Z"}
{"level":"error","message":"❌ Failed to get product 10281745449243:","timestamp":"2026-06-27T19:42:55.815Z"}
{"level":"error","message":"❌ Failed to update inventory:","timestamp":"2026-06-27T19:42:55.841Z"}
{"level":"error","message":"❌ Shopify API Error:","timestamp":"2026-06-27T19:42:55.842Z"}
{"level":"error","message":"❌ Failed to update inventory:","timestamp":"2026-06-27T19:42:56.313Z"}
{"level":"error","message":"❌ Shopify API Error:","timestamp":"2026-06-27T19:42:56.314Z"}
{"level":"error","message":"❌ Sync inventory error:","timestamp":"2026-06-27T19:42:56.314Z"}
{"level":"error","message":"❌ Failed to update inventory:","timestamp":"2026-06-27T19:42:56.321Z"}
{"level":"error","message":"❌ Shopify API Error:","timestamp":"2026-06-27T19:42:56.332Z"}
{"level":"error","message":"❌ Failed to update inventory:","timestamp":"2026-06-27T19:42:56.333Z"}
{"level":"error","message":"❌ Shopify API Error:","timestamp":"2026-06-27T19:42:56.334Z"}
{"level":"error","message":"❌ Failed to update inventory:","timestamp":"2026-06-27T19:42:56.334Z"}
{"level":"error","message":"❌ Shopify API Error:","timestamp":"2026-06-27T19:42:56.341Z"}
{"level":"error","message":"❌ Failed to update inventory:","timestamp":"2026-06-27T19:42:56.344Z"}
{"level":"error","message":"❌ Shopify API Error:","timestamp":"2026-06-27T19:42:56.344Z"}
{"level":"error","message":"❌ Failed to update inventory:","timestamp":"2026-06-27T19:42:56.351Z"}
{"level":"error","message":"❌ Shopify API Error:","timestamp":"2026-06-27T19:42:56.351Z"}
{"level":"error","message":"❌ Failed to update inventory:","timestamp":"2026-06-27T19:42:56.851Z"}
{"level":"error","message":"❌ Shopify API Error:","timestamp":"2026-06-27T19:42:56.852Z"}
{"level":"error","message":"❌ Sync inventory error:","timestamp":"2026-06-27T19:42:56.852Z"}
{"level":"error","message":"❌ Failed to update inventory:","timestamp":"2026-06-27T19:42:56.853Z"}
{"level":"error","message":"❌ Shopify API Error:","timestamp":"2026-06-27T19:42:56.854Z"}
{"level":"error","message":"❌ Failed to update inventory:","timestamp":"2026-06-27T19:42:56.854Z"}
{"level":"error","message":"❌ Shopify API Error:","timestamp":"2026-06-27T19:42:56.854Z"}
{"level":"error","message":"❌ Failed to update inventory:","timestamp":"2026-06-27T19:42:56.855Z"}
{"level":"error","message":"❌ Shopify API Error:","timestamp":"2026-06-27T19:42:56.855Z"}
{"level":"error","message":"❌ Failed to update inventory:","timestamp":"2026-06-27T19:42:56.859Z"}
{"level":"error","message":"❌ Shopify API Error:","timestamp":"2026-06-27T19:42:56.860Z"}
{"level":"error","message":"❌ Failed to update inventory:","timestamp":"2026-06-27T19:42:56.861Z"}
{"level":"error","message":"❌ Shopify API Error:","timestamp":"2026-06-27T19:42:56.862Z"}
{"level":"error","message":"❌ Failed to update inventory:","timestamp":"2026-06-27T19:42:56.876Z"}
{"level":"error","message":"❌ Shopify API Error:","timestamp":"2026-06-27T19:42:56.876Z"}
{"level":"error","message":"❌ Failed to update inventory:","timestamp":"2026-06-27T19:42:57.329Z"}
{"level":"error","message":"❌ Shopify API Error:","timestamp":"2026-06-27T19:42:57.330Z"}
{"level":"error","message":"❌ Sync inventory error:","timestamp":"2026-06-27T19:42:57.330Z"}
{"level":"error","message":"❌ Failed to update inventory:","timestamp":"2026-06-27T19:42:57.331Z"}
{"level":"error","message":"❌ Shopify API Error:","timestamp":"2026-06-27T19:42:57.331Z"}
{"level":"error","message":"❌ Failed to update inventory:","timestamp":"2026-06-27T19:42:57.335Z"}
{"level":"error","message":"❌ Shopify API Error:","timestamp":"2026-06-27T19:42:57.335Z"}
{"level":"error","message":"❌ Failed to update inventory:","timestamp":"2026-06-27T19:42:57.336Z"}
{"level":"error","message":"❌ Shopify API Error:","timestamp":"2026-06-27T19:42:57.336Z"}
{"level":"error","message":"❌ Failed to update inventory:","timestamp":"2026-06-27T19:42:57.337Z"}
{"level":"error","message":"❌ Shopify API Error:","timestamp":"2026-06-27T19:42:57.337Z"}
{"level":"error","message":"❌ Failed to update inventory:","timestamp":"2026-06-27T19:42:57.343Z"}
{"level":"error","message":"❌ Shopify API Error:","timestamp":"2026-06-27T19:42:57.343Z"}
{"level":"error","message":"❌ Failed to update inventory:","timestamp":"2026-06-27T19:42:57.796Z"}
{"level":"error","message":"❌ Shopify API Error:","timestamp":"2026-06-27T19:42:57.796Z"}
{"level":"error","message":"❌ Sync inventory error:","timestamp":"2026-06-27T19:42:57.796Z"}
{"level":"error","message":"❌ Failed to update inventory:","timestamp":"2026-06-27T19:42:57.798Z"}
{"level":"error","message":"❌ Shopify API Error:","timestamp":"2026-06-27T19:42:57.798Z"}
{"level":"error","message":"❌ Failed to update inventory:","timestamp":"2026-06-27T19:42:57.798Z"}
{"level":"error","message":"❌ Shopify API Error:","timestamp":"2026-06-27T19:42:57.799Z"}
{"level":"error","message":"❌ Failed to update inventory:","timestamp":"2026-06-27T19:42:57.800Z"}
{"level":"error","message":"❌ Shopify API Error:","timestamp":"2026-06-27T19:42:57.800Z"}
{"level":"error","message":"❌ Failed to update inventory:","timestamp":"2026-06-27T19:42:57.801Z"}
{"level":"error","message":"❌ Shopify API Error:","timestamp":"2026-06-27T19:42:57.801Z"}
{"level":"error","message":"❌ Failed to update inventory:","timestamp":"2026-06-27T19:42:57.801Z"}
{"level":"error","message":"❌ Shopify API Error:","timestamp":"2026-06-27T19:42:57.801Z"}
{"level":"error","message":"❌ Failed to update inventory:","timestamp":"2026-06-27T19:42:57.810Z"}
{"level":"error","message":"❌ Shopify API Error:","timestamp":"2026-06-27T19:42:57.810Z"}
{"level":"error","message":"❌ Failed to update inventory:","timestamp":"2026-06-27T19:42:58.272Z"}
{"level":"error","message":"❌ Shopify API Error:","timestamp":"2026-06-27T19:42:58.273Z"}
{"level":"error","message":"❌ Sync inventory error:","timestamp":"2026-06-27T19:42:58.273Z"}
{"level":"error","message":"❌ Failed to update inventory:","timestamp":"2026-06-27T19:42:58.274Z"}
{"level":"error","message":"❌ Shopify API Error:","timestamp":"2026-06-27T19:42:58.274Z"}
{"level":"error","message":"❌ Failed to update inventory:","timestamp":"2026-06-27T19:42:58.275Z"}
{"level":"error","message":"❌ Shopify API Error:","timestamp":"2026-06-27T19:42:58.275Z"}
{"level":"error","message":"❌ Failed to update inventory:","timestamp":"2026-06-27T19:42:58.276Z"}
{"level":"error","message":"❌ Shopify API Error:","timestamp":"2026-06-27T19:42:58.276Z"}
{"level":"error","message":"❌ Failed to update inventory:","timestamp":"2026-06-27T19:42:58.284Z"}
{"level":"error","message":"❌ Shopify API Error:","timestamp":"2026-06-27T19:42:58.284Z"}
{"level":"error","message":"❌ Failed to update inventory:","timestamp":"2026-06-27T19:42:58.294Z"}
{"level":"error","message":"❌ Shopify API Error:","timestamp":"2026-06-27T19:42:58.294Z"}
{"level":"error","message":"❌ Failed to get product 10279074038043:","timestamp":"2026-06-27T19:42:58.507Z"}
{"level":"error","message":"❌ Failed to update inventory:","timestamp":"2026-06-27T19:42:58.989Z"}
{"level":"error","message":"❌ Shopify API Error:","timestamp":"2026-06-27T19:42:58.990Z"}
{"level":"error","message":"❌ Sync inventory error:","timestamp":"2026-06-27T19:42:58.990Z"}
{"level":"error","message":"❌ Failed to update inventory:","timestamp":"2026-06-27T19:42:58.994Z"}
{"level":"error","message":"❌ Shopify API Error:","timestamp":"2026-06-27T19:42:58.994Z"}
{"level":"error","message":"❌ Failed to update inventory:","timestamp":"2026-06-27T19:42:58.995Z"}
{"level":"error","message":"❌ Shopify API Error:","timestamp":"2026-06-27T19:42:58.995Z"}
{"level":"error","message":"❌ Failed to update inventory:","timestamp":"2026-06-27T19:42:59.010Z"}
{"level":"error","message":"❌ Shopify API Error:","timestamp":"2026-06-27T19:42:59.011Z"}
{"level":"error","message":"❌ Failed to update inventory:","timestamp":"2026-06-27T19:42:59.467Z"}
{"level":"error","message":"❌ Shopify API Error:","timestamp":"2026-06-27T19:42:59.467Z"}
{"level":"error","message":"❌ Sync inventory error:","timestamp":"2026-06-27T19:42:59.467Z"}
{"level":"error","message":"❌ Failed to update inventory:","timestamp":"2026-06-27T19:42:59.472Z"}
{"level":"error","message":"❌ Shopify API Error:","timestamp":"2026-06-27T19:42:59.473Z"}
{"level":"error","message":"❌ Failed to update inventory:","timestamp":"2026-06-27T19:42:59.474Z"}
{"level":"error","message":"❌ Shopify API Error:","timestamp":"2026-06-27T19:42:59.474Z"}
{"level":"error","message":"❌ Failed to update inventory:","timestamp":"2026-06-27T19:42:59.475Z"}
{"level":"error","message":"❌ Shopify API Error:","timestamp":"2026-06-27T19:42:59.475Z"}
{"level":"error","message":"❌ Failed to update inventory:","timestamp":"2026-06-27T19:42:59.479Z"}
{"level":"error","message":"❌ Shopify API Error:","timestamp":"2026-06-27T19:42:59.480Z"}
{"level":"error","message":"❌ Failed to update inventory:","timestamp":"2026-06-27T19:42:59.482Z"}
{"level":"error","message":"❌ Shopify API Error:","timestamp":"2026-06-27T19:42:59.482Z"}
{"level":"error","message":"❌ Failed to update inventory:","timestamp":"2026-06-27T19:42:59.495Z"}
{"level":"error","message":"❌ Shopify API Error:","timestamp":"2026-06-27T19:42:59.496Z"}
{"level":"error","message":"❌ Failed to update inventory:","timestamp":"2026-06-27T19:42:59.957Z"}
{"level":"error","message":"❌ Shopify API Error:","timestamp":"2026-06-27T19:42:59.957Z"}
{"level":"error","message":"❌ Sync inventory error:","timestamp":"2026-06-27T19:42:59.958Z"}
{"level":"error","message":"❌ Failed to update inventory:","timestamp":"2026-06-27T19:42:59.958Z"}
{"level":"error","message":"❌ Shopify API Error:","timestamp":"2026-06-27T19:42:59.959Z"}
{"level":"error","message":"❌ Failed to update inventory:","timestamp":"2026-06-27T19:42:59.960Z"}
{"level":"error","message":"❌ Shopify API Error:","timestamp":"2026-06-27T19:42:59.960Z"}
{"level":"error","message":"❌ Failed to update inventory:","timestamp":"2026-06-27T19:42:59.963Z"}
{"level":"error","message":"❌ Shopify API Error:","timestamp":"2026-06-27T19:42:59.963Z"}
{"level":"error","message":"❌ Failed to update inventory:","timestamp":"2026-06-27T19:42:59.969Z"}
{"level":"error","message":"❌ Shopify API Error:","timestamp":"2026-06-27T19:42:59.969Z"}
{"level":"error","message":"❌ Failed to update inventory:","timestamp":"2026-06-27T19:42:59.979Z"}
{"level":"error","message":"❌ Shopify API Error:","timestamp":"2026-06-27T19:42:59.979Z"}
{"level":"error","message":"❌ Failed to update inventory:","timestamp":"2026-06-27T19:43:00.421Z"}
{"level":"error","message":"❌ Shopify API Error:","timestamp":"2026-06-27T19:43:00.421Z"}
{"level":"error","message":"❌ Sync inventory error:","timestamp":"2026-06-27T19:43:00.422Z"}
{"level":"error","message":"❌ Failed to update inventory:","timestamp":"2026-06-27T19:43:00.431Z"}
{"level":"error","message":"❌ Shopify API Error:","timestamp":"2026-06-27T19:43:00.431Z"}
{"level":"error","message":"❌ Failed to update inventory:","timestamp":"2026-06-27T19:43:00.433Z"}
{"level":"error","message":"❌ Shopify API Error:","timestamp":"2026-06-27T19:43:00.433Z"}
{"level":"error","message":"❌ Failed to update inventory:","timestamp":"2026-06-27T19:43:00.436Z"}
{"level":"error","message":"❌ Shopify API Error:","timestamp":"2026-06-27T19:43:00.436Z"}
{"level":"error","message":"❌ Failed to update inventory:","timestamp":"2026-06-27T19:43:00.443Z"}
{"level":"error","message":"❌ Shopify API Error:","timestamp":"2026-06-27T19:43:00.444Z"}
{"level":"error","message":"❌ Failed to update inventory:","timestamp":"2026-06-27T19:43:00.446Z"}
{"level":"error","message":"❌ Shopify API Error:","timestamp":"2026-06-27T19:43:00.446Z"}
{"level":"error","message":"❌ Failed to update inventory:","timestamp":"2026-06-27T19:43:00.447Z"}
{"level":"error","message":"❌ Shopify API Error:","timestamp":"2026-06-27T19:43:00.447Z"}
{"level":"error","message":"❌ Failed to update inventory:","timestamp":"2026-06-27T19:43:00.454Z"}
{"level":"error","message":"❌ Shopify API Error:","timestamp":"2026-06-27T19:43:00.454Z"}
{"level":"error","message":"❌ Failed to update inventory:","timestamp":"2026-06-27T19:43:00.487Z"}
{"level":"error","message":"❌ Shopify API Error:","timestamp":"2026-06-27T19:43:00.488Z"}
{"level":"error","message":"❌ Failed to get product 10280928674075:","timestamp":"2026-06-27T19:43:00.668Z"}
{"level":"error","message":"❌ Failed to get product 10279364952347:","timestamp":"2026-06-27T19:43:00.909Z"}
{"level":"error","message":"❌ Failed to update inventory:","timestamp":"2026-06-27T19:43:01.177Z"}
{"level":"error","message":"❌ Shopify API Error:","timestamp":"2026-06-27T19:43:01.178Z"}
{"level":"error","message":"❌ Failed to update inventory:","timestamp":"2026-06-27T19:43:01.391Z"}
{"level":"error","message":"❌ Shopify API Error:","timestamp":"2026-06-27T19:43:01.391Z"}
{"level":"error","message":"❌ Sync inventory error:","timestamp":"2026-06-27T19:43:01.391Z"}
{"level":"error","message":"❌ Failed to update inventory:","timestamp":"2026-06-27T19:43:01.392Z"}
{"level":"error","message":"❌ Shopify API Error:","timestamp":"2026-06-27T19:43:01.392Z"}
{"level":"error","message":"❌ Failed to update inventory:","timestamp":"2026-06-27T19:43:01.393Z"}
{"level":"error","message":"❌ Shopify API Error:","timestamp":"2026-06-27T19:43:01.393Z"}
{"level":"error","message":"❌ Failed to update inventory:","timestamp":"2026-06-27T19:43:01.399Z"}
{"level":"error","message":"❌ Shopify API Error:","timestamp":"2026-06-27T19:43:01.399Z"}
{"level":"error","message":"❌ Failed to update inventory:","timestamp":"2026-06-27T19:43:01.413Z"}
{"level":"error","message":"❌ Shopify API Error:","timestamp":"2026-06-27T19:43:01.413Z"}
{"level":"error","message":"❌ Failed to get product 10247418675483:","timestamp":"2026-06-27T19:43:01.605Z"}
{"level":"error","message":"❌ Failed to get product 10247418937627:","timestamp":"2026-06-27T19:43:01.860Z"}
{"level":"error","message":"❌ Failed to update inventory:","timestamp":"2026-06-27T19:43:01.878Z"}
{"level":"error","message":"❌ Shopify API Error:","timestamp":"2026-06-27T19:43:01.879Z"}
{"level":"error","message":"❌ Failed to update inventory:","timestamp":"2026-06-27T19:43:02.340Z"}
{"level":"error","message":"❌ Shopify API Error:","timestamp":"2026-06-27T19:43:02.340Z"}
{"level":"error","message":"❌ Sync inventory error:","timestamp":"2026-06-27T19:43:02.340Z"}
{"level":"error","message":"❌ Failed to update inventory:","timestamp":"2026-06-27T19:43:02.351Z"}
{"level":"error","message":"❌ Shopify API Error:","timestamp":"2026-06-27T19:43:02.351Z"}
{"level":"error","message":"❌ Failed to update inventory:","timestamp":"2026-06-27T19:43:02.352Z"}
{"level":"error","message":"❌ Shopify API Error:","timestamp":"2026-06-27T19:43:02.352Z"}
{"level":"error","message":"❌ Failed to update inventory:","timestamp":"2026-06-27T19:43:02.353Z"}
{"level":"error","message":"❌ Shopify API Error:","timestamp":"2026-06-27T19:43:02.353Z"}
{"level":"error","message":"❌ Failed to update inventory:","timestamp":"2026-06-27T19:43:02.357Z"}
{"level":"error","message":"❌ Shopify API Error:","timestamp":"2026-06-27T19:43:02.357Z"}
{"level":"error","message":"❌ Failed to update inventory:","timestamp":"2026-06-27T19:43:02.525Z"}
{"level":"error","message":"❌ Shopify API Error:","timestamp":"2026-06-27T19:43:02.525Z"}
{"level":"error","message":"❌ Failed to update inventory:","timestamp":"2026-06-27T19:43:02.839Z"}
{"level":"error","message":"❌ Shopify API Error:","timestamp":"2026-06-27T19:43:02.840Z"}
{"level":"error","message":"❌ Sync inventory error:","timestamp":"2026-06-27T19:43:02.840Z"}
{"level":"error","message":"❌ Failed to update inventory:","timestamp":"2026-06-27T19:43:02.842Z"}
{"level":"error","message":"❌ Shopify API Error:","timestamp":"2026-06-27T19:43:02.842Z"}
{"level":"error","message":"❌ Failed to update inventory:","timestamp":"2026-06-27T19:43:02.844Z"}
{"level":"error","message":"❌ Shopify API Error:","timestamp":"2026-06-27T19:43:02.844Z"}
{"level":"error","message":"❌ Failed to update inventory:","timestamp":"2026-06-27T19:43:02.848Z"}
{"level":"error","message":"❌ Shopify API Error:","timestamp":"2026-06-27T19:43:02.848Z"}
{"level":"error","message":"❌ Failed to update inventory:","timestamp":"2026-06-27T19:43:02.849Z"}
{"level":"error","message":"❌ Shopify API Error:","timestamp":"2026-06-27T19:43:02.849Z"}
{"level":"error","message":"❌ Failed to get product 10247418511643:","timestamp":"2026-06-27T19:43:03.087Z"}
{"level":"error","message":"❌ Failed to update inventory:","timestamp":"2026-06-27T19:43:03.314Z"}
{"level":"error","message":"❌ Shopify API Error:","timestamp":"2026-06-27T19:43:03.314Z"}
{"level":"error","message":"❌ Failed to get product 10247418741019:","timestamp":"2026-06-27T19:43:03.323Z"}
{"level":"error","message":"❌ Failed to update inventory:","timestamp":"2026-06-27T19:43:03.809Z"}
{"level":"error","message":"❌ Shopify API Error:","timestamp":"2026-06-27T19:43:03.809Z"}
{"level":"error","message":"❌ Sync inventory error:","timestamp":"2026-06-27T19:43:03.810Z"}
{"level":"error","message":"❌ Failed to update inventory:","timestamp":"2026-06-27T19:43:03.811Z"}
{"level":"error","message":"❌ Shopify API Error:","timestamp":"2026-06-27T19:43:03.811Z"}
{"level":"error","message":"❌ Failed to update inventory:","timestamp":"2026-06-27T19:43:03.813Z"}
{"level":"error","message":"❌ Shopify API Error:","timestamp":"2026-06-27T19:43:03.813Z"}
{"level":"error","message":"❌ Failed to update inventory:","timestamp":"2026-06-27T19:43:03.821Z"}
{"level":"error","message":"❌ Shopify API Error:","timestamp":"2026-06-27T19:43:03.821Z"}
{"level":"error","message":"❌ Failed to update inventory:","timestamp":"2026-06-27T19:43:03.824Z"}
{"level":"error","message":"❌ Shopify API Error:","timestamp":"2026-06-27T19:43:03.824Z"}
{"level":"error","message":"❌ Failed to update inventory:","timestamp":"2026-06-27T19:43:03.827Z"}
{"level":"error","message":"❌ Shopify API Error:","timestamp":"2026-06-27T19:43:03.828Z"}
{"level":"error","message":"❌ Failed to update inventory:","timestamp":"2026-06-27T19:43:04.281Z"}
{"level":"error","message":"❌ Shopify API Error:","timestamp":"2026-06-27T19:43:04.282Z"}
{"level":"error","message":"❌ Sync inventory error:","timestamp":"2026-06-27T19:43:04.282Z"}
{"level":"error","message":"❌ Failed to update inventory:","timestamp":"2026-06-27T19:43:04.284Z"}
{"level":"error","message":"❌ Shopify API Error:","timestamp":"2026-06-27T19:43:04.285Z"}
{"level":"error","message":"❌ Failed to update inventory:","timestamp":"2026-06-27T19:43:04.288Z"}
{"level":"error","message":"❌ Shopify API Error:","timestamp":"2026-06-27T19:43:04.288Z"}
{"level":"error","message":"❌ Failed to update inventory:","timestamp":"2026-06-27T19:43:04.291Z"}
{"level":"error","message":"❌ Shopify API Error:","timestamp":"2026-06-27T19:43:04.291Z"}
{"level":"error","message":"❌ Failed to update inventory:","timestamp":"2026-06-27T19:43:04.296Z"}
{"level":"error","message":"❌ Shopify API Error:","timestamp":"2026-06-27T19:43:04.296Z"}
{"level":"error","message":"❌ Failed to update inventory:","timestamp":"2026-06-27T19:43:04.306Z"}
{"level":"error","message":"❌ Shopify API Error:","timestamp":"2026-06-27T19:43:04.306Z"}
{"level":"error","message":"❌ Failed to update inventory:","timestamp":"2026-06-27T19:43:04.766Z"}
{"level":"error","message":"❌ Shopify API Error:","timestamp":"2026-06-27T19:43:04.767Z"}
{"level":"error","message":"❌ Sync inventory error:","timestamp":"2026-06-27T19:43:04.767Z"}
{"level":"error","message":"❌ Failed to update inventory:","timestamp":"2026-06-27T19:43:04.770Z"}
{"level":"error","message":"❌ Shopify API Error:","timestamp":"2026-06-27T19:43:04.771Z"}
{"level":"error","message":"❌ Failed to update inventory:","timestamp":"2026-06-27T19:43:04.774Z"}
{"level":"error","message":"❌ Shopify API Error:","timestamp":"2026-06-27T19:43:04.774Z"}
{"level":"error","message":"❌ Failed to update inventory:","timestamp":"2026-06-27T19:43:04.776Z"}
{"level":"error","message":"❌ Shopify API Error:","timestamp":"2026-06-27T19:43:04.776Z"}
{"level":"error","message":"❌ Failed to update inventory:","timestamp":"2026-06-27T19:43:04.778Z"}
{"level":"error","message":"❌ Shopify API Error:","timestamp":"2026-06-27T19:43:04.779Z"}
{"level":"error","message":"❌ Failed to update inventory:","timestamp":"2026-06-27T19:43:04.783Z"}
{"level":"error","message":"❌ Shopify API Error:","timestamp":"2026-06-27T19:43:04.783Z"}
{"level":"error","message":"❌ Failed to update inventory:","timestamp":"2026-06-27T19:43:05.268Z"}
{"level":"error","message":"❌ Shopify API Error:","timestamp":"2026-06-27T19:43:05.269Z"}
{"level":"error","message":"❌ Sync inventory error:","timestamp":"2026-06-27T19:43:05.269Z"}
{"level":"error","message":"❌ Failed to update inventory:","timestamp":"2026-06-27T19:43:05.272Z"}
{"level":"error","message":"❌ Shopify API Error:","timestamp":"2026-06-27T19:43:05.272Z"}
{"level":"error","message":"❌ Failed to update inventory:","timestamp":"2026-06-27T19:43:05.275Z"}
{"level":"error","message":"❌ Shopify API Error:","timestamp":"2026-06-27T19:43:05.276Z"}
{"level":"error","message":"❌ Failed to update inventory:","timestamp":"2026-06-27T19:43:05.278Z"}
{"level":"error","message":"❌ Shopify API Error:","timestamp":"2026-06-27T19:43:05.279Z"}
{"level":"error","message":"❌ Failed to update inventory:","timestamp":"2026-06-27T19:43:05.281Z"}
{"level":"error","message":"❌ Shopify API Error:","timestamp":"2026-06-27T19:43:05.282Z"}
{"level":"error","message":"❌ Failed to update inventory:","timestamp":"2026-06-27T19:43:05.282Z"}
{"level":"error","message":"❌ Shopify API Error:","timestamp":"2026-06-27T19:43:05.283Z"}
{"level":"error","message":"❌ Failed to get product 10247419461915:","timestamp":"2026-06-27T19:43:05.522Z"}
{"level":"error","message":"❌ Failed to update inventory:","timestamp":"2026-06-27T19:43:06.020Z"}
{"level":"error","message":"❌ Shopify API Error:","timestamp":"2026-06-27T19:43:06.021Z"}
{"level":"error","message":"❌ Sync inventory error:","timestamp":"2026-06-27T19:43:06.021Z"}
{"level":"error","message":"❌ Failed to update inventory:","timestamp":"2026-06-27T19:43:06.031Z"}
{"level":"error","message":"❌ Shopify API Error:","timestamp":"2026-06-27T19:43:06.033Z"}
{"level":"error","message":"❌ Failed to update inventory:","timestamp":"2026-06-27T19:43:06.034Z"}
{"level":"error","message":"❌ Shopify API Error:","timestamp":"2026-06-27T19:43:06.034Z"}
{"level":"error","message":"❌ Failed to update inventory:","timestamp":"2026-06-27T19:43:06.039Z"}
{"level":"error","message":"❌ Shopify API Error:","timestamp":"2026-06-27T19:43:06.039Z"}
{"level":"error","message":"❌ Failed to update inventory:","timestamp":"2026-06-27T19:43:06.235Z"}
{"level":"error","message":"❌ Shopify API Error:","timestamp":"2026-06-27T19:43:06.235Z"}
{"level":"error","message":"❌ Failed to update inventory:","timestamp":"2026-06-27T19:43:06.273Z"}
{"level":"error","message":"❌ Shopify API Error:","timestamp":"2026-06-27T19:43:06.274Z"}
{"level":"error","message":"❌ Failed to get product 10247418904859:","timestamp":"2026-06-27T19:43:06.278Z"}
{"level":"error","message":"❌ Failed to update inventory:","timestamp":"2026-06-27T19:43:06.776Z"}
{"level":"error","message":"❌ Shopify API Error:","timestamp":"2026-06-27T19:43:06.777Z"}
{"level":"error","message":"❌ Sync inventory error:","timestamp":"2026-06-27T19:43:06.777Z"}
{"level":"error","message":"❌ Failed to update inventory:","timestamp":"2026-06-27T19:43:06.780Z"}
{"level":"error","message":"❌ Shopify API Error:","timestamp":"2026-06-27T19:43:06.780Z"}
{"level":"error","message":"❌ Failed to update inventory:","timestamp":"2026-06-27T19:43:06.785Z"}
{"level":"error","message":"❌ Shopify API Error:","timestamp":"2026-06-27T19:43:06.786Z"}
{"level":"error","message":"❌ Failed to update inventory:","timestamp":"2026-06-27T19:43:06.789Z"}
{"level":"error","message":"❌ Shopify API Error:","timestamp":"2026-06-27T19:43:06.790Z"}
{"level":"error","message":"❌ Failed to update inventory:","timestamp":"2026-06-27T19:43:06.795Z"}
{"level":"error","message":"❌ Shopify API Error:","timestamp":"2026-06-27T19:43:06.795Z"}
{"level":"error","message":"❌ Failed to update inventory:","timestamp":"2026-06-27T19:43:06.799Z"}
{"level":"error","message":"❌ Shopify API Error:","timestamp":"2026-06-27T19:43:06.799Z"}
{"level":"error","message":"❌ Failed to update inventory:","timestamp":"2026-06-27T19:43:07.277Z"}
{"level":"error","message":"❌ Shopify API Error:","timestamp":"2026-06-27T19:43:07.277Z"}
{"level":"error","message":"❌ Sync inventory error:","timestamp":"2026-06-27T19:43:07.278Z"}
{"level":"error","message":"❌ Failed to update inventory:","timestamp":"2026-06-27T19:43:07.290Z"}
{"level":"error","message":"❌ Shopify API Error:","timestamp":"2026-06-27T19:43:07.291Z"}
{"level":"error","message":"❌ Failed to update inventory:","timestamp":"2026-06-27T19:43:07.293Z"}
{"level":"error","message":"❌ Shopify API Error:","timestamp":"2026-06-27T19:43:07.293Z"}
{"level":"error","message":"❌ Failed to update inventory:","timestamp":"2026-06-27T19:43:07.295Z"}
{"level":"error","message":"❌ Shopify API Error:","timestamp":"2026-06-27T19:43:07.295Z"}
{"level":"error","message":"❌ Failed to update inventory:","timestamp":"2026-06-27T19:43:07.296Z"}
{"level":"error","message":"❌ Shopify API Error:","timestamp":"2026-06-27T19:43:07.296Z"}
{"level":"error","message":"❌ Failed to update inventory:","timestamp":"2026-06-27T19:43:07.301Z"}
{"level":"error","message":"❌ Shopify API Error:","timestamp":"2026-06-27T19:43:07.301Z"}
{"level":"error","message":"❌ Failed to update inventory:","timestamp":"2026-06-27T19:43:07.787Z"}
{"level":"error","message":"❌ Shopify API Error:","timestamp":"2026-06-27T19:43:07.787Z"}
{"level":"error","message":"❌ Sync inventory error:","timestamp":"2026-06-27T19:43:07.788Z"}
{"level":"error","message":"❌ Failed to update inventory:","timestamp":"2026-06-27T19:43:07.791Z"}
{"level":"error","message":"❌ Shopify API Error:","timestamp":"2026-06-27T19:43:07.792Z"}
{"level":"error","message":"❌ Failed to update inventory:","timestamp":"2026-06-27T19:43:07.796Z"}
{"level":"error","message":"❌ Shopify API Error:","timestamp":"2026-06-27T19:43:07.797Z"}
{"level":"error","message":"❌ Failed to update inventory:","timestamp":"2026-06-27T19:43:07.799Z"}
{"level":"error","message":"❌ Shopify API Error:","timestamp":"2026-06-27T19:43:07.799Z"}
{"level":"error","message":"❌ Failed to update inventory:","timestamp":"2026-06-27T19:43:07.825Z"}
{"level":"error","message":"❌ Shopify API Error:","timestamp":"2026-06-27T19:43:07.826Z"}
{"level":"error","message":"❌ Failed to update inventory:","timestamp":"2026-06-27T19:43:07.832Z"}
{"level":"error","message":"❌ Shopify API Error:","timestamp":"2026-06-27T19:43:07.834Z"}
{"level":"error","message":"❌ Failed to update inventory:","timestamp":"2026-06-27T19:43:08.312Z"}
{"level":"error","message":"❌ Shopify API Error:","timestamp":"2026-06-27T19:43:08.313Z"}
{"level":"error","message":"❌ Sync inventory error:","timestamp":"2026-06-27T19:43:08.313Z"}
{"level":"error","message":"❌ Failed to update inventory:","timestamp":"2026-06-27T19:43:08.317Z"}
{"level":"error","message":"❌ Shopify API Error:","timestamp":"2026-06-27T19:43:08.317Z"}
{"level":"error","message":"❌ Failed to update inventory:","timestamp":"2026-06-27T19:43:08.319Z"}
{"level":"error","message":"❌ Shopify API Error:","timestamp":"2026-06-27T19:43:08.320Z"}
{"level":"error","message":"❌ Failed to update inventory:","timestamp":"2026-06-27T19:43:08.322Z"}
{"level":"error","message":"❌ Shopify API Error:","timestamp":"2026-06-27T19:43:08.322Z"}
{"level":"error","message":"❌ Failed to update inventory:","timestamp":"2026-06-27T19:43:08.324Z"}
{"level":"error","message":"❌ Shopify API Error:","timestamp":"2026-06-27T19:43:08.324Z"}
{"level":"error","message":"❌ Failed to update inventory:","timestamp":"2026-06-27T19:43:08.334Z"}
{"level":"error","message":"❌ Shopify API Error:","timestamp":"2026-06-27T19:43:08.334Z"}
{"level":"error","message":"❌ Failed to update inventory:","timestamp":"2026-06-27T19:43:08.865Z"}
{"level":"error","message":"❌ Shopify API Error:","timestamp":"2026-06-27T19:43:08.866Z"}
{"level":"error","message":"❌ Sync inventory error:","timestamp":"2026-06-27T19:43:08.867Z"}
{"level":"error","message":"❌ Failed to update inventory:","timestamp":"2026-06-27T19:43:08.869Z"}
{"level":"error","message":"❌ Shopify API Error:","timestamp":"2026-06-27T19:43:08.870Z"}
{"level":"error","message":"❌ Failed to update inventory:","timestamp":"2026-06-27T19:43:08.872Z"}
{"level":"error","message":"❌ Shopify API Error:","timestamp":"2026-06-27T19:43:08.872Z"}
{"level":"error","message":"❌ Failed to update inventory:","timestamp":"2026-06-27T19:43:08.876Z"}
{"level":"error","message":"❌ Shopify API Error:","timestamp":"2026-06-27T19:43:08.876Z"}
{"level":"error","message":"❌ Failed to update inventory:","timestamp":"2026-06-27T19:43:08.879Z"}
{"level":"error","message":"❌ Shopify API Error:","timestamp":"2026-06-27T19:43:08.879Z"}
{"level":"error","message":"❌ Failed to update inventory:","timestamp":"2026-06-27T19:43:08.882Z"}
{"level":"error","message":"❌ Shopify API Error:","timestamp":"2026-06-27T19:43:08.882Z"}
{"level":"error","message":"❌ Failed to update inventory:","timestamp":"2026-06-27T19:43:09.353Z"}
{"level":"error","message":"❌ Shopify API Error:","timestamp":"2026-06-27T19:43:09.353Z"}
{"level":"error","message":"❌ Sync inventory error:","timestamp":"2026-06-27T19:43:09.353Z"}
{"level":"error","message":"❌ Failed to update inventory:","timestamp":"2026-06-27T19:43:09.360Z"}
{"level":"error","message":"❌ Shopify API Error:","timestamp":"2026-06-27T19:43:09.360Z"}
{"level":"error","message":"❌ Failed to update inventory:","timestamp":"2026-06-27T19:43:09.361Z"}
{"level":"error","message":"❌ Shopify API Error:","timestamp":"2026-06-27T19:43:09.361Z"}
{"level":"error","message":"❌ Failed to update inventory:","timestamp":"2026-06-27T19:43:09.366Z"}
{"level":"error","message":"❌ Shopify API Error:","timestamp":"2026-06-27T19:43:09.366Z"}
{"level":"error","message":"❌ Failed to update inventory:","timestamp":"2026-06-27T19:43:09.366Z"}
{"level":"error","message":"❌ Shopify API Error:","timestamp":"2026-06-27T19:43:09.367Z"}
{"level":"error","message":"❌ Failed to update inventory:","timestamp":"2026-06-27T19:43:09.408Z"}
{"level":"error","message":"❌ Shopify API Error:","timestamp":"2026-06-27T19:43:09.409Z"}
{"level":"error","message":"❌ Failed to update inventory:","timestamp":"2026-06-27T19:43:09.841Z"}
{"level":"error","message":"❌ Shopify API Error:","timestamp":"2026-06-27T19:43:09.841Z"}
{"level":"error","message":"❌ Sync inventory error:","timestamp":"2026-06-27T19:43:09.841Z"}
{"level":"error","message":"❌ Failed to update inventory:","timestamp":"2026-06-27T19:43:09.849Z"}
{"level":"error","message":"❌ Shopify API Error:","timestamp":"2026-06-27T19:43:09.849Z"}
{"level":"error","message":"❌ Failed to update inventory:","timestamp":"2026-06-27T19:43:09.855Z"}
{"level":"error","message":"❌ Shopify API Error:","timestamp":"2026-06-27T19:43:09.856Z"}
{"level":"error","message":"❌ Failed to update inventory:","timestamp":"2026-06-27T19:43:09.864Z"}
{"level":"error","message":"❌ Shopify API Error:","timestamp":"2026-06-27T19:43:09.865Z"}
{"level":"error","message":"❌ Failed to update inventory:","timestamp":"2026-06-27T19:43:10.007Z"}
{"level":"error","message":"❌ Shopify API Error:","timestamp":"2026-06-27T19:43:10.007Z"}
{"level":"error","message":"❌ Failed to get product 10247420182811:","timestamp":"2026-06-27T19:43:10.072Z"}
{"level":"error","message":"❌ Failed to get product 10247420215579:","timestamp":"2026-06-27T19:43:10.308Z"}
{"level":"error","message":"❌ Failed to update inventory:","timestamp":"2026-06-27T19:43:10.328Z"}
{"level":"error","message":"❌ Shopify API Error:","timestamp":"2026-06-27T19:43:10.328Z"}
{"level":"error","message":"❌ Failed to update inventory:","timestamp":"2026-06-27T19:43:10.825Z"}
{"level":"error","message":"❌ Shopify API Error:","timestamp":"2026-06-27T19:43:10.826Z"}
{"level":"error","message":"❌ Sync inventory error:","timestamp":"2026-06-27T19:43:10.826Z"}
{"level":"error","message":"❌ Failed to update inventory:","timestamp":"2026-06-27T19:43:10.829Z"}
{"level":"error","message":"❌ Shopify API Error:","timestamp":"2026-06-27T19:43:10.829Z"}
{"level":"error","message":"❌ Failed to update inventory:","timestamp":"2026-06-27T19:43:10.833Z"}
{"level":"error","message":"❌ Shopify API Error:","timestamp":"2026-06-27T19:43:10.833Z"}
{"level":"error","message":"❌ Failed to update inventory:","timestamp":"2026-06-27T19:43:10.835Z"}
{"level":"error","message":"❌ Shopify API Error:","timestamp":"2026-06-27T19:43:10.836Z"}
{"level":"error","message":"❌ Failed to update inventory:","timestamp":"2026-06-27T19:43:10.840Z"}
{"level":"error","message":"❌ Shopify API Error:","timestamp":"2026-06-27T19:43:10.840Z"}
{"level":"error","message":"❌ Failed to update inventory:","timestamp":"2026-06-27T19:43:10.853Z"}
{"level":"error","message":"❌ Shopify API Error:","timestamp":"2026-06-27T19:43:10.853Z"}
{"level":"error","message":"❌ Failed to update inventory:","timestamp":"2026-06-27T19:43:11.325Z"}
{"level":"error","message":"❌ Shopify API Error:","timestamp":"2026-06-27T19:43:11.325Z"}
{"level":"error","message":"❌ Sync inventory error:","timestamp":"2026-06-27T19:43:11.326Z"}
{"level":"error","message":"❌ Failed to update inventory:","timestamp":"2026-06-27T19:43:11.328Z"}
{"level":"error","message":"❌ Shopify API Error:","timestamp":"2026-06-27T19:43:11.329Z"}
{"level":"error","message":"❌ Failed to update inventory:","timestamp":"2026-06-27T19:43:11.331Z"}
{"level":"error","message":"❌ Shopify API Error:","timestamp":"2026-06-27T19:43:11.331Z"}
{"level":"error","message":"❌ Failed to update inventory:","timestamp":"2026-06-27T19:43:11.334Z"}
{"level":"error","message":"❌ Shopify API Error:","timestamp":"2026-06-27T19:43:11.335Z"}
{"level":"error","message":"❌ Failed to update inventory:","timestamp":"2026-06-27T19:43:11.336Z"}
{"level":"error","message":"❌ Shopify API Error:","timestamp":"2026-06-27T19:43:11.337Z"}
{"level":"error","message":"❌ Failed to update inventory:","timestamp":"2026-06-27T19:43:11.391Z"}
{"level":"error","message":"❌ Shopify API Error:","timestamp":"2026-06-27T19:43:11.391Z"}
{"level":"error","message":"❌ Failed to update inventory:","timestamp":"2026-06-27T19:43:11.845Z"}
{"level":"error","message":"❌ Shopify API Error:","timestamp":"2026-06-27T19:43:11.845Z"}
{"level":"error","message":"❌ Sync inventory error:","timestamp":"2026-06-27T19:43:11.846Z"}
{"level":"error","message":"❌ Failed to update inventory:","timestamp":"2026-06-27T19:43:11.849Z"}
{"level":"error","message":"❌ Shopify API Error:","timestamp":"2026-06-27T19:43:11.849Z"}
{"level":"error","message":"❌ Failed to update inventory:","timestamp":"2026-06-27T19:43:11.854Z"}
{"level":"error","message":"❌ Shopify API Error:","timestamp":"2026-06-27T19:43:11.854Z"}
{"level":"error","message":"❌ Failed to update inventory:","timestamp":"2026-06-27T19:43:11.857Z"}
{"level":"error","message":"❌ Shopify API Error:","timestamp":"2026-06-27T19:43:11.857Z"}
{"level":"error","message":"❌ Failed to update inventory:","timestamp":"2026-06-27T19:43:11.858Z"}
{"level":"error","message":"❌ Shopify API Error:","timestamp":"2026-06-27T19:43:11.858Z"}
{"level":"error","message":"❌ Failed to update inventory:","timestamp":"2026-06-27T19:43:11.885Z"}
{"level":"error","message":"❌ Shopify API Error:","timestamp":"2026-06-27T19:43:11.885Z"}
{"level":"error","message":"❌ Failed to update inventory:","timestamp":"2026-06-27T19:43:12.380Z"}
{"level":"error","message":"❌ Shopify API Error:","timestamp":"2026-06-27T19:43:12.380Z"}
{"level":"error","message":"❌ Sync inventory error:","timestamp":"2026-06-27T19:43:12.380Z"}
{"level":"error","message":"❌ Failed to update inventory:","timestamp":"2026-06-27T19:43:12.382Z"}
{"level":"error","message":"❌ Shopify API Error:","timestamp":"2026-06-27T19:43:12.382Z"}
{"level":"error","message":"❌ Failed to update inventory:","timestamp":"2026-06-27T19:43:12.383Z"}
{"level":"error","message":"❌ Shopify API Error:","timestamp":"2026-06-27T19:43:12.384Z"}
{"level":"error","message":"❌ Failed to update inventory:","timestamp":"2026-06-27T19:43:12.385Z"}
{"level":"error","message":"❌ Shopify API Error:","timestamp":"2026-06-27T19:43:12.385Z"}
{"level":"error","message":"❌ Failed to update inventory:","timestamp":"2026-06-27T19:43:12.386Z"}
{"level":"error","message":"❌ Shopify API Error:","timestamp":"2026-06-27T19:43:12.386Z"}
{"level":"error","message":"❌ Failed to update inventory:","timestamp":"2026-06-27T19:43:12.397Z"}
{"level":"error","message":"❌ Shopify API Error:","timestamp":"2026-06-27T19:43:12.398Z"}
{"level":"error","message":"❌ Failed to update inventory:","timestamp":"2026-06-27T19:43:12.861Z"}
{"level":"error","message":"❌ Shopify API Error:","timestamp":"2026-06-27T19:43:12.861Z"}
{"level":"error","message":"❌ Sync inventory error:","timestamp":"2026-06-27T19:43:12.862Z"}
{"level":"error","message":"❌ Failed to update inventory:","timestamp":"2026-06-27T19:43:12.865Z"}
{"level":"error","message":"❌ Shopify API Error:","timestamp":"2026-06-27T19:43:12.866Z"}
{"level":"error","message":"❌ Failed to update inventory:","timestamp":"2026-06-27T19:43:12.873Z"}
{"level":"error","message":"❌ Shopify API Error:","timestamp":"2026-06-27T19:43:12.874Z"}
{"level":"error","message":"❌ Failed to update inventory:","timestamp":"2026-06-27T19:43:12.877Z"}
{"level":"error","message":"❌ Shopify API Error:","timestamp":"2026-06-27T19:43:12.877Z"}
{"level":"error","message":"❌ Failed to update inventory:","timestamp":"2026-06-27T19:43:12.900Z"}
{"level":"error","message":"❌ Shopify API Error:","timestamp":"2026-06-27T19:43:12.900Z"}
{"level":"error","message":"❌ Failed to update inventory:","timestamp":"2026-06-27T19:43:12.921Z"}
{"level":"error","message":"❌ Shopify API Error:","timestamp":"2026-06-27T19:43:12.922Z"}
{"level":"error","message":"❌ Failed to update inventory:","timestamp":"2026-06-27T19:43:13.347Z"}
{"level":"error","message":"❌ Shopify API Error:","timestamp":"2026-06-27T19:43:13.348Z"}
{"level":"error","message":"❌ Sync inventory error:","timestamp":"2026-06-27T19:43:13.349Z"}
{"level":"error","message":"❌ Failed to update inventory:","timestamp":"2026-06-27T19:43:13.353Z"}
{"level":"error","message":"❌ Shopify API Error:","timestamp":"2026-06-27T19:43:13.353Z"}
{"level":"error","message":"❌ Failed to update inventory:","timestamp":"2026-06-27T19:43:13.356Z"}
{"level":"error","message":"❌ Shopify API Error:","timestamp":"2026-06-27T19:43:13.356Z"}
{"level":"error","message":"❌ Failed to update inventory:","timestamp":"2026-06-27T19:43:13.358Z"}
{"level":"error","message":"❌ Shopify API Error:","timestamp":"2026-06-27T19:43:13.358Z"}
{"level":"error","message":"❌ Failed to update inventory:","timestamp":"2026-06-27T19:43:13.363Z"}
{"level":"error","message":"❌ Shopify API Error:","timestamp":"2026-06-27T19:43:13.363Z"}
{"level":"error","message":"❌ Failed to update inventory:","timestamp":"2026-06-27T19:43:13.364Z"}
{"level":"error","message":"❌ Shopify API Error:","timestamp":"2026-06-27T19:43:13.364Z"}
{"level":"error","message":"❌ Failed to update inventory:","timestamp":"2026-06-27T19:43:13.893Z"}
{"level":"error","message":"❌ Shopify API Error:","timestamp":"2026-06-27T19:43:13.893Z"}
{"level":"error","message":"❌ Sync inventory error:","timestamp":"2026-06-27T19:43:13.893Z"}
{"level":"error","message":"❌ Failed to update inventory:","timestamp":"2026-06-27T19:43:13.894Z"}
{"level":"error","message":"❌ Shopify API Error:","timestamp":"2026-06-27T19:43:13.894Z"}
{"level":"error","message":"❌ Failed to update inventory:","timestamp":"2026-06-27T19:43:13.895Z"}
{"level":"error","message":"❌ Shopify API Error:","timestamp":"2026-06-27T19:43:13.895Z"}
{"level":"error","message":"❌ Failed to update inventory:","timestamp":"2026-06-27T19:43:13.896Z"}
{"level":"error","message":"❌ Shopify API Error:","timestamp":"2026-06-27T19:43:13.896Z"}
{"level":"error","message":"❌ Failed to update inventory:","timestamp":"2026-06-27T19:43:13.897Z"}
{"level":"error","message":"❌ Shopify API Error:","timestamp":"2026-06-27T19:43:13.897Z"}
{"level":"error","message":"❌ Failed to update inventory:","timestamp":"2026-06-27T19:43:13.901Z"}
{"level":"error","message":"❌ Shopify API Error:","timestamp":"2026-06-27T19:43:13.901Z"}
{"level":"error","message":"❌ Failed to update inventory:","timestamp":"2026-06-27T19:43:14.379Z"}
{"level":"error","message":"❌ Shopify API Error:","timestamp":"2026-06-27T19:43:14.380Z"}
{"level":"error","message":"❌ Sync inventory error:","timestamp":"2026-06-27T19:43:14.380Z"}
{"level":"error","message":"❌ Failed to update inventory:","timestamp":"2026-06-27T19:43:14.387Z"}
{"level":"error","message":"❌ Shopify API Error:","timestamp":"2026-06-27T19:43:14.388Z"}
{"level":"error","message":"❌ Failed to update inventory:","timestamp":"2026-06-27T19:43:14.390Z"}
{"level":"error","message":"❌ Shopify API Error:","timestamp":"2026-06-27T19:43:14.390Z"}
{"level":"error","message":"❌ Failed to update inventory:","timestamp":"2026-06-27T19:43:14.401Z"}
{"level":"error","message":"❌ Shopify API Error:","timestamp":"2026-06-27T19:43:14.402Z"}
{"level":"error","message":"❌ Failed to update inventory:","timestamp":"2026-06-27T19:43:14.407Z"}
{"level":"error","message":"❌ Shopify API Error:","timestamp":"2026-06-27T19:43:14.407Z"}
{"level":"error","message":"❌ Failed to update inventory:","timestamp":"2026-06-27T19:43:14.409Z"}
{"level":"error","message":"❌ Shopify API Error:","timestamp":"2026-06-27T19:43:14.409Z"}
{"level":"error","message":"❌ Failed to update inventory:","timestamp":"2026-06-27T19:43:14.898Z"}
{"level":"error","message":"❌ Shopify API Error:","timestamp":"2026-06-27T19:43:14.899Z"}
{"level":"error","message":"❌ Sync inventory error:","timestamp":"2026-06-27T19:43:14.899Z"}
{"level":"error","message":"❌ Failed to update inventory:","timestamp":"2026-06-27T19:43:14.903Z"}
{"level":"error","message":"❌ Shopify API Error:","timestamp":"2026-06-27T19:43:14.904Z"}
{"level":"error","message":"❌ Failed to update inventory:","timestamp":"2026-06-27T19:43:14.906Z"}
{"level":"error","message":"❌ Shopify API Error:","timestamp":"2026-06-27T19:43:14.908Z"}
{"level":"error","message":"❌ Failed to update inventory:","timestamp":"2026-06-27T19:43:14.916Z"}
{"level":"error","message":"❌ Shopify API Error:","timestamp":"2026-06-27T19:43:14.916Z"}
{"level":"error","message":"❌ Failed to update inventory:","timestamp":"2026-06-27T19:43:14.921Z"}
{"level":"error","message":"❌ Shopify API Error:","timestamp":"2026-06-27T19:43:14.921Z"}
{"level":"error","message":"❌ Failed to update inventory:","timestamp":"2026-06-27T19:43:14.930Z"}
{"level":"error","message":"❌ Shopify API Error:","timestamp":"2026-06-27T19:43:14.932Z"}
{"level":"error","message":"❌ Failed to update inventory:","timestamp":"2026-06-27T19:43:15.383Z"}
{"level":"error","message":"❌ Shopify API Error:","timestamp":"2026-06-27T19:43:15.383Z"}
{"level":"error","message":"❌ Sync inventory error:","timestamp":"2026-06-27T19:43:15.384Z"}
{"level":"error","message":"❌ Failed to update inventory:","timestamp":"2026-06-27T19:43:15.387Z"}
{"level":"error","message":"❌ Shopify API Error:","timestamp":"2026-06-27T19:43:15.387Z"}
{"level":"error","message":"❌ Failed to update inventory:","timestamp":"2026-06-27T19:43:15.391Z"}
{"level":"error","message":"❌ Shopify API Error:","timestamp":"2026-06-27T19:43:15.391Z"}
{"level":"error","message":"❌ Failed to update inventory:","timestamp":"2026-06-27T19:43:15.392Z"}
{"level":"error","message":"❌ Shopify API Error:","timestamp":"2026-06-27T19:43:15.392Z"}
{"level":"error","message":"❌ Failed to update inventory:","timestamp":"2026-06-27T19:43:15.398Z"}
{"level":"error","message":"❌ Shopify API Error:","timestamp":"2026-06-27T19:43:15.398Z"}
{"level":"error","message":"❌ Failed to update inventory:","timestamp":"2026-06-27T19:43:15.424Z"}
{"level":"error","message":"❌ Shopify API Error:","timestamp":"2026-06-27T19:43:15.425Z"}
{"level":"error","message":"❌ Failed to update inventory:","timestamp":"2026-06-27T19:45:01.029Z"}
{"level":"error","message":"❌ Shopify API Error:","timestamp":"2026-06-27T19:45:01.032Z"}
{"level":"error","message":"❌ Sync inventory error:","timestamp":"2026-06-27T19:45:01.032Z"}
{"level":"error","message":"❌ Failed to update inventory:","timestamp":"2026-06-27T19:45:01.038Z"}
{"level":"error","message":"❌ Shopify API Error:","timestamp":"2026-06-27T19:45:01.039Z"}
{"level":"error","message":"❌ Failed to update inventory:","timestamp":"2026-06-27T19:45:01.057Z"}
{"level":"error","message":"❌ Shopify API Error:","timestamp":"2026-06-27T19:45:01.057Z"}
{"level":"error","message":"❌ Failed to update inventory:","timestamp":"2026-06-27T19:45:01.074Z"}
{"level":"error","message":"❌ Shopify API Error:","timestamp":"2026-06-27T19:45:01.075Z"}
{"level":"error","message":"❌ Failed to update inventory:","timestamp":"2026-06-27T19:45:01.255Z"}
{"level":"error","message":"❌ Shopify API Error:","timestamp":"2026-06-27T19:45:01.256Z"}
{"level":"error","message":"❌ Failed to update inventory:","timestamp":"2026-06-27T19:45:01.806Z"}
{"level":"error","message":"❌ Shopify API Error:","timestamp":"2026-06-27T19:45:01.806Z"}
{"level":"error","message":"❌ Sync inventory error:","timestamp":"2026-06-27T19:45:01.807Z"}
{"level":"error","message":"❌ Failed to update inventory:","timestamp":"2026-06-27T19:45:01.815Z"}
{"level":"error","message":"❌ Shopify API Error:","timestamp":"2026-06-27T19:45:01.816Z"}
{"level":"error","message":"❌ Failed to update inventory:","timestamp":"2026-06-27T19:45:01.818Z"}
{"level":"error","message":"❌ Shopify API Error:","timestamp":"2026-06-27T19:45:01.818Z"}
{"level":"error","message":"❌ Failed to update inventory:","timestamp":"2026-06-27T19:45:02.056Z"}
{"level":"error","message":"❌ Shopify API Error:","timestamp":"2026-06-27T19:45:02.056Z"}
{"level":"error","message":"❌ Failed to update inventory:","timestamp":"2026-06-27T19:45:02.534Z"}
{"level":"error","message":"❌ Shopify API Error:","timestamp":"2026-06-27T19:45:02.534Z"}
{"level":"error","message":"❌ Sync inventory error:","timestamp":"2026-06-27T19:45:02.534Z"}
{"level":"error","message":"❌ Failed to update inventory:","timestamp":"2026-06-27T19:45:02.562Z"}
{"level":"error","message":"❌ Shopify API Error:","timestamp":"2026-06-27T19:45:02.563Z"}
{"level":"error","message":"❌ Failed to update inventory:","timestamp":"2026-06-27T19:45:02.568Z"}
{"level":"error","message":"❌ Shopify API Error:","timestamp":"2026-06-27T19:45:02.568Z"}
{"level":"error","message":"❌ Failed to update inventory:","timestamp":"2026-06-27T19:45:03.350Z"}
{"level":"error","message":"❌ Shopify API Error:","timestamp":"2026-06-27T19:45:03.350Z"}
{"level":"error","message":"❌ Sync inventory error:","timestamp":"2026-06-27T19:45:03.351Z"}
{"level":"error","message":"❌ Failed to update inventory:","timestamp":"2026-06-27T19:45:03.358Z"}
{"level":"error","message":"❌ Shopify API Error:","timestamp":"2026-06-27T19:45:03.358Z"}
{"level":"error","message":"❌ Failed to update inventory:","timestamp":"2026-06-27T19:45:04.162Z"}
{"level":"error","message":"❌ Shopify API Error:","timestamp":"2026-06-27T19:45:04.162Z"}
{"level":"error","message":"❌ Sync inventory error:","timestamp":"2026-06-27T19:45:04.163Z"}
{"level":"error","message":"❌ Failed to update inventory:","timestamp":"2026-06-27T19:45:04.187Z"}
{"level":"error","message":"❌ Shopify API Error:","timestamp":"2026-06-27T19:45:04.187Z"}
{"level":"error","message":"❌ Failed to update inventory:","timestamp":"2026-06-27T19:45:04.973Z"}
{"level":"error","message":"❌ Shopify API Error:","timestamp":"2026-06-27T19:45:04.973Z"}
{"level":"error","message":"❌ Sync inventory error:","timestamp":"2026-06-27T19:45:04.973Z"}
{"level":"error","message":"❌ Failed to update inventory:","timestamp":"2026-06-27T19:45:04.981Z"}
{"level":"error","message":"❌ Shopify API Error:","timestamp":"2026-06-27T19:45:04.982Z"}
{"level":"error","message":"❌ Failed to update inventory:","timestamp":"2026-06-27T19:45:04.983Z"}
{"level":"error","message":"❌ Shopify API Error:","timestamp":"2026-06-27T19:45:04.983Z"}
{"level":"error","message":"❌ Failed to update inventory:","timestamp":"2026-06-27T19:45:05.170Z"}
{"level":"error","message":"❌ Shopify API Error:","timestamp":"2026-06-27T19:45:05.170Z"}
{"level":"error","message":"❌ Failed to update inventory:","timestamp":"2026-06-27T19:45:05.512Z"}
{"level":"error","message":"❌ Shopify API Error:","timestamp":"2026-06-27T19:45:05.512Z"}
{"level":"error","message":"❌ Sync inventory error:","timestamp":"2026-06-27T19:45:05.512Z"}
{"level":"error","message":"❌ Failed to update inventory:","timestamp":"2026-06-27T19:45:05.550Z"}
{"level":"error","message":"❌ Shopify API Error:","timestamp":"2026-06-27T19:45:05.551Z"}
{"level":"error","message":"❌ Failed to update inventory:","timestamp":"2026-06-27T19:45:05.602Z"}
{"level":"error","message":"❌ Shopify API Error:","timestamp":"2026-06-27T19:45:05.603Z"}
{"level":"error","message":"❌ Failed to update inventory:","timestamp":"2026-06-27T19:45:05.752Z"}
{"level":"error","message":"❌ Shopify API Error:","timestamp":"2026-06-27T19:45:05.753Z"}
{"level":"error","message":"❌ Failed to update inventory:","timestamp":"2026-06-27T19:45:05.757Z"}
{"level":"error","message":"❌ Shopify API Error:","timestamp":"2026-06-27T19:45:05.758Z"}
{"level":"error","message":"❌ Failed to update inventory:","timestamp":"2026-06-27T19:45:05.775Z"}
{"level":"error","message":"❌ Shopify API Error:","timestamp":"2026-06-27T19:45:05.775Z"}
{"level":"error","message":"❌ Failed to get product 10278438764827:","timestamp":"2026-06-27T19:45:05.778Z"}
{"level":"error","message":"❌ Failed to update inventory:","timestamp":"2026-06-27T19:45:06.301Z"}
{"level":"error","message":"❌ Shopify API Error:","timestamp":"2026-06-27T19:45:06.301Z"}
{"level":"error","message":"❌ Sync inventory error:","timestamp":"2026-06-27T19:45:06.302Z"}
{"level":"error","message":"❌ Failed to update inventory:","timestamp":"2026-06-27T19:45:06.307Z"}
{"level":"error","message":"❌ Shopify API Error:","timestamp":"2026-06-27T19:45:06.307Z"}
{"level":"error","message":"❌ Failed to update inventory:","timestamp":"2026-06-27T19:45:06.310Z"}
{"level":"error","message":"❌ Shopify API Error:","timestamp":"2026-06-27T19:45:06.313Z"}
{"level":"error","message":"❌ Failed to update inventory:","timestamp":"2026-06-27T19:45:06.317Z"}
{"level":"error","message":"❌ Shopify API Error:","timestamp":"2026-06-27T19:45:06.318Z"}
{"level":"error","message":"❌ Failed to update inventory:","timestamp":"2026-06-27T19:45:06.323Z"}
{"level":"error","message":"❌ Shopify API Error:","timestamp":"2026-06-27T19:45:06.323Z"}
{"level":"error","message":"❌ Failed to update inventory:","timestamp":"2026-06-27T19:45:06.350Z"}
{"level":"error","message":"❌ Shopify API Error:","timestamp":"2026-06-27T19:45:06.350Z"}
{"level":"error","message":"❌ Failed to update inventory:","timestamp":"2026-06-27T19:45:06.403Z"}
{"level":"error","message":"❌ Shopify API Error:","timestamp":"2026-06-27T19:45:06.406Z"}
{"level":"error","message":"❌ Failed to update inventory:","timestamp":"2026-06-27T19:45:06.799Z"}
{"level":"error","message":"❌ Shopify API Error:","timestamp":"2026-06-27T19:45:06.800Z"}
{"level":"error","message":"❌ Sync inventory error:","timestamp":"2026-06-27T19:45:06.800Z"}
{"level":"error","message":"❌ Failed to update inventory:","timestamp":"2026-06-27T19:45:06.813Z"}
{"level":"error","message":"❌ Shopify API Error:","timestamp":"2026-06-27T19:45:06.813Z"}
{"level":"error","message":"❌ Failed to update inventory:","timestamp":"2026-06-27T19:45:06.815Z"}
{"level":"error","message":"❌ Shopify API Error:","timestamp":"2026-06-27T19:45:06.815Z"}
{"level":"error","message":"❌ Failed to update inventory:","timestamp":"2026-06-27T19:45:06.816Z"}
{"level":"error","message":"❌ Shopify API Error:","timestamp":"2026-06-27T19:45:06.817Z"}
{"level":"error","message":"❌ Failed to update inventory:","timestamp":"2026-06-27T19:45:06.818Z"}
{"level":"error","message":"❌ Shopify API Error:","timestamp":"2026-06-27T19:45:06.818Z"}
{"level":"error","message":"❌ Failed to update inventory:","timestamp":"2026-06-27T19:45:06.876Z"}
{"level":"error","message":"❌ Shopify API Error:","timestamp":"2026-06-27T19:45:06.876Z"}
{"level":"error","message":"❌ Failed to update inventory:","timestamp":"2026-06-27T19:45:07.276Z"}
{"level":"error","message":"❌ Shopify API Error:","timestamp":"2026-06-27T19:45:07.276Z"}
{"level":"error","message":"❌ Sync inventory error:","timestamp":"2026-06-27T19:45:07.277Z"}
{"level":"error","message":"❌ Failed to update inventory:","timestamp":"2026-06-27T19:45:07.454Z"}
{"level":"error","message":"❌ Shopify API Error:","timestamp":"2026-06-27T19:45:07.454Z"}
{"level":"error","message":"❌ Failed to update inventory:","timestamp":"2026-06-27T19:45:07.751Z"}
{"level":"error","message":"❌ Shopify API Error:","timestamp":"2026-06-27T19:45:07.751Z"}
{"level":"error","message":"❌ Sync inventory error:","timestamp":"2026-06-27T19:45:07.751Z"}
{"level":"error","message":"❌ Failed to update inventory:","timestamp":"2026-06-27T19:45:07.753Z"}
{"level":"error","message":"❌ Shopify API Error:","timestamp":"2026-06-27T19:45:07.753Z"}
{"level":"error","message":"❌ Failed to update inventory:","timestamp":"2026-06-27T19:45:07.756Z"}
{"level":"error","message":"❌ Shopify API Error:","timestamp":"2026-06-27T19:45:07.757Z"}
{"level":"error","message":"❌ Failed to update inventory:","timestamp":"2026-06-27T19:45:07.826Z"}
{"level":"error","message":"❌ Shopify API Error:","timestamp":"2026-06-27T19:45:07.826Z"}
{"level":"error","message":"❌ Failed to update inventory:","timestamp":"2026-06-27T19:45:08.258Z"}
{"level":"error","message":"❌ Shopify API Error:","timestamp":"2026-06-27T19:45:08.258Z"}
{"level":"error","message":"❌ Sync inventory error:","timestamp":"2026-06-27T19:45:08.259Z"}
{"level":"error","message":"❌ Failed to update inventory:","timestamp":"2026-06-27T19:45:08.378Z"}
{"level":"error","message":"❌ Shopify API Error:","timestamp":"2026-06-27T19:45:08.378Z"}
{"level":"error","message":"❌ Failed to update inventory:","timestamp":"2026-06-27T19:45:08.751Z"}
{"level":"error","message":"❌ Shopify API Error:","timestamp":"2026-06-27T19:45:08.754Z"}
{"level":"error","message":"❌ Sync inventory error:","timestamp":"2026-06-27T19:45:08.754Z"}
{"level":"error","message":"❌ Failed to update inventory:","timestamp":"2026-06-27T19:45:08.756Z"}
{"level":"error","message":"❌ Shopify API Error:","timestamp":"2026-06-27T19:45:08.756Z"}
{"level":"error","message":"❌ Failed to update inventory:","timestamp":"2026-06-27T19:45:08.816Z"}
{"level":"error","message":"❌ Shopify API Error:","timestamp":"2026-06-27T19:45:08.816Z"}
{"level":"error","message":"❌ Failed to update inventory:","timestamp":"2026-06-27T19:45:09.273Z"}
{"level":"error","message":"❌ Shopify API Error:","timestamp":"2026-06-27T19:45:09.273Z"}
{"level":"error","message":"❌ Sync inventory error:","timestamp":"2026-06-27T19:45:09.273Z"}
{"level":"error","message":"❌ Failed to update inventory:","timestamp":"2026-06-27T19:45:09.286Z"}
{"level":"error","message":"❌ Shopify API Error:","timestamp":"2026-06-27T19:45:09.287Z"}
{"level":"error","message":"❌ Failed to update inventory:","timestamp":"2026-06-27T19:45:09.303Z"}
{"level":"error","message":"❌ Shopify API Error:","timestamp":"2026-06-27T19:45:09.303Z"}
{"level":"error","message":"❌ Failed to update inventory:","timestamp":"2026-06-27T19:45:09.353Z"}
{"level":"error","message":"❌ Shopify API Error:","timestamp":"2026-06-27T19:45:09.354Z"}
{"level":"error","message":"❌ Failed to update inventory:","timestamp":"2026-06-27T19:45:09.790Z"}
{"level":"error","message":"❌ Shopify API Error:","timestamp":"2026-06-27T19:45:09.791Z"}
{"level":"error","message":"❌ Sync inventory error:","timestamp":"2026-06-27T19:45:09.791Z"}
{"level":"error","message":"❌ Failed to update inventory:","timestamp":"2026-06-27T19:45:09.793Z"}
{"level":"error","message":"❌ Shopify API Error:","timestamp":"2026-06-27T19:45:09.794Z"}
{"level":"error","message":"❌ Failed to update inventory:","timestamp":"2026-06-27T19:45:09.795Z"}
{"level":"error","message":"❌ Shopify API Error:","timestamp":"2026-06-27T19:45:09.800Z"}
{"level":"error","message":"❌ Failed to update inventory:","timestamp":"2026-06-27T19:45:09.802Z"}
{"level":"error","message":"❌ Shopify API Error:","timestamp":"2026-06-27T19:45:09.803Z"}
{"level":"error","message":"❌ Failed to update inventory:","timestamp":"2026-06-27T19:45:09.808Z"}
{"level":"error","message":"❌ Shopify API Error:","timestamp":"2026-06-27T19:45:09.809Z"}
{"level":"error","message":"❌ Failed to update inventory:","timestamp":"2026-06-27T19:45:09.841Z"}
{"level":"error","message":"❌ Shopify API Error:","timestamp":"2026-06-27T19:45:09.842Z"}
{"level":"error","message":"❌ Failed to update inventory:","timestamp":"2026-06-27T19:45:10.301Z"}
{"level":"error","message":"❌ Shopify API Error:","timestamp":"2026-06-27T19:45:10.301Z"}
{"level":"error","message":"❌ Sync inventory error:","timestamp":"2026-06-27T19:45:10.301Z"}
{"level":"error","message":"❌ Failed to update inventory:","timestamp":"2026-06-27T19:45:10.303Z"}
{"level":"error","message":"❌ Shopify API Error:","timestamp":"2026-06-27T19:45:10.303Z"}
{"level":"error","message":"❌ Failed to update inventory:","timestamp":"2026-06-27T19:45:10.324Z"}
{"level":"error","message":"❌ Shopify API Error:","timestamp":"2026-06-27T19:45:10.324Z"}
{"level":"error","message":"❌ Failed to update inventory:","timestamp":"2026-06-27T19:45:10.351Z"}
{"level":"error","message":"❌ Shopify API Error:","timestamp":"2026-06-27T19:45:10.351Z"}
{"level":"error","message":"❌ Failed to update inventory:","timestamp":"2026-06-27T19:45:10.352Z"}
{"level":"error","message":"❌ Shopify API Error:","timestamp":"2026-06-27T19:45:10.352Z"}
{"level":"error","message":"❌ Failed to update inventory:","timestamp":"2026-06-27T19:45:10.785Z"}
{"level":"error","message":"❌ Shopify API Error:","timestamp":"2026-06-27T19:45:10.785Z"}
{"level":"error","message":"❌ Sync inventory error:","timestamp":"2026-06-27T19:45:10.786Z"}
{"level":"error","message":"❌ Failed to update inventory:","timestamp":"2026-06-27T19:45:10.789Z"}
{"level":"error","message":"❌ Shopify API Error:","timestamp":"2026-06-27T19:45:10.789Z"}
{"level":"error","message":"❌ Failed to update inventory:","timestamp":"2026-06-27T19:45:10.799Z"}
{"level":"error","message":"❌ Shopify API Error:","timestamp":"2026-06-27T19:45:10.802Z"}
{"level":"error","message":"❌ Failed to update inventory:","timestamp":"2026-06-27T19:45:10.804Z"}
{"level":"error","message":"❌ Shopify API Error:","timestamp":"2026-06-27T19:45:10.804Z"}
{"level":"error","message":"❌ Failed to update inventory:","timestamp":"2026-06-27T19:45:10.818Z"}
{"level":"error","message":"❌ Shopify API Error:","timestamp":"2026-06-27T19:45:10.819Z"}
{"level":"error","message":"❌ Failed to update inventory:","timestamp":"2026-06-27T19:45:10.842Z"}
{"level":"error","message":"❌ Shopify API Error:","timestamp":"2026-06-27T19:45:10.842Z"}
{"level":"error","message":"❌ Failed to update inventory:","timestamp":"2026-06-27T19:45:11.274Z"}
{"level":"error","message":"❌ Shopify API Error:","timestamp":"2026-06-27T19:45:11.274Z"}
{"level":"error","message":"❌ Sync inventory error:","timestamp":"2026-06-27T19:45:11.274Z"}
{"level":"error","message":"❌ Failed to update inventory:","timestamp":"2026-06-27T19:45:11.282Z"}
{"level":"error","message":"❌ Shopify API Error:","timestamp":"2026-06-27T19:45:11.282Z"}
{"level":"error","message":"❌ Failed to update inventory:","timestamp":"2026-06-27T19:45:11.284Z"}
{"level":"error","message":"❌ Shopify API Error:","timestamp":"2026-06-27T19:45:11.291Z"}
{"level":"error","message":"❌ Failed to update inventory:","timestamp":"2026-06-27T19:45:11.315Z"}
{"level":"error","message":"❌ Shopify API Error:","timestamp":"2026-06-27T19:45:11.315Z"}
{"level":"error","message":"❌ Failed to update inventory:","timestamp":"2026-06-27T19:45:11.316Z"}
{"level":"error","message":"❌ Shopify API Error:","timestamp":"2026-06-27T19:45:11.317Z"}
{"level":"error","message":"❌ Failed to update inventory:","timestamp":"2026-06-27T19:45:11.336Z"}
{"level":"error","message":"❌ Shopify API Error:","timestamp":"2026-06-27T19:45:11.336Z"}
{"level":"error","message":"❌ Failed to update inventory:","timestamp":"2026-06-27T19:45:11.781Z"}
{"level":"error","message":"❌ Shopify API Error:","timestamp":"2026-06-27T19:45:11.781Z"}
{"level":"error","message":"❌ Sync inventory error:","timestamp":"2026-06-27T19:45:11.781Z"}
{"level":"error","message":"❌ Failed to update inventory:","timestamp":"2026-06-27T19:45:11.783Z"}
{"level":"error","message":"❌ Shopify API Error:","timestamp":"2026-06-27T19:45:11.784Z"}
{"level":"error","message":"❌ Failed to update inventory:","timestamp":"2026-06-27T19:45:11.791Z"}
{"level":"error","message":"❌ Shopify API Error:","timestamp":"2026-06-27T19:45:11.791Z"}
{"level":"error","message":"❌ Failed to update inventory:","timestamp":"2026-06-27T19:45:11.792Z"}
{"level":"error","message":"❌ Shopify API Error:","timestamp":"2026-06-27T19:45:11.792Z"}
{"level":"error","message":"❌ Failed to update inventory:","timestamp":"2026-06-27T19:45:11.795Z"}
{"level":"error","message":"❌ Shopify API Error:","timestamp":"2026-06-27T19:45:11.796Z"}
{"level":"error","message":"❌ Failed to update inventory:","timestamp":"2026-06-27T19:45:11.877Z"}
{"level":"error","message":"❌ Shopify API Error:","timestamp":"2026-06-27T19:45:11.877Z"}
{"level":"error","message":"❌ Failed to update inventory:","timestamp":"2026-06-27T19:45:12.264Z"}
{"level":"error","message":"❌ Shopify API Error:","timestamp":"2026-06-27T19:45:12.265Z"}
{"level":"error","message":"❌ Sync inventory error:","timestamp":"2026-06-27T19:45:12.265Z"}
{"level":"error","message":"❌ Failed to update inventory:","timestamp":"2026-06-27T19:45:12.274Z"}
{"level":"error","message":"❌ Shopify API Error:","timestamp":"2026-06-27T19:45:12.275Z"}
{"level":"error","message":"❌ Failed to update inventory:","timestamp":"2026-06-27T19:45:12.276Z"}
{"level":"error","message":"❌ Shopify API Error:","timestamp":"2026-06-27T19:45:12.277Z"}
{"level":"error","message":"❌ Failed to update inventory:","timestamp":"2026-06-27T19:45:12.278Z"}
{"level":"error","message":"❌ Shopify API Error:","timestamp":"2026-06-27T19:45:12.279Z"}
{"level":"error","message":"❌ Failed to update inventory:","timestamp":"2026-06-27T19:45:12.289Z"}
{"level":"error","message":"❌ Shopify API Error:","timestamp":"2026-06-27T19:45:12.290Z"}
{"level":"error","message":"❌ Failed to update inventory:","timestamp":"2026-06-27T19:45:12.332Z"}
{"level":"error","message":"❌ Shopify API Error:","timestamp":"2026-06-27T19:45:12.333Z"}
{"level":"error","message":"❌ Failed to update inventory:","timestamp":"2026-06-27T19:45:12.739Z"}
{"level":"error","message":"❌ Shopify API Error:","timestamp":"2026-06-27T19:45:12.739Z"}
{"level":"error","message":"❌ Sync inventory error:","timestamp":"2026-06-27T19:45:12.739Z"}
{"level":"error","message":"❌ Failed to update inventory:","timestamp":"2026-06-27T19:45:12.753Z"}
{"level":"error","message":"❌ Shopify API Error:","timestamp":"2026-06-27T19:45:12.754Z"}
{"level":"error","message":"❌ Failed to update inventory:","timestamp":"2026-06-27T19:45:12.764Z"}
{"level":"error","message":"❌ Shopify API Error:","timestamp":"2026-06-27T19:45:12.764Z"}
{"level":"error","message":"❌ Failed to update inventory:","timestamp":"2026-06-27T19:45:12.770Z"}
{"level":"error","message":"❌ Shopify API Error:","timestamp":"2026-06-27T19:45:12.771Z"}
{"level":"error","message":"❌ Failed to update inventory:","timestamp":"2026-06-27T19:45:12.772Z"}
{"level":"error","message":"❌ Shopify API Error:","timestamp":"2026-06-27T19:45:12.773Z"}
{"level":"error","message":"❌ Failed to update inventory:","timestamp":"2026-06-27T19:45:12.797Z"}
{"level":"error","message":"❌ Shopify API Error:","timestamp":"2026-06-27T19:45:12.797Z"}
{"level":"error","message":"❌ Failed to update inventory:","timestamp":"2026-06-27T19:45:13.214Z"}
{"level":"error","message":"❌ Shopify API Error:","timestamp":"2026-06-27T19:45:13.214Z"}
{"level":"error","message":"❌ Sync inventory error:","timestamp":"2026-06-27T19:45:13.214Z"}
{"level":"error","message":"❌ Failed to update inventory:","timestamp":"2026-06-27T19:45:13.222Z"}
{"level":"error","message":"❌ Shopify API Error:","timestamp":"2026-06-27T19:45:13.223Z"}
{"level":"error","message":"❌ Failed to update inventory:","timestamp":"2026-06-27T19:45:13.225Z"}
{"level":"error","message":"❌ Shopify API Error:","timestamp":"2026-06-27T19:45:13.226Z"}
{"level":"error","message":"❌ Failed to update inventory:","timestamp":"2026-06-27T19:45:13.229Z"}
{"level":"error","message":"❌ Shopify API Error:","timestamp":"2026-06-27T19:45:13.229Z"}
{"level":"error","message":"❌ Failed to update inventory:","timestamp":"2026-06-27T19:45:13.234Z"}
{"level":"error","message":"❌ Shopify API Error:","timestamp":"2026-06-27T19:45:13.237Z"}
{"level":"error","message":"❌ Failed to update inventory:","timestamp":"2026-06-27T19:45:13.282Z"}
{"level":"error","message":"❌ Shopify API Error:","timestamp":"2026-06-27T19:45:13.283Z"}
{"level":"error","message":"❌ Failed to get product 10281715138843:","timestamp":"2026-06-27T19:45:13.478Z"}
{"level":"error","message":"❌ Failed to update inventory:","timestamp":"2026-06-27T19:45:13.952Z"}
{"level":"error","message":"❌ Shopify API Error:","timestamp":"2026-06-27T19:45:13.953Z"}
{"level":"error","message":"❌ Sync inventory error:","timestamp":"2026-06-27T19:45:13.953Z"}
{"level":"error","message":"❌ Failed to update inventory:","timestamp":"2026-06-27T19:45:13.957Z"}
{"level":"error","message":"❌ Shopify API Error:","timestamp":"2026-06-27T19:45:13.957Z"}
{"level":"error","message":"❌ Failed to update inventory:","timestamp":"2026-06-27T19:45:13.976Z"}
{"level":"error","message":"❌ Shopify API Error:","timestamp":"2026-06-27T19:45:13.978Z"}
{"level":"error","message":"❌ Failed to update inventory:","timestamp":"2026-06-27T19:45:13.979Z"}
{"level":"error","message":"❌ Shopify API Error:","timestamp":"2026-06-27T19:45:13.980Z"}
{"level":"error","message":"❌ Failed to update inventory:","timestamp":"2026-06-27T19:45:14.029Z"}
{"level":"error","message":"❌ Shopify API Error:","timestamp":"2026-06-27T19:45:14.029Z"}
{"level":"error","message":"❌ Failed to get product 10281716678939:","timestamp":"2026-06-27T19:45:14.185Z"}
{"level":"error","message":"❌ Failed to update inventory:","timestamp":"2026-06-27T19:45:14.294Z"}
{"level":"error","message":"❌ Shopify API Error:","timestamp":"2026-06-27T19:45:14.295Z"}
{"level":"error","message":"❌ Failed to get product 10281715794203:","timestamp":"2026-06-27T19:45:14.421Z"}
{"level":"error","message":"❌ Failed to update inventory:","timestamp":"2026-06-27T19:45:14.888Z"}
{"level":"error","message":"❌ Shopify API Error:","timestamp":"2026-06-27T19:45:14.888Z"}
{"level":"error","message":"❌ Sync inventory error:","timestamp":"2026-06-27T19:45:14.889Z"}
{"level":"error","message":"❌ Failed to update inventory:","timestamp":"2026-06-27T19:45:14.896Z"}
{"level":"error","message":"❌ Shopify API Error:","timestamp":"2026-06-27T19:45:14.896Z"}
{"level":"error","message":"❌ Failed to update inventory:","timestamp":"2026-06-27T19:45:14.899Z"}
{"level":"error","message":"❌ Shopify API Error:","timestamp":"2026-06-27T19:45:14.900Z"}
{"level":"error","message":"❌ Failed to update inventory:","timestamp":"2026-06-27T19:45:14.905Z"}
{"level":"error","message":"❌ Shopify API Error:","timestamp":"2026-06-27T19:45:14.905Z"}
{"level":"error","message":"❌ Failed to update inventory:","timestamp":"2026-06-27T19:45:14.970Z"}
{"level":"error","message":"❌ Shopify API Error:","timestamp":"2026-06-27T19:45:14.974Z"}
{"level":"error","message":"❌ Failed to get product 10278835781915:","timestamp":"2026-06-27T19:45:15.113Z"}
{"level":"error","message":"❌ Failed to get product 10285244842267:","timestamp":"2026-06-27T19:45:15.352Z"}
{"level":"error","message":"❌ Failed to update inventory:","timestamp":"2026-06-27T19:45:15.524Z"}
{"level":"error","message":"❌ Shopify API Error:","timestamp":"2026-06-27T19:45:15.524Z"}
{"level":"error","message":"❌ Failed to get product 10285236715803:","timestamp":"2026-06-27T19:45:15.795Z"}
{"level":"error","message":"❌ Failed to update inventory:","timestamp":"2026-06-27T19:45:16.280Z"}
{"level":"error","message":"❌ Shopify API Error:","timestamp":"2026-06-27T19:45:16.281Z"}
{"level":"error","message":"❌ Sync inventory error:","timestamp":"2026-06-27T19:45:16.282Z"}
{"level":"error","message":"❌ Failed to update inventory:","timestamp":"2026-06-27T19:45:16.286Z"}
{"level":"error","message":"❌ Shopify API Error:","timestamp":"2026-06-27T19:45:16.287Z"}
{"level":"error","message":"❌ Failed to update inventory:","timestamp":"2026-06-27T19:45:16.314Z"}
{"level":"error","message":"❌ Shopify API Error:","timestamp":"2026-06-27T19:45:16.321Z"}
{"level":"error","message":"❌ Failed to update inventory:","timestamp":"2026-06-27T19:45:16.323Z"}
{"level":"error","message":"❌ Shopify API Error:","timestamp":"2026-06-27T19:45:16.324Z"}
{"level":"error","message":"❌ Failed to update inventory:","timestamp":"2026-06-27T19:45:16.325Z"}
{"level":"error","message":"❌ Shopify API Error:","timestamp":"2026-06-27T19:45:16.330Z"}
{"level":"error","message":"❌ Failed to update inventory:","timestamp":"2026-06-27T19:45:16.803Z"}
{"level":"error","message":"❌ Shopify API Error:","timestamp":"2026-06-27T19:45:16.804Z"}
{"level":"error","message":"❌ Sync inventory error:","timestamp":"2026-06-27T19:45:16.804Z"}
{"level":"error","message":"❌ Failed to update inventory:","timestamp":"2026-06-27T19:45:16.806Z"}
{"level":"error","message":"❌ Shopify API Error:","timestamp":"2026-06-27T19:45:16.806Z"}
{"level":"error","message":"❌ Failed to update inventory:","timestamp":"2026-06-27T19:45:16.809Z"}
{"level":"error","message":"❌ Shopify API Error:","timestamp":"2026-06-27T19:45:16.810Z"}
{"level":"error","message":"❌ Failed to update inventory:","timestamp":"2026-06-27T19:45:16.812Z"}
{"level":"error","message":"❌ Shopify API Error:","timestamp":"2026-06-27T19:45:16.812Z"}
{"level":"error","message":"❌ Failed to update inventory:","timestamp":"2026-06-27T19:45:16.818Z"}
{"level":"error","message":"❌ Shopify API Error:","timestamp":"2026-06-27T19:45:16.820Z"}
{"level":"error","message":"❌ Failed to update inventory:","timestamp":"2026-06-27T19:45:17.287Z"}
{"level":"error","message":"❌ Shopify API Error:","timestamp":"2026-06-27T19:45:17.289Z"}
{"level":"error","message":"❌ Sync inventory error:","timestamp":"2026-06-27T19:45:17.289Z"}
{"level":"error","message":"❌ Failed to update inventory:","timestamp":"2026-06-27T19:45:17.305Z"}
{"level":"error","message":"❌ Shopify API Error:","timestamp":"2026-06-27T19:45:17.305Z"}
{"level":"error","message":"❌ Failed to update inventory:","timestamp":"2026-06-27T19:45:17.307Z"}
{"level":"error","message":"❌ Shopify API Error:","timestamp":"2026-06-27T19:45:17.313Z"}
{"level":"error","message":"❌ Failed to update inventory:","timestamp":"2026-06-27T19:45:17.322Z"}
{"level":"error","message":"❌ Shopify API Error:","timestamp":"2026-06-27T19:45:17.322Z"}
{"level":"error","message":"❌ Failed to get product 10279462207771:","timestamp":"2026-06-27T19:45:17.574Z"}
{"level":"error","message":"❌ Failed to update inventory:","timestamp":"2026-06-27T19:45:17.761Z"}
{"level":"error","message":"❌ Shopify API Error:","timestamp":"2026-06-27T19:45:17.782Z"}
{"level":"error","message":"❌ Failed to get product 10279446708507:","timestamp":"2026-06-27T19:45:17.808Z"}
{"level":"error","message":"❌ Failed to update inventory:","timestamp":"2026-06-27T19:45:18.280Z"}
{"level":"error","message":"❌ Shopify API Error:","timestamp":"2026-06-27T19:45:18.281Z"}
{"level":"error","message":"❌ Sync inventory error:","timestamp":"2026-06-27T19:45:18.281Z"}
{"level":"error","message":"❌ Failed to update inventory:","timestamp":"2026-06-27T19:45:18.289Z"}
{"level":"error","message":"❌ Shopify API Error:","timestamp":"2026-06-27T19:45:18.289Z"}
{"level":"error","message":"❌ Failed to update inventory:","timestamp":"2026-06-27T19:45:18.294Z"}
{"level":"error","message":"❌ Shopify API Error:","timestamp":"2026-06-27T19:45:18.294Z"}
{"level":"error","message":"❌ Failed to update inventory:","timestamp":"2026-06-27T19:45:18.314Z"}
{"level":"error","message":"❌ Shopify API Error:","timestamp":"2026-06-27T19:45:18.315Z"}
{"level":"error","message":"❌ Failed to update inventory:","timestamp":"2026-06-27T19:45:18.332Z"}
{"level":"error","message":"❌ Shopify API Error:","timestamp":"2026-06-27T19:45:18.333Z"}
{"level":"error","message":"❌ Failed to update inventory:","timestamp":"2026-06-27T19:45:18.754Z"}
{"level":"error","message":"❌ Shopify API Error:","timestamp":"2026-06-27T19:45:18.754Z"}
{"level":"error","message":"❌ Sync inventory error:","timestamp":"2026-06-27T19:45:18.755Z"}
{"level":"error","message":"❌ Failed to update inventory:","timestamp":"2026-06-27T19:45:18.761Z"}
{"level":"error","message":"❌ Shopify API Error:","timestamp":"2026-06-27T19:45:18.762Z"}
{"level":"error","message":"❌ Failed to update inventory:","timestamp":"2026-06-27T19:45:18.763Z"}
{"level":"error","message":"❌ Shopify API Error:","timestamp":"2026-06-27T19:45:18.763Z"}
{"level":"error","message":"❌ Failed to update inventory:","timestamp":"2026-06-27T19:45:18.765Z"}
{"level":"error","message":"❌ Shopify API Error:","timestamp":"2026-06-27T19:45:18.766Z"}
{"level":"error","message":"❌ Failed to update inventory:","timestamp":"2026-06-27T19:45:18.772Z"}
{"level":"error","message":"❌ Shopify API Error:","timestamp":"2026-06-27T19:45:18.773Z"}
{"level":"error","message":"❌ Failed to update inventory:","timestamp":"2026-06-27T19:45:19.230Z"}
{"level":"error","message":"❌ Shopify API Error:","timestamp":"2026-06-27T19:45:19.230Z"}
{"level":"error","message":"❌ Sync inventory error:","timestamp":"2026-06-27T19:45:19.230Z"}
{"level":"error","message":"❌ Failed to update inventory:","timestamp":"2026-06-27T19:45:19.232Z"}
{"level":"error","message":"❌ Shopify API Error:","timestamp":"2026-06-27T19:45:19.232Z"}
{"level":"error","message":"❌ Failed to update inventory:","timestamp":"2026-06-27T19:45:19.234Z"}
{"level":"error","message":"❌ Shopify API Error:","timestamp":"2026-06-27T19:45:19.234Z"}
{"level":"error","message":"❌ Failed to update inventory:","timestamp":"2026-06-27T19:45:19.241Z"}
{"level":"error","message":"❌ Shopify API Error:","timestamp":"2026-06-27T19:45:19.241Z"}
{"level":"error","message":"❌ Failed to get product 10284332220699:","timestamp":"2026-06-27T19:45:19.479Z"}
{"level":"error","message":"❌ Failed to update inventory:","timestamp":"2026-06-27T19:45:19.563Z"}
{"level":"error","message":"❌ Shopify API Error:","timestamp":"2026-06-27T19:45:19.563Z"}
{"level":"error","message":"❌ Failed to update inventory:","timestamp":"2026-06-27T19:45:19.957Z"}
{"level":"error","message":"❌ Shopify API Error:","timestamp":"2026-06-27T19:45:19.958Z"}
{"level":"error","message":"❌ Sync inventory error:","timestamp":"2026-06-27T19:45:19.958Z"}
{"level":"error","message":"❌ Failed to update inventory:","timestamp":"2026-06-27T19:45:19.966Z"}
{"level":"error","message":"❌ Shopify API Error:","timestamp":"2026-06-27T19:45:19.966Z"}
{"level":"error","message":"❌ Failed to update inventory:","timestamp":"2026-06-27T19:45:19.974Z"}
{"level":"error","message":"❌ Shopify API Error:","timestamp":"2026-06-27T19:45:19.974Z"}
{"level":"error","message":"❌ Failed to update inventory:","timestamp":"2026-06-27T19:45:19.982Z"}
{"level":"error","message":"❌ Shopify API Error:","timestamp":"2026-06-27T19:45:19.982Z"}
{"level":"error","message":"❌ Failed to get product 10284324552987:","timestamp":"2026-06-27T19:45:20.204Z"}
{"level":"error","message":"❌ Failed to update inventory:","timestamp":"2026-06-27T19:45:20.250Z"}
{"level":"error","message":"❌ Shopify API Error:","timestamp":"2026-06-27T19:45:20.251Z"}
{"level":"error","message":"❌ Failed to get product 10247421002011:","timestamp":"2026-06-27T19:45:20.447Z"}
{"level":"error","message":"❌ Failed to update inventory:","timestamp":"2026-06-27T19:45:20.948Z"}
{"level":"error","message":"❌ Shopify API Error:","timestamp":"2026-06-27T19:45:20.948Z"}
{"level":"error","message":"❌ Sync inventory error:","timestamp":"2026-06-27T19:45:20.949Z"}
{"level":"error","message":"❌ Failed to update inventory:","timestamp":"2026-06-27T19:45:20.950Z"}
{"level":"error","message":"❌ Shopify API Error:","timestamp":"2026-06-27T19:45:20.950Z"}
{"level":"error","message":"❌ Failed to update inventory:","timestamp":"2026-06-27T19:45:20.952Z"}
{"level":"error","message":"❌ Shopify API Error:","timestamp":"2026-06-27T19:45:20.953Z"}
{"level":"error","message":"❌ Failed to update inventory:","timestamp":"2026-06-27T19:45:21.441Z"}
{"level":"error","message":"❌ Shopify API Error:","timestamp":"2026-06-27T19:45:21.441Z"}
{"level":"error","message":"❌ Sync inventory error:","timestamp":"2026-06-27T19:45:21.441Z"}
{"level":"error","message":"❌ Failed to update inventory:","timestamp":"2026-06-27T19:45:21.444Z"}
{"level":"error","message":"❌ Shopify API Error:","timestamp":"2026-06-27T19:45:21.444Z"}
{"level":"error","message":"❌ Failed to update inventory:","timestamp":"2026-06-27T19:45:21.445Z"}
{"level":"error","message":"❌ Shopify API Error:","timestamp":"2026-06-27T19:45:21.445Z"}
{"level":"error","message":"❌ Failed to update inventory:","timestamp":"2026-06-27T19:45:21.446Z"}
{"level":"error","message":"❌ Shopify API Error:","timestamp":"2026-06-27T19:45:21.446Z"}
{"level":"error","message":"❌ Failed to update inventory:","timestamp":"2026-06-27T19:45:21.451Z"}
{"level":"error","message":"❌ Shopify API Error:","timestamp":"2026-06-27T19:45:21.451Z"}
{"level":"error","message":"❌ Failed to update inventory:","timestamp":"2026-06-27T19:45:21.917Z"}
{"level":"error","message":"❌ Shopify API Error:","timestamp":"2026-06-27T19:45:21.917Z"}
{"level":"error","message":"❌ Sync inventory error:","timestamp":"2026-06-27T19:45:21.917Z"}
{"level":"error","message":"❌ Failed to update inventory:","timestamp":"2026-06-27T19:45:21.931Z"}
{"level":"error","message":"❌ Shopify API Error:","timestamp":"2026-06-27T19:45:21.932Z"}
{"level":"error","message":"❌ Failed to update inventory:","timestamp":"2026-06-27T19:45:21.933Z"}
{"level":"error","message":"❌ Shopify API Error:","timestamp":"2026-06-27T19:45:21.934Z"}
{"level":"error","message":"❌ Failed to update inventory:","timestamp":"2026-06-27T19:45:21.941Z"}
{"level":"error","message":"❌ Shopify API Error:","timestamp":"2026-06-27T19:45:21.941Z"}
{"level":"error","message":"❌ Failed to update inventory:","timestamp":"2026-06-27T19:45:22.395Z"}
{"level":"error","message":"❌ Shopify API Error:","timestamp":"2026-06-27T19:45:22.395Z"}
{"level":"error","message":"❌ Sync inventory error:","timestamp":"2026-06-27T19:45:22.396Z"}
{"level":"error","message":"❌ Failed to update inventory:","timestamp":"2026-06-27T19:45:22.409Z"}
{"level":"error","message":"❌ Shopify API Error:","timestamp":"2026-06-27T19:45:22.409Z"}
{"level":"error","message":"❌ Failed to update inventory:","timestamp":"2026-06-27T19:45:22.412Z"}
{"level":"error","message":"❌ Shopify API Error:","timestamp":"2026-06-27T19:45:22.413Z"}
{"level":"error","message":"❌ Failed to update inventory:","timestamp":"2026-06-27T19:45:22.869Z"}
{"level":"error","message":"❌ Shopify API Error:","timestamp":"2026-06-27T19:45:22.869Z"}
{"level":"error","message":"❌ Sync inventory error:","timestamp":"2026-06-27T19:45:22.869Z"}
{"level":"error","message":"❌ Failed to update inventory:","timestamp":"2026-06-27T19:45:22.872Z"}
{"level":"error","message":"❌ Shopify API Error:","timestamp":"2026-06-27T19:45:22.872Z"}
{"level":"error","message":"❌ Failed to update inventory:","timestamp":"2026-06-27T19:45:22.884Z"}
{"level":"error","message":"❌ Shopify API Error:","timestamp":"2026-06-27T19:45:22.884Z"}
{"level":"error","message":"❌ Failed to update inventory:","timestamp":"2026-06-27T19:45:22.914Z"}
{"level":"error","message":"❌ Shopify API Error:","timestamp":"2026-06-27T19:45:22.914Z"}
{"level":"error","message":"❌ Failed to update inventory:","timestamp":"2026-06-27T19:45:23.367Z"}
{"level":"error","message":"❌ Shopify API Error:","timestamp":"2026-06-27T19:45:23.367Z"}
{"level":"error","message":"❌ Sync inventory error:","timestamp":"2026-06-27T19:45:23.367Z"}
{"level":"error","message":"❌ Failed to update inventory:","timestamp":"2026-06-27T19:45:23.369Z"}
{"level":"error","message":"❌ Shopify API Error:","timestamp":"2026-06-27T19:45:23.370Z"}
{"level":"error","message":"❌ Failed to update inventory:","timestamp":"2026-06-27T19:45:23.370Z"}
{"level":"error","message":"❌ Shopify API Error:","timestamp":"2026-06-27T19:45:23.371Z"}
{"level":"error","message":"❌ Failed to update inventory:","timestamp":"2026-06-27T19:45:23.372Z"}
{"level":"error","message":"❌ Shopify API Error:","timestamp":"2026-06-27T19:45:23.372Z"}
{"level":"error","message":"❌ Failed to update inventory:","timestamp":"2026-06-27T19:45:23.373Z"}
{"level":"error","message":"❌ Shopify API Error:","timestamp":"2026-06-27T19:45:23.373Z"}
{"level":"error","message":"❌ Failed to update inventory:","timestamp":"2026-06-27T19:45:23.388Z"}
{"level":"error","message":"❌ Shopify API Error:","timestamp":"2026-06-27T19:45:23.388Z"}
{"level":"error","message":"❌ Failed to update inventory:","timestamp":"2026-06-27T19:45:23.843Z"}
{"level":"error","message":"❌ Shopify API Error:","timestamp":"2026-06-27T19:45:23.844Z"}
{"level":"error","message":"❌ Sync inventory error:","timestamp":"2026-06-27T19:45:23.844Z"}
{"level":"error","message":"❌ Failed to update inventory:","timestamp":"2026-06-27T19:45:23.854Z"}
{"level":"error","message":"❌ Shopify API Error:","timestamp":"2026-06-27T19:45:23.854Z"}
{"level":"error","message":"❌ Failed to update inventory:","timestamp":"2026-06-27T19:45:23.856Z"}
{"level":"error","message":"❌ Shopify API Error:","timestamp":"2026-06-27T19:45:23.857Z"}
{"level":"error","message":"❌ Failed to update inventory:","timestamp":"2026-06-27T19:45:23.860Z"}
{"level":"error","message":"❌ Shopify API Error:","timestamp":"2026-06-27T19:45:23.860Z"}
{"level":"error","message":"❌ Failed to update inventory:","timestamp":"2026-06-27T19:45:24.308Z"}
{"level":"error","message":"❌ Shopify API Error:","timestamp":"2026-06-27T19:45:24.308Z"}
{"level":"error","message":"❌ Sync inventory error:","timestamp":"2026-06-27T19:45:24.309Z"}
{"level":"error","message":"❌ Failed to update inventory:","timestamp":"2026-06-27T19:45:24.316Z"}
{"level":"error","message":"❌ Shopify API Error:","timestamp":"2026-06-27T19:45:24.316Z"}
{"level":"error","message":"❌ Failed to update inventory:","timestamp":"2026-06-27T19:45:24.319Z"}
{"level":"error","message":"❌ Shopify API Error:","timestamp":"2026-06-27T19:45:24.320Z"}
{"level":"error","message":"❌ Failed to update inventory:","timestamp":"2026-06-27T19:45:24.778Z"}
{"level":"error","message":"❌ Shopify API Error:","timestamp":"2026-06-27T19:45:24.778Z"}
{"level":"error","message":"❌ Sync inventory error:","timestamp":"2026-06-27T19:45:24.778Z"}
{"level":"error","message":"❌ Failed to update inventory:","timestamp":"2026-06-27T19:45:24.783Z"}
{"level":"error","message":"❌ Shopify API Error:","timestamp":"2026-06-27T19:45:24.784Z"}
{"level":"error","message":"❌ Failed to update inventory:","timestamp":"2026-06-27T19:45:24.805Z"}
{"level":"error","message":"❌ Shopify API Error:","timestamp":"2026-06-27T19:45:24.817Z"}
{"level":"error","message":"❌ Failed to update inventory:","timestamp":"2026-06-27T19:45:24.829Z"}
{"level":"error","message":"❌ Shopify API Error:","timestamp":"2026-06-27T19:45:24.830Z"}
{"level":"error","message":"❌ Failed to update inventory:","timestamp":"2026-06-27T19:45:25.280Z"}
{"level":"error","message":"❌ Shopify API Error:","timestamp":"2026-06-27T19:45:25.280Z"}
{"level":"error","message":"❌ Sync inventory error:","timestamp":"2026-06-27T19:45:25.281Z"}
{"level":"error","message":"❌ Failed to update inventory:","timestamp":"2026-06-27T19:45:25.288Z"}
{"level":"error","message":"❌ Shopify API Error:","timestamp":"2026-06-27T19:45:25.291Z"}
{"level":"error","message":"❌ Failed to update inventory:","timestamp":"2026-06-27T19:45:25.754Z"}
{"level":"error","message":"❌ Shopify API Error:","timestamp":"2026-06-27T19:45:25.755Z"}
{"level":"error","message":"❌ Sync inventory error:","timestamp":"2026-06-27T19:45:25.755Z"}
{"level":"error","message":"❌ Failed to update inventory:","timestamp":"2026-06-27T19:45:25.758Z"}
{"level":"error","message":"❌ Shopify API Error:","timestamp":"2026-06-27T19:45:25.759Z"}
{"level":"error","message":"❌ Failed to update inventory:","timestamp":"2026-06-27T19:45:25.763Z"}
{"level":"error","message":"❌ Shopify API Error:","timestamp":"2026-06-27T19:45:25.763Z"}
{"level":"error","message":"❌ Failed to update inventory:","timestamp":"2026-06-27T19:45:25.769Z"}
{"level":"error","message":"❌ Shopify API Error:","timestamp":"2026-06-27T19:45:25.769Z"}
{"level":"error","message":"❌ Failed to update inventory:","timestamp":"2026-06-27T19:45:25.770Z"}
{"level":"error","message":"❌ Shopify API Error:","timestamp":"2026-06-27T19:45:25.770Z"}
{"level":"error","message":"❌ Failed to update inventory:","timestamp":"2026-06-27T19:45:26.231Z"}
{"level":"error","message":"❌ Shopify API Error:","timestamp":"2026-06-27T19:45:26.231Z"}
{"level":"error","message":"❌ Sync inventory error:","timestamp":"2026-06-27T19:45:26.231Z"}
{"level":"error","message":"❌ Failed to update inventory:","timestamp":"2026-06-27T19:45:26.234Z"}
{"level":"error","message":"❌ Shopify API Error:","timestamp":"2026-06-27T19:45:26.236Z"}
{"level":"error","message":"❌ Failed to update inventory:","timestamp":"2026-06-27T19:45:26.240Z"}
{"level":"error","message":"❌ Shopify API Error:","timestamp":"2026-06-27T19:45:26.242Z"}
{"level":"error","message":"❌ Failed to update inventory:","timestamp":"2026-06-27T19:45:26.246Z"}
{"level":"error","message":"❌ Shopify API Error:","timestamp":"2026-06-27T19:45:26.247Z"}
{"level":"error","message":"❌ Failed to get product 10278886048027:","timestamp":"2026-06-27T19:45:26.457Z"}
{"level":"error","message":"❌ Failed to update inventory:","timestamp":"2026-06-27T19:45:26.954Z"}
{"level":"error","message":"❌ Shopify API Error:","timestamp":"2026-06-27T19:45:26.955Z"}
{"level":"error","message":"❌ Sync inventory error:","timestamp":"2026-06-27T19:45:26.955Z"}
{"level":"error","message":"❌ Failed to update inventory:","timestamp":"2026-06-27T19:45:26.961Z"}
{"level":"error","message":"❌ Shopify API Error:","timestamp":"2026-06-27T19:45:26.966Z"}
{"level":"error","message":"❌ Failed to update inventory:","timestamp":"2026-06-27T19:45:26.971Z"}
{"level":"error","message":"❌ Shopify API Error:","timestamp":"2026-06-27T19:45:26.972Z"}
{"level":"error","message":"❌ Failed to update inventory:","timestamp":"2026-06-27T19:45:26.973Z"}
{"level":"error","message":"❌ Shopify API Error:","timestamp":"2026-06-27T19:45:26.973Z"}
{"level":"error","message":"❌ Failed to get product 10279412695323:","timestamp":"2026-06-27T19:45:27.207Z"}
{"level":"error","message":"❌ Failed to update inventory:","timestamp":"2026-06-27T19:45:27.367Z"}
{"level":"error","message":"❌ Shopify API Error:","timestamp":"2026-06-27T19:45:27.371Z"}
{"level":"error","message":"❌ Failed to get product 10278500794651:","timestamp":"2026-06-27T19:45:27.437Z"}
{"level":"error","message":"❌ Failed to update inventory:","timestamp":"2026-06-27T19:45:27.882Z"}
{"level":"error","message":"❌ Shopify API Error:","timestamp":"2026-06-27T19:45:27.882Z"}
{"level":"error","message":"❌ Sync inventory error:","timestamp":"2026-06-27T19:45:27.883Z"}
{"level":"error","message":"❌ Failed to update inventory:","timestamp":"2026-06-27T19:45:27.893Z"}
{"level":"error","message":"❌ Shopify API Error:","timestamp":"2026-06-27T19:45:27.894Z"}
{"level":"error","message":"❌ Failed to update inventory:","timestamp":"2026-06-27T19:45:27.900Z"}
{"level":"error","message":"❌ Shopify API Error:","timestamp":"2026-06-27T19:45:27.901Z"}
{"level":"error","message":"❌ Failed to update inventory:","timestamp":"2026-06-27T19:45:27.906Z"}
{"level":"error","message":"❌ Shopify API Error:","timestamp":"2026-06-27T19:45:27.907Z"}
{"level":"error","message":"❌ Failed to update inventory:","timestamp":"2026-06-27T19:45:27.910Z"}
{"level":"error","message":"❌ Shopify API Error:","timestamp":"2026-06-27T19:45:27.911Z"}
{"level":"error","message":"❌ Failed to update inventory:","timestamp":"2026-06-27T19:45:28.371Z"}
{"level":"error","message":"❌ Shopify API Error:","timestamp":"2026-06-27T19:45:28.372Z"}
{"level":"error","message":"❌ Sync inventory error:","timestamp":"2026-06-27T19:45:28.372Z"}
{"level":"error","message":"❌ Failed to update inventory:","timestamp":"2026-06-27T19:45:28.373Z"}
{"level":"error","message":"❌ Shopify API Error:","timestamp":"2026-06-27T19:45:28.373Z"}
{"level":"error","message":"❌ Failed to update inventory:","timestamp":"2026-06-27T19:45:28.376Z"}
{"level":"error","message":"❌ Shopify API Error:","timestamp":"2026-06-27T19:45:28.376Z"}
{"level":"error","message":"❌ Failed to update inventory:","timestamp":"2026-06-27T19:45:28.378Z"}
{"level":"error","message":"❌ Shopify API Error:","timestamp":"2026-06-27T19:45:28.378Z"}
{"level":"error","message":"❌ Failed to update inventory:","timestamp":"2026-06-27T19:45:28.401Z"}
{"level":"error","message":"❌ Shopify API Error:","timestamp":"2026-06-27T19:45:28.401Z"}
{"level":"error","message":"❌ Failed to update inventory:","timestamp":"2026-06-27T19:45:28.851Z"}
{"level":"error","message":"❌ Shopify API Error:","timestamp":"2026-06-27T19:45:28.853Z"}
{"level":"error","message":"❌ Sync inventory error:","timestamp":"2026-06-27T19:45:28.854Z"}
{"level":"error","message":"❌ Failed to update inventory:","timestamp":"2026-06-27T19:45:28.857Z"}
{"level":"error","message":"❌ Shopify API Error:","timestamp":"2026-06-27T19:45:28.858Z"}
{"level":"error","message":"❌ Failed to update inventory:","timestamp":"2026-06-27T19:45:28.864Z"}
{"level":"error","message":"❌ Shopify API Error:","timestamp":"2026-06-27T19:45:28.865Z"}
{"level":"error","message":"❌ Failed to update inventory:","timestamp":"2026-06-27T19:45:28.879Z"}
{"level":"error","message":"❌ Shopify API Error:","timestamp":"2026-06-27T19:45:28.885Z"}
{"level":"error","message":"❌ Failed to get product 10278493847835:","timestamp":"2026-06-27T19:45:29.082Z"}
{"level":"error","message":"❌ Failed to get product 10278459736347:","timestamp":"2026-06-27T19:45:29.318Z"}
{"level":"error","message":"❌ Failed to update inventory:","timestamp":"2026-06-27T19:45:29.565Z"}
{"level":"error","message":"❌ Shopify API Error:","timestamp":"2026-06-27T19:45:29.565Z"}
{"level":"error","message":"❌ Failed to update inventory:","timestamp":"2026-06-27T19:45:29.808Z"}
{"level":"error","message":"❌ Shopify API Error:","timestamp":"2026-06-27T19:45:29.808Z"}
{"level":"error","message":"❌ Sync inventory error:","timestamp":"2026-06-27T19:45:29.808Z"}
{"level":"error","message":"❌ Failed to update inventory:","timestamp":"2026-06-27T19:45:29.813Z"}
{"level":"error","message":"❌ Shopify API Error:","timestamp":"2026-06-27T19:45:29.814Z"}
{"level":"error","message":"❌ Failed to update inventory:","timestamp":"2026-06-27T19:45:29.819Z"}
{"level":"error","message":"❌ Shopify API Error:","timestamp":"2026-06-27T19:45:29.822Z"}
{"level":"error","message":"❌ Failed to update inventory:","timestamp":"2026-06-27T19:45:29.839Z"}
{"level":"error","message":"❌ Shopify API Error:","timestamp":"2026-06-27T19:45:29.840Z"}
{"level":"error","message":"❌ Failed to update inventory:","timestamp":"2026-06-27T19:45:30.296Z"}
{"level":"error","message":"❌ Shopify API Error:","timestamp":"2026-06-27T19:45:30.296Z"}
{"level":"error","message":"❌ Sync inventory error:","timestamp":"2026-06-27T19:45:30.297Z"}
{"level":"error","message":"❌ Failed to update inventory:","timestamp":"2026-06-27T19:45:30.299Z"}
{"level":"error","message":"❌ Shopify API Error:","timestamp":"2026-06-27T19:45:30.299Z"}
{"level":"error","message":"❌ Failed to update inventory:","timestamp":"2026-06-27T19:45:30.301Z"}
{"level":"error","message":"❌ Shopify API Error:","timestamp":"2026-06-27T19:45:30.301Z"}
{"level":"error","message":"❌ Failed to update inventory:","timestamp":"2026-06-27T19:45:30.302Z"}
{"level":"error","message":"❌ Shopify API Error:","timestamp":"2026-06-27T19:45:30.302Z"}
{"level":"error","message":"❌ Failed to update inventory:","timestamp":"2026-06-27T19:45:30.320Z"}
{"level":"error","message":"❌ Shopify API Error:","timestamp":"2026-06-27T19:45:30.320Z"}
{"level":"error","message":"❌ Failed to update inventory:","timestamp":"2026-06-27T19:45:30.321Z"}
{"level":"error","message":"❌ Shopify API Error:","timestamp":"2026-06-27T19:45:30.322Z"}
{"level":"error","message":"❌ Failed to update inventory:","timestamp":"2026-06-27T19:45:30.784Z"}
{"level":"error","message":"❌ Shopify API Error:","timestamp":"2026-06-27T19:45:30.786Z"}
{"level":"error","message":"❌ Sync inventory error:","timestamp":"2026-06-27T19:45:30.786Z"}
{"level":"error","message":"❌ Failed to update inventory:","timestamp":"2026-06-27T19:45:30.788Z"}
{"level":"error","message":"❌ Shopify API Error:","timestamp":"2026-06-27T19:45:30.789Z"}
{"level":"error","message":"❌ Failed to update inventory:","timestamp":"2026-06-27T19:45:30.793Z"}
{"level":"error","message":"❌ Shopify API Error:","timestamp":"2026-06-27T19:45:30.793Z"}
{"level":"error","message":"❌ Failed to update inventory:","timestamp":"2026-06-27T19:45:30.795Z"}
{"level":"error","message":"❌ Shopify API Error:","timestamp":"2026-06-27T19:45:30.795Z"}
{"level":"error","message":"❌ Failed to update inventory:","timestamp":"2026-06-27T19:45:30.796Z"}
{"level":"error","message":"❌ Shopify API Error:","timestamp":"2026-06-27T19:45:30.796Z"}
{"level":"error","message":"❌ Failed to update inventory:","timestamp":"2026-06-27T19:45:30.797Z"}
{"level":"error","message":"❌ Shopify API Error:","timestamp":"2026-06-27T19:45:30.797Z"}
{"level":"error","message":"❌ Failed to update inventory:","timestamp":"2026-06-27T19:45:31.293Z"}
{"level":"error","message":"❌ Shopify API Error:","timestamp":"2026-06-27T19:45:31.293Z"}
{"level":"error","message":"❌ Sync inventory error:","timestamp":"2026-06-27T19:45:31.293Z"}
{"level":"error","message":"❌ Failed to update inventory:","timestamp":"2026-06-27T19:45:31.294Z"}
{"level":"error","message":"❌ Shopify API Error:","timestamp":"2026-06-27T19:45:31.295Z"}
{"level":"error","message":"❌ Failed to update inventory:","timestamp":"2026-06-27T19:45:31.298Z"}
{"level":"error","message":"❌ Shopify API Error:","timestamp":"2026-06-27T19:45:31.299Z"}
{"level":"error","message":"❌ Failed to update inventory:","timestamp":"2026-06-27T19:45:31.313Z"}
{"level":"error","message":"❌ Shopify API Error:","timestamp":"2026-06-27T19:45:31.313Z"}
{"level":"error","message":"❌ Failed to update inventory:","timestamp":"2026-06-27T19:45:31.314Z"}
{"level":"error","message":"❌ Shopify API Error:","timestamp":"2026-06-27T19:45:31.315Z"}
{"level":"error","message":"❌ Failed to update inventory:","timestamp":"2026-06-27T19:45:31.770Z"}
{"level":"error","message":"❌ Shopify API Error:","timestamp":"2026-06-27T19:45:31.770Z"}
{"level":"error","message":"❌ Sync inventory error:","timestamp":"2026-06-27T19:45:31.771Z"}
{"level":"error","message":"❌ Failed to update inventory:","timestamp":"2026-06-27T19:45:31.774Z"}
{"level":"error","message":"❌ Shopify API Error:","timestamp":"2026-06-27T19:45:31.775Z"}
{"level":"error","message":"❌ Failed to update inventory:","timestamp":"2026-06-27T19:45:31.784Z"}
{"level":"error","message":"❌ Shopify API Error:","timestamp":"2026-06-27T19:45:31.785Z"}
{"level":"error","message":"❌ Failed to update inventory:","timestamp":"2026-06-27T19:45:31.801Z"}
{"level":"error","message":"❌ Shopify API Error:","timestamp":"2026-06-27T19:45:31.802Z"}
{"level":"error","message":"❌ Failed to update inventory:","timestamp":"2026-06-27T19:45:31.803Z"}
{"level":"error","message":"❌ Shopify API Error:","timestamp":"2026-06-27T19:45:31.804Z"}
{"level":"error","message":"❌ Failed to update inventory:","timestamp":"2026-06-27T19:45:32.309Z"}
{"level":"error","message":"❌ Shopify API Error:","timestamp":"2026-06-27T19:45:32.309Z"}
{"level":"error","message":"❌ Sync inventory error:","timestamp":"2026-06-27T19:45:32.310Z"}
{"level":"error","message":"❌ Failed to update inventory:","timestamp":"2026-06-27T19:45:32.312Z"}
{"level":"error","message":"❌ Shopify API Error:","timestamp":"2026-06-27T19:45:32.312Z"}
{"level":"error","message":"❌ Failed to update inventory:","timestamp":"2026-06-27T19:45:32.320Z"}
{"level":"error","message":"❌ Shopify API Error:","timestamp":"2026-06-27T19:45:32.322Z"}
{"level":"error","message":"❌ Failed to update inventory:","timestamp":"2026-06-27T19:45:32.324Z"}
{"level":"error","message":"❌ Shopify API Error:","timestamp":"2026-06-27T19:45:32.324Z"}
{"level":"error","message":"❌ Failed to update inventory:","timestamp":"2026-06-27T19:45:32.325Z"}
{"level":"error","message":"❌ Shopify API Error:","timestamp":"2026-06-27T19:45:32.325Z"}
{"level":"error","message":"❌ Failed to update inventory:","timestamp":"2026-06-27T19:45:32.327Z"}
{"level":"error","message":"❌ Shopify API Error:","timestamp":"2026-06-27T19:45:32.327Z"}
{"level":"error","message":"❌ Failed to update inventory:","timestamp":"2026-06-27T19:45:32.831Z"}
{"level":"error","message":"❌ Shopify API Error:","timestamp":"2026-06-27T19:45:32.831Z"}
{"level":"error","message":"❌ Sync inventory error:","timestamp":"2026-06-27T19:45:32.831Z"}
{"level":"error","message":"❌ Failed to update inventory:","timestamp":"2026-06-27T19:45:32.833Z"}
{"level":"error","message":"❌ Shopify API Error:","timestamp":"2026-06-27T19:45:32.833Z"}
{"level":"error","message":"❌ Failed to update inventory:","timestamp":"2026-06-27T19:45:32.834Z"}
{"level":"error","message":"❌ Shopify API Error:","timestamp":"2026-06-27T19:45:32.834Z"}
{"level":"error","message":"❌ Failed to update inventory:","timestamp":"2026-06-27T19:45:32.858Z"}
{"level":"error","message":"❌ Shopify API Error:","timestamp":"2026-06-27T19:45:32.858Z"}
{"level":"error","message":"❌ Failed to update inventory:","timestamp":"2026-06-27T19:45:32.868Z"}
{"level":"error","message":"❌ Shopify API Error:","timestamp":"2026-06-27T19:45:32.869Z"}
{"level":"error","message":"❌ Failed to update inventory:","timestamp":"2026-06-27T19:45:32.879Z"}
{"level":"error","message":"❌ Shopify API Error:","timestamp":"2026-06-27T19:45:32.880Z"}
{"level":"error","message":"❌ Failed to update inventory:","timestamp":"2026-06-27T19:45:33.292Z"}
{"level":"error","message":"❌ Shopify API Error:","timestamp":"2026-06-27T19:45:33.292Z"}
{"level":"error","message":"❌ Sync inventory error:","timestamp":"2026-06-27T19:45:33.293Z"}
{"level":"error","message":"❌ Failed to update inventory:","timestamp":"2026-06-27T19:45:33.297Z"}
{"level":"error","message":"❌ Shopify API Error:","timestamp":"2026-06-27T19:45:33.298Z"}
{"level":"error","message":"❌ Failed to update inventory:","timestamp":"2026-06-27T19:45:33.299Z"}
{"level":"error","message":"❌ Shopify API Error:","timestamp":"2026-06-27T19:45:33.299Z"}
{"level":"error","message":"❌ Failed to update inventory:","timestamp":"2026-06-27T19:45:33.304Z"}
{"level":"error","message":"❌ Shopify API Error:","timestamp":"2026-06-27T19:45:33.304Z"}
{"level":"error","message":"❌ Failed to update inventory:","timestamp":"2026-06-27T19:45:33.306Z"}
{"level":"error","message":"❌ Shopify API Error:","timestamp":"2026-06-27T19:45:33.306Z"}
{"level":"error","message":"❌ Failed to update inventory:","timestamp":"2026-06-27T19:45:33.781Z"}
{"level":"error","message":"❌ Shopify API Error:","timestamp":"2026-06-27T19:45:33.781Z"}
{"level":"error","message":"❌ Sync inventory error:","timestamp":"2026-06-27T19:45:33.782Z"}
{"level":"error","message":"❌ Failed to update inventory:","timestamp":"2026-06-27T19:45:33.790Z"}
{"level":"error","message":"❌ Shopify API Error:","timestamp":"2026-06-27T19:45:33.791Z"}
{"level":"error","message":"❌ Failed to update inventory:","timestamp":"2026-06-27T19:45:33.793Z"}
{"level":"error","message":"❌ Shopify API Error:","timestamp":"2026-06-27T19:45:33.794Z"}
{"level":"error","message":"❌ Failed to update inventory:","timestamp":"2026-06-27T19:45:33.796Z"}
{"level":"error","message":"❌ Shopify API Error:","timestamp":"2026-06-27T19:45:33.796Z"}
{"level":"error","message":"❌ Failed to update inventory:","timestamp":"2026-06-27T19:45:33.799Z"}
{"level":"error","message":"❌ Shopify API Error:","timestamp":"2026-06-27T19:45:33.801Z"}
{"level":"error","message":"❌ Failed to update inventory:","timestamp":"2026-06-27T19:45:34.291Z"}
{"level":"error","message":"❌ Shopify API Error:","timestamp":"2026-06-27T19:45:34.291Z"}
{"level":"error","message":"❌ Sync inventory error:","timestamp":"2026-06-27T19:45:34.291Z"}
{"level":"error","message":"❌ Failed to update inventory:","timestamp":"2026-06-27T19:45:34.297Z"}
{"level":"error","message":"❌ Shopify API Error:","timestamp":"2026-06-27T19:45:34.297Z"}
{"level":"error","message":"❌ Failed to update inventory:","timestamp":"2026-06-27T19:45:34.312Z"}
{"level":"error","message":"❌ Shopify API Error:","timestamp":"2026-06-27T19:45:34.313Z"}
{"level":"error","message":"❌ Failed to get product 10285209223451:","timestamp":"2026-06-27T19:45:34.510Z"}
{"level":"error","message":"❌ Failed to get product 10278966198555:","timestamp":"2026-06-27T19:45:34.751Z"}
{"level":"error","message":"❌ Failed to update inventory:","timestamp":"2026-06-27T19:45:34.784Z"}
{"level":"error","message":"❌ Shopify API Error:","timestamp":"2026-06-27T19:45:34.784Z"}
{"level":"error","message":"❌ Failed to update inventory:","timestamp":"2026-06-27T19:45:35.248Z"}
{"level":"error","message":"❌ Shopify API Error:","timestamp":"2026-06-27T19:45:35.248Z"}
{"level":"error","message":"❌ Sync inventory error:","timestamp":"2026-06-27T19:45:35.249Z"}
{"level":"error","message":"❌ Failed to update inventory:","timestamp":"2026-06-27T19:45:35.250Z"}
{"level":"error","message":"❌ Shopify API Error:","timestamp":"2026-06-27T19:45:35.251Z"}
{"level":"error","message":"❌ Failed to update inventory:","timestamp":"2026-06-27T19:45:35.469Z"}
{"level":"error","message":"❌ Shopify API Error:","timestamp":"2026-06-27T19:45:35.470Z"}
{"level":"error","message":"❌ Failed to update inventory:","timestamp":"2026-06-27T19:45:35.740Z"}
{"level":"error","message":"❌ Shopify API Error:","timestamp":"2026-06-27T19:45:35.740Z"}
{"level":"error","message":"❌ Sync inventory error:","timestamp":"2026-06-27T19:45:35.740Z"}
{"level":"error","message":"❌ Failed to update inventory:","timestamp":"2026-06-27T19:45:35.743Z"}
{"level":"error","message":"❌ Shopify API Error:","timestamp":"2026-06-27T19:45:35.743Z"}
{"level":"error","message":"❌ Failed to update inventory:","timestamp":"2026-06-27T19:45:35.748Z"}
{"level":"error","message":"❌ Shopify API Error:","timestamp":"2026-06-27T19:45:35.749Z"}
{"level":"error","message":"❌ Failed to update inventory:","timestamp":"2026-06-27T19:45:35.753Z"}
{"level":"error","message":"❌ Shopify API Error:","timestamp":"2026-06-27T19:45:35.753Z"}
{"level":"error","message":"❌ Failed to update inventory:","timestamp":"2026-06-27T19:45:35.755Z"}
{"level":"error","message":"❌ Shopify API Error:","timestamp":"2026-06-27T19:45:35.756Z"}
{"level":"error","message":"❌ Failed to update inventory:","timestamp":"2026-06-27T19:45:36.098Z"}
{"level":"error","message":"❌ Shopify API Error:","timestamp":"2026-06-27T19:45:36.098Z"}
{"level":"error","message":"❌ Failed to update inventory:","timestamp":"2026-06-27T19:45:36.438Z"}
{"level":"error","message":"❌ Shopify API Error:","timestamp":"2026-06-27T19:45:36.438Z"}
{"level":"error","message":"❌ Sync inventory error:","timestamp":"2026-06-27T19:45:36.438Z"}
{"level":"error","message":"❌ Failed to update inventory:","timestamp":"2026-06-27T19:45:36.442Z"}
{"level":"error","message":"❌ Shopify API Error:","timestamp":"2026-06-27T19:45:36.442Z"}
{"level":"error","message":"❌ Failed to update inventory:","timestamp":"2026-06-27T19:45:36.448Z"}
{"level":"error","message":"❌ Shopify API Error:","timestamp":"2026-06-27T19:45:36.449Z"}
{"level":"error","message":"❌ Failed to update inventory:","timestamp":"2026-06-27T19:45:36.451Z"}
{"level":"error","message":"❌ Shopify API Error:","timestamp":"2026-06-27T19:45:36.451Z"}
{"level":"error","message":"❌ Failed to update inventory:","timestamp":"2026-06-27T19:45:36.452Z"}
{"level":"error","message":"❌ Shopify API Error:","timestamp":"2026-06-27T19:45:36.452Z"}
{"level":"error","message":"❌ Failed to update inventory:","timestamp":"2026-06-27T19:45:36.912Z"}
{"level":"error","message":"❌ Shopify API Error:","timestamp":"2026-06-27T19:45:36.912Z"}
{"level":"error","message":"❌ Sync inventory error:","timestamp":"2026-06-27T19:45:36.912Z"}
{"level":"error","message":"❌ Failed to update inventory:","timestamp":"2026-06-27T19:45:36.915Z"}
{"level":"error","message":"❌ Shopify API Error:","timestamp":"2026-06-27T19:45:36.917Z"}
{"level":"error","message":"❌ Failed to update inventory:","timestamp":"2026-06-27T19:45:36.919Z"}
{"level":"error","message":"❌ Shopify API Error:","timestamp":"2026-06-27T19:45:36.919Z"}
{"level":"error","message":"❌ Failed to update inventory:","timestamp":"2026-06-27T19:45:36.923Z"}
{"level":"error","message":"❌ Shopify API Error:","timestamp":"2026-06-27T19:45:36.923Z"}
{"level":"error","message":"❌ Failed to update inventory:","timestamp":"2026-06-27T19:45:36.925Z"}
{"level":"error","message":"❌ Shopify API Error:","timestamp":"2026-06-27T19:45:36.925Z"}
{"level":"error","message":"❌ Failed to update inventory:","timestamp":"2026-06-27T19:45:37.385Z"}
{"level":"error","message":"❌ Shopify API Error:","timestamp":"2026-06-27T19:45:37.385Z"}
{"level":"error","message":"❌ Sync inventory error:","timestamp":"2026-06-27T19:45:37.386Z"}
{"level":"error","message":"❌ Failed to update inventory:","timestamp":"2026-06-27T19:45:37.393Z"}
{"level":"error","message":"❌ Shopify API Error:","timestamp":"2026-06-27T19:45:37.393Z"}
{"level":"error","message":"❌ Failed to update inventory:","timestamp":"2026-06-27T19:45:37.404Z"}
{"level":"error","message":"❌ Shopify API Error:","timestamp":"2026-06-27T19:45:37.404Z"}
{"level":"error","message":"❌ Failed to update inventory:","timestamp":"2026-06-27T19:45:37.406Z"}
{"level":"error","message":"❌ Shopify API Error:","timestamp":"2026-06-27T19:45:37.411Z"}
{"level":"error","message":"❌ Failed to update inventory:","timestamp":"2026-06-27T19:45:37.414Z"}
{"level":"error","message":"❌ Shopify API Error:","timestamp":"2026-06-27T19:45:37.415Z"}
{"level":"error","message":"❌ Failed to update inventory:","timestamp":"2026-06-27T19:45:37.871Z"}
{"level":"error","message":"❌ Shopify API Error:","timestamp":"2026-06-27T19:45:37.871Z"}
{"level":"error","message":"❌ Sync inventory error:","timestamp":"2026-06-27T19:45:37.871Z"}
{"level":"error","message":"❌ Failed to update inventory:","timestamp":"2026-06-27T19:45:37.882Z"}
{"level":"error","message":"❌ Shopify API Error:","timestamp":"2026-06-27T19:45:37.883Z"}
{"level":"error","message":"❌ Failed to update inventory:","timestamp":"2026-06-27T19:45:37.885Z"}
{"level":"error","message":"❌ Shopify API Error:","timestamp":"2026-06-27T19:45:37.885Z"}
{"level":"error","message":"❌ Failed to update inventory:","timestamp":"2026-06-27T19:45:37.891Z"}
{"level":"error","message":"❌ Shopify API Error:","timestamp":"2026-06-27T19:45:37.891Z"}
{"level":"error","message":"❌ Failed to update inventory:","timestamp":"2026-06-27T19:45:37.893Z"}
{"level":"error","message":"❌ Shopify API Error:","timestamp":"2026-06-27T19:45:37.894Z"}
{"level":"error","message":"❌ Failed to update inventory:","timestamp":"2026-06-27T19:45:38.332Z"}
{"level":"error","message":"❌ Shopify API Error:","timestamp":"2026-06-27T19:45:38.333Z"}
{"level":"error","message":"❌ Sync inventory error:","timestamp":"2026-06-27T19:45:38.333Z"}
{"level":"error","message":"❌ Failed to update inventory:","timestamp":"2026-06-27T19:45:38.337Z"}
{"level":"error","message":"❌ Shopify API Error:","timestamp":"2026-06-27T19:45:38.339Z"}
{"level":"error","message":"❌ Failed to update inventory:","timestamp":"2026-06-27T19:45:38.342Z"}
{"level":"error","message":"❌ Shopify API Error:","timestamp":"2026-06-27T19:45:38.343Z"}
{"level":"error","message":"❌ Failed to update inventory:","timestamp":"2026-06-27T19:45:38.347Z"}
{"level":"error","message":"❌ Shopify API Error:","timestamp":"2026-06-27T19:45:38.347Z"}
{"level":"error","message":"❌ Failed to update inventory:","timestamp":"2026-06-27T19:45:38.350Z"}
{"level":"error","message":"❌ Shopify API Error:","timestamp":"2026-06-27T19:45:38.350Z"}
{"level":"error","message":"❌ Failed to update inventory:","timestamp":"2026-06-27T19:45:38.822Z"}
{"level":"error","message":"❌ Shopify API Error:","timestamp":"2026-06-27T19:45:38.823Z"}
{"level":"error","message":"❌ Sync inventory error:","timestamp":"2026-06-27T19:45:38.823Z"}
{"level":"error","message":"❌ Failed to update inventory:","timestamp":"2026-06-27T19:45:38.831Z"}
{"level":"error","message":"❌ Shopify API Error:","timestamp":"2026-06-27T19:45:38.832Z"}
{"level":"error","message":"❌ Failed to update inventory:","timestamp":"2026-06-27T19:45:38.834Z"}
{"level":"error","message":"❌ Shopify API Error:","timestamp":"2026-06-27T19:45:38.834Z"}
{"level":"error","message":"❌ Failed to update inventory:","timestamp":"2026-06-27T19:45:38.835Z"}
{"level":"error","message":"❌ Shopify API Error:","timestamp":"2026-06-27T19:45:38.836Z"}
{"level":"error","message":"❌ Failed to update inventory:","timestamp":"2026-06-27T19:45:38.842Z"}
{"level":"error","message":"❌ Shopify API Error:","timestamp":"2026-06-27T19:45:38.843Z"}
{"level":"error","message":"❌ Failed to update inventory:","timestamp":"2026-06-27T19:45:38.846Z"}
{"level":"error","message":"❌ Shopify API Error:","timestamp":"2026-06-27T19:45:38.846Z"}
{"level":"error","message":"❌ Failed to update inventory:","timestamp":"2026-06-27T19:45:39.290Z"}
{"level":"error","message":"❌ Shopify API Error:","timestamp":"2026-06-27T19:45:39.290Z"}
{"level":"error","message":"❌ Sync inventory error:","timestamp":"2026-06-27T19:45:39.290Z"}
{"level":"error","message":"❌ Failed to update inventory:","timestamp":"2026-06-27T19:45:39.295Z"}
{"level":"error","message":"❌ Shopify API Error:","timestamp":"2026-06-27T19:45:39.295Z"}
{"level":"error","message":"❌ Failed to update inventory:","timestamp":"2026-06-27T19:45:39.303Z"}
{"level":"error","message":"❌ Shopify API Error:","timestamp":"2026-06-27T19:45:39.303Z"}
{"level":"error","message":"❌ Failed to update inventory:","timestamp":"2026-06-27T19:45:39.304Z"}
{"level":"error","message":"❌ Shopify API Error:","timestamp":"2026-06-27T19:45:39.305Z"}
{"level":"error","message":"❌ Failed to update inventory:","timestamp":"2026-06-27T19:45:39.307Z"}
{"level":"error","message":"❌ Shopify API Error:","timestamp":"2026-06-27T19:45:39.307Z"}
{"level":"error","message":"❌ Failed to update inventory:","timestamp":"2026-06-27T19:45:39.309Z"}
{"level":"error","message":"❌ Shopify API Error:","timestamp":"2026-06-27T19:45:39.309Z"}
{"level":"error","message":"❌ Failed to update inventory:","timestamp":"2026-06-27T19:45:39.786Z"}
{"level":"error","message":"❌ Shopify API Error:","timestamp":"2026-06-27T19:45:39.786Z"}
{"level":"error","message":"❌ Sync inventory error:","timestamp":"2026-06-27T19:45:39.786Z"}
{"level":"error","message":"❌ Failed to update inventory:","timestamp":"2026-06-27T19:45:39.790Z"}
{"level":"error","message":"❌ Shopify API Error:","timestamp":"2026-06-27T19:45:39.790Z"}
{"level":"error","message":"❌ Failed to update inventory:","timestamp":"2026-06-27T19:45:39.795Z"}
{"level":"error","message":"❌ Shopify API Error:","timestamp":"2026-06-27T19:45:39.796Z"}
{"level":"error","message":"❌ Failed to update inventory:","timestamp":"2026-06-27T19:45:39.799Z"}
{"level":"error","message":"❌ Shopify API Error:","timestamp":"2026-06-27T19:45:39.800Z"}
{"level":"error","message":"❌ Failed to update inventory:","timestamp":"2026-06-27T19:45:39.811Z"}
{"level":"error","message":"❌ Shopify API Error:","timestamp":"2026-06-27T19:45:39.812Z"}
{"level":"error","message":"❌ Failed to update inventory:","timestamp":"2026-06-27T19:45:39.827Z"}
{"level":"error","message":"❌ Shopify API Error:","timestamp":"2026-06-27T19:45:39.828Z"}
{"level":"error","message":"❌ Failed to update inventory:","timestamp":"2026-06-27T19:45:40.290Z"}
{"level":"error","message":"❌ Shopify API Error:","timestamp":"2026-06-27T19:45:40.290Z"}
{"level":"error","message":"❌ Sync inventory error:","timestamp":"2026-06-27T19:45:40.290Z"}
{"level":"error","message":"❌ Failed to update inventory:","timestamp":"2026-06-27T19:45:40.292Z"}
{"level":"error","message":"❌ Shopify API Error:","timestamp":"2026-06-27T19:45:40.292Z"}
{"level":"error","message":"❌ Failed to update inventory:","timestamp":"2026-06-27T19:45:40.296Z"}
{"level":"error","message":"❌ Shopify API Error:","timestamp":"2026-06-27T19:45:40.297Z"}
{"level":"error","message":"❌ Failed to update inventory:","timestamp":"2026-06-27T19:45:40.298Z"}
{"level":"error","message":"❌ Shopify API Error:","timestamp":"2026-06-27T19:45:40.298Z"}
{"level":"error","message":"❌ Failed to update inventory:","timestamp":"2026-06-27T19:45:40.302Z"}
{"level":"error","message":"❌ Shopify API Error:","timestamp":"2026-06-27T19:45:40.303Z"}
{"level":"error","message":"❌ Failed to update inventory:","timestamp":"2026-06-27T19:45:40.313Z"}
{"level":"error","message":"❌ Shopify API Error:","timestamp":"2026-06-27T19:45:40.321Z"}
{"level":"error","message":"❌ Failed to update inventory:","timestamp":"2026-06-27T19:45:40.324Z"}
{"level":"error","message":"❌ Shopify API Error:","timestamp":"2026-06-27T19:45:40.324Z"}
{"level":"error","message":"❌ Failed to update inventory:","timestamp":"2026-06-27T19:45:40.787Z"}
{"level":"error","message":"❌ Shopify API Error:","timestamp":"2026-06-27T19:45:40.788Z"}
{"level":"error","message":"❌ Sync inventory error:","timestamp":"2026-06-27T19:45:40.788Z"}
{"level":"error","message":"❌ Failed to update inventory:","timestamp":"2026-06-27T19:45:40.790Z"}
{"level":"error","message":"❌ Shopify API Error:","timestamp":"2026-06-27T19:45:40.790Z"}
{"level":"error","message":"❌ Failed to update inventory:","timestamp":"2026-06-27T19:45:40.802Z"}
{"level":"error","message":"❌ Shopify API Error:","timestamp":"2026-06-27T19:45:40.803Z"}
{"level":"error","message":"❌ Failed to update inventory:","timestamp":"2026-06-27T19:45:40.804Z"}
{"level":"error","message":"❌ Shopify API Error:","timestamp":"2026-06-27T19:45:40.804Z"}
{"level":"error","message":"❌ Failed to update inventory:","timestamp":"2026-06-27T19:45:40.805Z"}
{"level":"error","message":"❌ Shopify API Error:","timestamp":"2026-06-27T19:45:40.805Z"}
{"level":"error","message":"❌ Failed to update inventory:","timestamp":"2026-06-27T19:45:40.820Z"}
{"level":"error","message":"❌ Shopify API Error:","timestamp":"2026-06-27T19:45:40.820Z"}
{"level":"error","message":"❌ Failed to update inventory:","timestamp":"2026-06-27T19:45:41.274Z"}
{"level":"error","message":"❌ Shopify API Error:","timestamp":"2026-06-27T19:45:41.275Z"}
{"level":"error","message":"❌ Sync inventory error:","timestamp":"2026-06-27T19:45:41.275Z"}
{"level":"error","message":"❌ Failed to update inventory:","timestamp":"2026-06-27T19:45:41.277Z"}
{"level":"error","message":"❌ Shopify API Error:","timestamp":"2026-06-27T19:45:41.277Z"}
{"level":"error","message":"❌ Failed to update inventory:","timestamp":"2026-06-27T19:45:41.278Z"}
{"level":"error","message":"❌ Shopify API Error:","timestamp":"2026-06-27T19:45:41.278Z"}
{"level":"error","message":"❌ Failed to update inventory:","timestamp":"2026-06-27T19:45:41.279Z"}
{"level":"error","message":"❌ Shopify API Error:","timestamp":"2026-06-27T19:45:41.279Z"}
{"level":"error","message":"❌ Failed to update inventory:","timestamp":"2026-06-27T19:45:41.284Z"}
{"level":"error","message":"❌ Shopify API Error:","timestamp":"2026-06-27T19:45:41.284Z"}
{"level":"error","message":"❌ Failed to update inventory:","timestamp":"2026-06-27T19:45:41.285Z"}
{"level":"error","message":"❌ Shopify API Error:","timestamp":"2026-06-27T19:45:41.285Z"}
{"level":"error","message":"❌ Failed to update inventory:","timestamp":"2026-06-27T19:45:41.289Z"}
{"level":"error","message":"❌ Shopify API Error:","timestamp":"2026-06-27T19:45:41.289Z"}
{"level":"error","message":"❌ Failed to update inventory:","timestamp":"2026-06-27T19:45:41.738Z"}
{"level":"error","message":"❌ Shopify API Error:","timestamp":"2026-06-27T19:45:41.738Z"}
{"level":"error","message":"❌ Sync inventory error:","timestamp":"2026-06-27T19:45:41.738Z"}
{"level":"error","message":"❌ Failed to update inventory:","timestamp":"2026-06-27T19:45:41.754Z"}
{"level":"error","message":"❌ Shopify API Error:","timestamp":"2026-06-27T19:45:41.755Z"}
{"level":"error","message":"❌ Failed to update inventory:","timestamp":"2026-06-27T19:45:41.761Z"}
{"level":"error","message":"❌ Shopify API Error:","timestamp":"2026-06-27T19:45:41.761Z"}
{"level":"error","message":"❌ Failed to update inventory:","timestamp":"2026-06-27T19:45:41.762Z"}
{"level":"error","message":"❌ Shopify API Error:","timestamp":"2026-06-27T19:45:41.762Z"}
{"level":"error","message":"❌ Failed to update inventory:","timestamp":"2026-06-27T19:45:41.763Z"}
{"level":"error","message":"❌ Shopify API Error:","timestamp":"2026-06-27T19:45:41.764Z"}
{"level":"error","message":"❌ Failed to update inventory:","timestamp":"2026-06-27T19:45:41.774Z"}
{"level":"error","message":"❌ Shopify API Error:","timestamp":"2026-06-27T19:45:41.774Z"}
{"level":"error","message":"❌ Failed to update inventory:","timestamp":"2026-06-27T19:45:42.241Z"}
{"level":"error","message":"❌ Shopify API Error:","timestamp":"2026-06-27T19:45:42.241Z"}
{"level":"error","message":"❌ Sync inventory error:","timestamp":"2026-06-27T19:45:42.241Z"}
{"level":"error","message":"❌ Failed to update inventory:","timestamp":"2026-06-27T19:45:42.242Z"}
{"level":"error","message":"❌ Shopify API Error:","timestamp":"2026-06-27T19:45:42.242Z"}
{"level":"error","message":"❌ Failed to update inventory:","timestamp":"2026-06-27T19:45:42.248Z"}
{"level":"error","message":"❌ Shopify API Error:","timestamp":"2026-06-27T19:45:42.248Z"}
{"level":"error","message":"❌ Failed to update inventory:","timestamp":"2026-06-27T19:45:42.249Z"}
{"level":"error","message":"❌ Shopify API Error:","timestamp":"2026-06-27T19:45:42.249Z"}
{"level":"error","message":"❌ Failed to update inventory:","timestamp":"2026-06-27T19:45:42.251Z"}
{"level":"error","message":"❌ Shopify API Error:","timestamp":"2026-06-27T19:45:42.251Z"}
{"level":"error","message":"❌ Failed to update inventory:","timestamp":"2026-06-27T19:45:42.254Z"}
{"level":"error","message":"❌ Shopify API Error:","timestamp":"2026-06-27T19:45:42.254Z"}
{"level":"error","message":"❌ Failed to update inventory:","timestamp":"2026-06-27T19:45:42.701Z"}
{"level":"error","message":"❌ Shopify API Error:","timestamp":"2026-06-27T19:45:42.701Z"}
{"level":"error","message":"❌ Sync inventory error:","timestamp":"2026-06-27T19:45:42.701Z"}
{"level":"error","message":"❌ Failed to update inventory:","timestamp":"2026-06-27T19:45:42.705Z"}
{"level":"error","message":"❌ Shopify API Error:","timestamp":"2026-06-27T19:45:42.706Z"}
{"level":"error","message":"❌ Failed to update inventory:","timestamp":"2026-06-27T19:45:42.722Z"}
{"level":"error","message":"❌ Shopify API Error:","timestamp":"2026-06-27T19:45:42.723Z"}
{"level":"error","message":"❌ Failed to update inventory:","timestamp":"2026-06-27T19:45:42.741Z"}
{"level":"error","message":"❌ Shopify API Error:","timestamp":"2026-06-27T19:45:42.741Z"}
{"level":"error","message":"❌ Failed to get product 10279063748891:","timestamp":"2026-06-27T19:45:42.920Z"}
{"level":"error","message":"❌ Failed to update inventory:","timestamp":"2026-06-27T19:45:43.396Z"}
{"level":"error","message":"❌ Shopify API Error:","timestamp":"2026-06-27T19:45:43.396Z"}
{"level":"error","message":"❌ Sync inventory error:","timestamp":"2026-06-27T19:45:43.396Z"}
{"level":"error","message":"❌ Failed to update inventory:","timestamp":"2026-06-27T19:45:43.401Z"}
{"level":"error","message":"❌ Shopify API Error:","timestamp":"2026-06-27T19:45:43.401Z"}
{"level":"error","message":"❌ Failed to update inventory:","timestamp":"2026-06-27T19:45:43.415Z"}
{"level":"error","message":"❌ Shopify API Error:","timestamp":"2026-06-27T19:45:43.416Z"}
{"level":"error","message":"❌ Failed to update inventory:","timestamp":"2026-06-27T19:45:43.417Z"}
{"level":"error","message":"❌ Shopify API Error:","timestamp":"2026-06-27T19:45:43.417Z"}
{"level":"error","message":"❌ Failed to update inventory:","timestamp":"2026-06-27T19:45:43.420Z"}
{"level":"error","message":"❌ Shopify API Error:","timestamp":"2026-06-27T19:45:43.421Z"}
{"level":"error","message":"❌ Failed to update inventory:","timestamp":"2026-06-27T19:45:43.424Z"}
{"level":"error","message":"❌ Shopify API Error:","timestamp":"2026-06-27T19:45:43.425Z"}
{"level":"error","message":"❌ Failed to update inventory:","timestamp":"2026-06-27T19:45:43.891Z"}
{"level":"error","message":"❌ Shopify API Error:","timestamp":"2026-06-27T19:45:43.892Z"}
{"level":"error","message":"❌ Sync inventory error:","timestamp":"2026-06-27T19:45:43.892Z"}
{"level":"error","message":"❌ Failed to update inventory:","timestamp":"2026-06-27T19:45:43.904Z"}
{"level":"error","message":"❌ Shopify API Error:","timestamp":"2026-06-27T19:45:43.904Z"}
{"level":"error","message":"❌ Failed to update inventory:","timestamp":"2026-06-27T19:45:43.905Z"}
{"level":"error","message":"❌ Shopify API Error:","timestamp":"2026-06-27T19:45:43.905Z"}
{"level":"error","message":"❌ Failed to update inventory:","timestamp":"2026-06-27T19:45:43.906Z"}
{"level":"error","message":"❌ Shopify API Error:","timestamp":"2026-06-27T19:45:43.906Z"}
{"level":"error","message":"❌ Failed to update inventory:","timestamp":"2026-06-27T19:45:43.907Z"}
{"level":"error","message":"❌ Shopify API Error:","timestamp":"2026-06-27T19:45:43.908Z"}
{"level":"error","message":"❌ Failed to update inventory:","timestamp":"2026-06-27T19:45:43.908Z"}
{"level":"error","message":"❌ Shopify API Error:","timestamp":"2026-06-27T19:45:43.909Z"}
{"level":"error","message":"❌ Failed to update inventory:","timestamp":"2026-06-27T19:45:43.909Z"}
{"level":"error","message":"❌ Shopify API Error:","timestamp":"2026-06-27T19:45:43.909Z"}
{"level":"error","message":"❌ Failed to update inventory:","timestamp":"2026-06-27T19:45:43.915Z"}
{"level":"error","message":"❌ Shopify API Error:","timestamp":"2026-06-27T19:45:43.915Z"}
{"level":"error","message":"❌ Failed to update inventory:","timestamp":"2026-06-27T19:45:43.960Z"}
{"level":"error","message":"❌ Shopify API Error:","timestamp":"2026-06-27T19:45:43.961Z"}
{"level":"error","message":"❌ Failed to update inventory:","timestamp":"2026-06-27T19:45:43.987Z"}
{"level":"error","message":"❌ Shopify API Error:","timestamp":"2026-06-27T19:45:43.987Z"}
{"level":"error","message":"❌ Failed to update inventory:","timestamp":"2026-06-27T19:45:44.394Z"}
{"level":"error","message":"❌ Shopify API Error:","timestamp":"2026-06-27T19:45:44.394Z"}
{"level":"error","message":"❌ Sync inventory error:","timestamp":"2026-06-27T19:45:44.394Z"}
{"level":"error","message":"❌ Failed to update inventory:","timestamp":"2026-06-27T19:45:44.395Z"}
{"level":"error","message":"❌ Shopify API Error:","timestamp":"2026-06-27T19:45:44.395Z"}
{"level":"error","message":"❌ Failed to update inventory:","timestamp":"2026-06-27T19:45:44.398Z"}
{"level":"error","message":"❌ Shopify API Error:","timestamp":"2026-06-27T19:45:44.399Z"}
{"level":"error","message":"❌ Failed to update inventory:","timestamp":"2026-06-27T19:45:44.400Z"}
{"level":"error","message":"❌ Shopify API Error:","timestamp":"2026-06-27T19:45:44.400Z"}
{"level":"error","message":"❌ Failed to update inventory:","timestamp":"2026-06-27T19:45:44.401Z"}
{"level":"error","message":"❌ Shopify API Error:","timestamp":"2026-06-27T19:45:44.402Z"}
{"level":"error","message":"❌ Failed to update inventory:","timestamp":"2026-06-27T19:45:44.403Z"}
{"level":"error","message":"❌ Shopify API Error:","timestamp":"2026-06-27T19:45:44.403Z"}
{"level":"error","message":"❌ Failed to update inventory:","timestamp":"2026-06-27T19:45:44.406Z"}
{"level":"error","message":"❌ Shopify API Error:","timestamp":"2026-06-27T19:45:44.406Z"}
{"level":"error","message":"❌ Failed to update inventory:","timestamp":"2026-06-27T19:45:44.873Z"}
{"level":"error","message":"❌ Shopify API Error:","timestamp":"2026-06-27T19:45:44.873Z"}
{"level":"error","message":"❌ Sync inventory error:","timestamp":"2026-06-27T19:45:44.873Z"}
{"level":"error","message":"❌ Failed to update inventory:","timestamp":"2026-06-27T19:45:44.874Z"}
{"level":"error","message":"❌ Shopify API Error:","timestamp":"2026-06-27T19:45:44.874Z"}
{"level":"error","message":"❌ Failed to update inventory:","timestamp":"2026-06-27T19:45:44.883Z"}
{"level":"error","message":"❌ Shopify API Error:","timestamp":"2026-06-27T19:45:44.883Z"}
{"level":"error","message":"❌ Failed to update inventory:","timestamp":"2026-06-27T19:45:44.884Z"}
{"level":"error","message":"❌ Shopify API Error:","timestamp":"2026-06-27T19:45:44.884Z"}
{"level":"error","message":"❌ Failed to update inventory:","timestamp":"2026-06-27T19:45:44.886Z"}
{"level":"error","message":"❌ Shopify API Error:","timestamp":"2026-06-27T19:45:44.886Z"}
{"level":"error","message":"❌ Failed to update inventory:","timestamp":"2026-06-27T19:45:44.887Z"}
{"level":"error","message":"❌ Shopify API Error:","timestamp":"2026-06-27T19:45:44.887Z"}
{"level":"error","message":"❌ Failed to update inventory:","timestamp":"2026-06-27T19:45:45.370Z"}
{"level":"error","message":"❌ Shopify API Error:","timestamp":"2026-06-27T19:45:45.370Z"}
{"level":"error","message":"❌ Sync inventory error:","timestamp":"2026-06-27T19:45:45.370Z"}
{"level":"error","message":"❌ Failed to update inventory:","timestamp":"2026-06-27T19:45:45.372Z"}
{"level":"error","message":"❌ Shopify API Error:","timestamp":"2026-06-27T19:45:45.372Z"}
{"level":"error","message":"❌ Failed to update inventory:","timestamp":"2026-06-27T19:45:45.372Z"}
{"level":"error","message":"❌ Shopify API Error:","timestamp":"2026-06-27T19:45:45.373Z"}
{"level":"error","message":"❌ Failed to update inventory:","timestamp":"2026-06-27T19:45:45.373Z"}
{"level":"error","message":"❌ Shopify API Error:","timestamp":"2026-06-27T19:45:45.373Z"}
{"level":"error","message":"❌ Failed to update inventory:","timestamp":"2026-06-27T19:45:45.384Z"}
{"level":"error","message":"❌ Shopify API Error:","timestamp":"2026-06-27T19:45:45.385Z"}
{"level":"error","message":"❌ Failed to update inventory:","timestamp":"2026-06-27T19:45:45.392Z"}
{"level":"error","message":"❌ Shopify API Error:","timestamp":"2026-06-27T19:45:45.392Z"}
{"level":"error","message":"❌ Failed to update inventory:","timestamp":"2026-06-27T19:45:45.859Z"}
{"level":"error","message":"❌ Shopify API Error:","timestamp":"2026-06-27T19:45:45.860Z"}
{"level":"error","message":"❌ Sync inventory error:","timestamp":"2026-06-27T19:45:45.860Z"}
{"level":"error","message":"❌ Failed to update inventory:","timestamp":"2026-06-27T19:45:45.864Z"}
{"level":"error","message":"❌ Shopify API Error:","timestamp":"2026-06-27T19:45:45.864Z"}
{"level":"error","message":"❌ Failed to update inventory:","timestamp":"2026-06-27T19:45:45.867Z"}
{"level":"error","message":"❌ Shopify API Error:","timestamp":"2026-06-27T19:45:45.867Z"}
{"level":"error","message":"❌ Failed to update inventory:","timestamp":"2026-06-27T19:45:45.869Z"}
{"level":"error","message":"❌ Shopify API Error:","timestamp":"2026-06-27T19:45:45.870Z"}
{"level":"error","message":"❌ Failed to update inventory:","timestamp":"2026-06-27T19:45:45.886Z"}
{"level":"error","message":"❌ Shopify API Error:","timestamp":"2026-06-27T19:45:45.886Z"}
{"level":"error","message":"❌ Failed to update inventory:","timestamp":"2026-06-27T19:45:45.888Z"}
{"level":"error","message":"❌ Shopify API Error:","timestamp":"2026-06-27T19:45:45.888Z"}
{"level":"error","message":"❌ Failed to update inventory:","timestamp":"2026-06-27T19:45:46.383Z"}
{"level":"error","message":"❌ Shopify API Error:","timestamp":"2026-06-27T19:45:46.384Z"}
{"level":"error","message":"❌ Sync inventory error:","timestamp":"2026-06-27T19:45:46.384Z"}
{"level":"error","message":"❌ Failed to update inventory:","timestamp":"2026-06-27T19:45:46.386Z"}
{"level":"error","message":"❌ Shopify API Error:","timestamp":"2026-06-27T19:45:46.387Z"}
{"level":"error","message":"❌ Failed to update inventory:","timestamp":"2026-06-27T19:45:46.389Z"}
{"level":"error","message":"❌ Shopify API Error:","timestamp":"2026-06-27T19:45:46.389Z"}
{"level":"error","message":"❌ Failed to update inventory:","timestamp":"2026-06-27T19:45:46.392Z"}
{"level":"error","message":"❌ Shopify API Error:","timestamp":"2026-06-27T19:45:46.392Z"}
{"level":"error","message":"❌ Failed to update inventory:","timestamp":"2026-06-27T19:45:46.393Z"}
{"level":"error","message":"❌ Shopify API Error:","timestamp":"2026-06-27T19:45:46.393Z"}
{"level":"error","message":"❌ Failed to update inventory:","timestamp":"2026-06-27T19:45:46.394Z"}
{"level":"error","message":"❌ Shopify API Error:","timestamp":"2026-06-27T19:45:46.394Z"}
{"level":"error","message":"❌ Failed to update inventory:","timestamp":"2026-06-27T19:45:46.936Z"}
{"level":"error","message":"❌ Shopify API Error:","timestamp":"2026-06-27T19:45:46.937Z"}
{"level":"error","message":"❌ Sync inventory error:","timestamp":"2026-06-27T19:45:46.937Z"}
{"level":"error","message":"❌ Failed to update inventory:","timestamp":"2026-06-27T19:45:46.938Z"}
{"level":"error","message":"❌ Shopify API Error:","timestamp":"2026-06-27T19:45:46.939Z"}
{"level":"error","message":"❌ Failed to update inventory:","timestamp":"2026-06-27T19:45:46.940Z"}
{"level":"error","message":"❌ Shopify API Error:","timestamp":"2026-06-27T19:45:46.940Z"}
{"level":"error","message":"❌ Failed to update inventory:","timestamp":"2026-06-27T19:45:46.941Z"}
{"level":"error","message":"❌ Shopify API Error:","timestamp":"2026-06-27T19:45:46.941Z"}
{"level":"error","message":"❌ Failed to update inventory:","timestamp":"2026-06-27T19:45:46.942Z"}
{"level":"error","message":"❌ Shopify API Error:","timestamp":"2026-06-27T19:45:46.942Z"}
{"level":"error","message":"❌ Failed to update inventory:","timestamp":"2026-06-27T19:45:46.943Z"}
{"level":"error","message":"❌ Shopify API Error:","timestamp":"2026-06-27T19:45:46.943Z"}
{"level":"error","message":"❌ Failed to update inventory:","timestamp":"2026-06-27T19:45:47.435Z"}
{"level":"error","message":"❌ Shopify API Error:","timestamp":"2026-06-27T19:45:47.435Z"}
{"level":"error","message":"❌ Sync inventory error:","timestamp":"2026-06-27T19:45:47.435Z"}
{"level":"error","message":"❌ Failed to update inventory:","timestamp":"2026-06-27T19:45:47.451Z"}
{"level":"error","message":"❌ Shopify API Error:","timestamp":"2026-06-27T19:45:47.451Z"}
{"level":"error","message":"❌ Failed to update inventory:","timestamp":"2026-06-27T19:45:47.453Z"}
{"level":"error","message":"❌ Shopify API Error:","timestamp":"2026-06-27T19:45:47.453Z"}
{"level":"error","message":"❌ Failed to update inventory:","timestamp":"2026-06-27T19:45:47.454Z"}
{"level":"error","message":"❌ Shopify API Error:","timestamp":"2026-06-27T19:45:47.455Z"}
{"level":"error","message":"❌ Failed to update inventory:","timestamp":"2026-06-27T19:45:47.482Z"}
{"level":"error","message":"❌ Shopify API Error:","timestamp":"2026-06-27T19:45:47.482Z"}
{"level":"error","message":"❌ Failed to get product 10247418511643:","timestamp":"2026-06-27T19:45:47.761Z"}
{"level":"error","message":"❌ Failed to update inventory:","timestamp":"2026-06-27T19:45:47.765Z"}
{"level":"error","message":"❌ Shopify API Error:","timestamp":"2026-06-27T19:45:47.765Z"}
{"level":"error","message":"❌ Failed to update inventory:","timestamp":"2026-06-27T19:45:48.724Z"}
{"level":"error","message":"❌ Shopify API Error:","timestamp":"2026-06-27T19:45:48.724Z"}
{"level":"error","message":"❌ Sync inventory error:","timestamp":"2026-06-27T19:45:48.724Z"}
{"level":"error","message":"❌ Failed to update inventory:","timestamp":"2026-06-27T19:45:48.725Z"}
{"level":"error","message":"❌ Shopify API Error:","timestamp":"2026-06-27T19:45:48.725Z"}
{"level":"error","message":"❌ Failed to update inventory:","timestamp":"2026-06-27T19:45:48.727Z"}
{"level":"error","message":"❌ Shopify API Error:","timestamp":"2026-06-27T19:45:48.727Z"}
{"level":"error","message":"❌ Failed to update inventory:","timestamp":"2026-06-27T19:45:48.732Z"}
{"level":"error","message":"❌ Shopify API Error:","timestamp":"2026-06-27T19:45:48.733Z"}
{"level":"error","message":"❌ Failed to update inventory:","timestamp":"2026-06-27T19:45:48.779Z"}
{"level":"error","message":"❌ Shopify API Error:","timestamp":"2026-06-27T19:45:48.779Z"}
{"level":"error","message":"❌ Failed to get product 10247419068699:","timestamp":"2026-06-27T19:45:48.989Z"}
{"level":"error","message":"❌ Failed to update inventory:","timestamp":"2026-06-27T19:45:49.056Z"}
{"level":"error","message":"❌ Shopify API Error:","timestamp":"2026-06-27T19:45:49.056Z"}
{"level":"error","message":"❌ Failed to get product 10247419199771:","timestamp":"2026-06-27T19:45:49.206Z"}
{"level":"error","message":"❌ Failed to get product 10247418609947:","timestamp":"2026-06-27T19:45:49.466Z"}
{"level":"error","message":"❌ Failed to update inventory:","timestamp":"2026-06-27T19:45:49.956Z"}
{"level":"error","message":"❌ Shopify API Error:","timestamp":"2026-06-27T19:45:49.956Z"}
{"level":"error","message":"❌ Sync inventory error:","timestamp":"2026-06-27T19:45:49.956Z"}
{"level":"error","message":"❌ Failed to update inventory:","timestamp":"2026-06-27T19:45:49.959Z"}
{"level":"error","message":"❌ Shopify API Error:","timestamp":"2026-06-27T19:45:49.960Z"}
{"level":"error","message":"❌ Failed to update inventory:","timestamp":"2026-06-27T19:45:49.962Z"}
{"level":"error","message":"❌ Shopify API Error:","timestamp":"2026-06-27T19:45:49.962Z"}
{"level":"error","message":"❌ Failed to update inventory:","timestamp":"2026-06-27T19:45:50.009Z"}
{"level":"error","message":"❌ Shopify API Error:","timestamp":"2026-06-27T19:45:50.009Z"}
{"level":"error","message":"❌ Failed to update inventory:","timestamp":"2026-06-27T19:45:50.010Z"}
{"level":"error","message":"❌ Shopify API Error:","timestamp":"2026-06-27T19:45:50.010Z"}
{"level":"error","message":"❌ Failed to get product 10247419461915:","timestamp":"2026-06-27T19:45:50.230Z"}
{"level":"error","message":"❌ Failed to update inventory:","timestamp":"2026-06-27T19:45:50.278Z"}
{"level":"error","message":"❌ Shopify API Error:","timestamp":"2026-06-27T19:45:50.278Z"}
{"level":"error","message":"❌ Failed to update inventory:","timestamp":"2026-06-27T19:45:50.752Z"}
{"level":"error","message":"❌ Shopify API Error:","timestamp":"2026-06-27T19:45:50.753Z"}
{"level":"error","message":"❌ Sync inventory error:","timestamp":"2026-06-27T19:45:50.753Z"}
{"level":"error","message":"❌ Failed to update inventory:","timestamp":"2026-06-27T19:45:50.758Z"}
{"level":"error","message":"❌ Shopify API Error:","timestamp":"2026-06-27T19:45:50.758Z"}
{"level":"error","message":"❌ Failed to update inventory:","timestamp":"2026-06-27T19:45:50.762Z"}
{"level":"error","message":"❌ Shopify API Error:","timestamp":"2026-06-27T19:45:50.762Z"}
{"level":"error","message":"❌ Failed to update inventory:","timestamp":"2026-06-27T19:45:50.766Z"}
{"level":"error","message":"❌ Shopify API Error:","timestamp":"2026-06-27T19:45:50.766Z"}
{"level":"error","message":"❌ Failed to update inventory:","timestamp":"2026-06-27T19:45:50.774Z"}
{"level":"error","message":"❌ Shopify API Error:","timestamp":"2026-06-27T19:45:50.774Z"}
{"level":"error","message":"❌ Failed to update inventory:","timestamp":"2026-06-27T19:45:50.779Z"}
{"level":"error","message":"❌ Shopify API Error:","timestamp":"2026-06-27T19:45:50.779Z"}
{"level":"error","message":"❌ Failed to update inventory:","timestamp":"2026-06-27T19:45:51.240Z"}
{"level":"error","message":"❌ Shopify API Error:","timestamp":"2026-06-27T19:45:51.240Z"}
{"level":"error","message":"❌ Sync inventory error:","timestamp":"2026-06-27T19:45:51.240Z"}
{"level":"error","message":"❌ Failed to update inventory:","timestamp":"2026-06-27T19:45:51.243Z"}
{"level":"error","message":"❌ Shopify API Error:","timestamp":"2026-06-27T19:45:51.243Z"}
{"level":"error","message":"❌ Failed to update inventory:","timestamp":"2026-06-27T19:45:51.248Z"}
{"level":"error","message":"❌ Shopify API Error:","timestamp":"2026-06-27T19:45:51.248Z"}
{"level":"error","message":"❌ Failed to update inventory:","timestamp":"2026-06-27T19:45:51.249Z"}
{"level":"error","message":"❌ Shopify API Error:","timestamp":"2026-06-27T19:45:51.250Z"}
{"level":"error","message":"❌ Failed to update inventory:","timestamp":"2026-06-27T19:45:51.254Z"}
{"level":"error","message":"❌ Shopify API Error:","timestamp":"2026-06-27T19:45:51.254Z"}
{"level":"error","message":"❌ Failed to update inventory:","timestamp":"2026-06-27T19:45:51.260Z"}
{"level":"error","message":"❌ Shopify API Error:","timestamp":"2026-06-27T19:45:51.261Z"}
{"level":"error","message":"❌ Failed to update inventory:","timestamp":"2026-06-27T19:45:51.719Z"}
{"level":"error","message":"❌ Shopify API Error:","timestamp":"2026-06-27T19:45:51.719Z"}
{"level":"error","message":"❌ Sync inventory error:","timestamp":"2026-06-27T19:45:51.720Z"}
{"level":"error","message":"❌ Failed to update inventory:","timestamp":"2026-06-27T19:45:51.725Z"}
{"level":"error","message":"❌ Shopify API Error:","timestamp":"2026-06-27T19:45:51.725Z"}
{"level":"error","message":"❌ Failed to update inventory:","timestamp":"2026-06-27T19:45:51.733Z"}
{"level":"error","message":"❌ Shopify API Error:","timestamp":"2026-06-27T19:45:51.735Z"}
{"level":"error","message":"❌ Failed to update inventory:","timestamp":"2026-06-27T19:45:51.738Z"}
{"level":"error","message":"❌ Shopify API Error:","timestamp":"2026-06-27T19:45:51.739Z"}
{"level":"error","message":"❌ Failed to update inventory:","timestamp":"2026-06-27T19:45:51.756Z"}
{"level":"error","message":"❌ Shopify API Error:","timestamp":"2026-06-27T19:45:51.756Z"}
{"level":"error","message":"❌ Failed to update inventory:","timestamp":"2026-06-27T19:45:51.768Z"}
{"level":"error","message":"❌ Shopify API Error:","timestamp":"2026-06-27T19:45:51.769Z"}
{"level":"error","message":"❌ Failed to get product 10247419265307:","timestamp":"2026-06-27T19:45:51.972Z"}
{"level":"error","message":"❌ Failed to update inventory:","timestamp":"2026-06-27T19:45:52.452Z"}
{"level":"error","message":"❌ Shopify API Error:","timestamp":"2026-06-27T19:45:52.452Z"}
{"level":"error","message":"❌ Sync inventory error:","timestamp":"2026-06-27T19:45:52.452Z"}
{"level":"error","message":"❌ Failed to update inventory:","timestamp":"2026-06-27T19:45:52.460Z"}
{"level":"error","message":"❌ Shopify API Error:","timestamp":"2026-06-27T19:45:52.461Z"}
{"level":"error","message":"❌ Failed to update inventory:","timestamp":"2026-06-27T19:45:52.463Z"}
{"level":"error","message":"❌ Shopify API Error:","timestamp":"2026-06-27T19:45:52.463Z"}
{"level":"error","message":"❌ Failed to update inventory:","timestamp":"2026-06-27T19:45:52.481Z"}
{"level":"error","message":"❌ Shopify API Error:","timestamp":"2026-06-27T19:45:52.482Z"}
{"level":"error","message":"❌ Failed to update inventory:","timestamp":"2026-06-27T19:45:52.518Z"}
{"level":"error","message":"❌ Shopify API Error:","timestamp":"2026-06-27T19:45:52.518Z"}
{"level":"error","message":"❌ Failed to get product 10247419658523:","timestamp":"2026-06-27T19:45:52.693Z"}
{"level":"error","message":"❌ Failed to update inventory:","timestamp":"2026-06-27T19:45:52.793Z"}
{"level":"error","message":"❌ Shopify API Error:","timestamp":"2026-06-27T19:45:52.794Z"}
{"level":"error","message":"❌ Failed to get product 10247418577179:","timestamp":"2026-06-27T19:45:52.944Z"}
{"level":"error","message":"❌ Failed to update inventory:","timestamp":"2026-06-27T19:45:53.487Z"}
{"level":"error","message":"❌ Shopify API Error:","timestamp":"2026-06-27T19:45:53.488Z"}
{"level":"error","message":"❌ Sync inventory error:","timestamp":"2026-06-27T19:45:53.488Z"}
{"level":"error","message":"❌ Failed to update inventory:","timestamp":"2026-06-27T19:45:53.493Z"}
{"level":"error","message":"❌ Shopify API Error:","timestamp":"2026-06-27T19:45:53.493Z"}
{"level":"error","message":"❌ Failed to update inventory:","timestamp":"2026-06-27T19:45:53.500Z"}
{"level":"error","message":"❌ Shopify API Error:","timestamp":"2026-06-27T19:45:53.501Z"}
{"level":"error","message":"❌ Failed to update inventory:","timestamp":"2026-06-27T19:45:53.535Z"}
{"level":"error","message":"❌ Shopify API Error:","timestamp":"2026-06-27T19:45:53.535Z"}
{"level":"error","message":"❌ Failed to update inventory:","timestamp":"2026-06-27T19:45:53.597Z"}
{"level":"error","message":"❌ Shopify API Error:","timestamp":"2026-06-27T19:45:53.597Z"}
{"level":"error","message":"❌ Failed to get product 10247420281115:","timestamp":"2026-06-27T19:45:53.729Z"}
{"level":"error","message":"❌ Failed to update inventory:","timestamp":"2026-06-27T19:45:53.768Z"}
{"level":"error","message":"❌ Shopify API Error:","timestamp":"2026-06-27T19:45:53.769Z"}
{"level":"error","message":"❌ Failed to get product 10247420182811:","timestamp":"2026-06-27T19:45:53.964Z"}
{"level":"error","message":"❌ Failed to update inventory:","timestamp":"2026-06-27T19:45:54.445Z"}
{"level":"error","message":"❌ Shopify API Error:","timestamp":"2026-06-27T19:45:54.445Z"}
{"level":"error","message":"❌ Sync inventory error:","timestamp":"2026-06-27T19:45:54.445Z"}
{"level":"error","message":"❌ Failed to update inventory:","timestamp":"2026-06-27T19:45:54.453Z"}
{"level":"error","message":"❌ Shopify API Error:","timestamp":"2026-06-27T19:45:54.453Z"}
{"level":"error","message":"❌ Failed to update inventory:","timestamp":"2026-06-27T19:45:54.454Z"}
{"level":"error","message":"❌ Shopify API Error:","timestamp":"2026-06-27T19:45:54.455Z"}
{"level":"error","message":"❌ Failed to update inventory:","timestamp":"2026-06-27T19:45:54.463Z"}
{"level":"error","message":"❌ Shopify API Error:","timestamp":"2026-06-27T19:45:54.463Z"}
{"level":"error","message":"❌ Failed to update inventory:","timestamp":"2026-06-27T19:45:54.480Z"}
{"level":"error","message":"❌ Shopify API Error:","timestamp":"2026-06-27T19:45:54.482Z"}
{"level":"error","message":"❌ Failed to get product 10247419887899:","timestamp":"2026-06-27T19:45:54.706Z"}
{"level":"error","message":"❌ Failed to update inventory:","timestamp":"2026-06-27T19:45:54.736Z"}
{"level":"error","message":"❌ Shopify API Error:","timestamp":"2026-06-27T19:45:54.736Z"}
{"level":"error","message":"❌ Failed to get product 10247420117275:","timestamp":"2026-06-27T19:45:54.949Z"}
{"level":"error","message":"❌ Failed to update inventory:","timestamp":"2026-06-27T19:45:55.448Z"}
{"level":"error","message":"❌ Shopify API Error:","timestamp":"2026-06-27T19:45:55.449Z"}
{"level":"error","message":"❌ Sync inventory error:","timestamp":"2026-06-27T19:45:55.449Z"}
{"level":"error","message":"❌ Failed to update inventory:","timestamp":"2026-06-27T19:45:55.450Z"}
{"level":"error","message":"❌ Shopify API Error:","timestamp":"2026-06-27T19:45:55.455Z"}
{"level":"error","message":"❌ Failed to update inventory:","timestamp":"2026-06-27T19:45:55.460Z"}
{"level":"error","message":"❌ Shopify API Error:","timestamp":"2026-06-27T19:45:55.460Z"}
{"level":"error","message":"❌ Failed to update inventory:","timestamp":"2026-06-27T19:45:55.462Z"}
{"level":"error","message":"❌ Shopify API Error:","timestamp":"2026-06-27T19:45:55.467Z"}
{"level":"error","message":"❌ Failed to update inventory:","timestamp":"2026-06-27T19:45:55.468Z"}
{"level":"error","message":"❌ Shopify API Error:","timestamp":"2026-06-27T19:45:55.468Z"}
{"level":"error","message":"❌ Failed to update inventory:","timestamp":"2026-06-27T19:45:55.480Z"}
{"level":"error","message":"❌ Shopify API Error:","timestamp":"2026-06-27T19:45:55.481Z"}
{"level":"error","message":"❌ Failed to update inventory:","timestamp":"2026-06-27T19:45:55.957Z"}
{"level":"error","message":"❌ Shopify API Error:","timestamp":"2026-06-27T19:45:55.958Z"}
{"level":"error","message":"❌ Sync inventory error:","timestamp":"2026-06-27T19:45:55.958Z"}
{"level":"error","message":"❌ Failed to update inventory:","timestamp":"2026-06-27T19:45:55.962Z"}
{"level":"error","message":"❌ Shopify API Error:","timestamp":"2026-06-27T19:45:55.963Z"}
{"level":"error","message":"❌ Failed to update inventory:","timestamp":"2026-06-27T19:45:55.981Z"}
{"level":"error","message":"❌ Shopify API Error:","timestamp":"2026-06-27T19:45:55.981Z"}
{"level":"error","message":"❌ Failed to update inventory:","timestamp":"2026-06-27T19:45:56.003Z"}
{"level":"error","message":"❌ Shopify API Error:","timestamp":"2026-06-27T19:45:56.003Z"}
{"level":"error","message":"❌ Failed to get product 10247419822363:","timestamp":"2026-06-27T19:45:56.216Z"}
{"level":"error","message":"❌ Failed to update inventory:","timestamp":"2026-06-27T19:45:56.242Z"}
{"level":"error","message":"❌ Shopify API Error:","timestamp":"2026-06-27T19:45:56.242Z"}
{"level":"error","message":"❌ Failed to update inventory:","timestamp":"2026-06-27T19:45:56.259Z"}
{"level":"error","message":"❌ Shopify API Error:","timestamp":"2026-06-27T19:45:56.259Z"}
{"level":"error","message":"❌ Failed to get product 10247419986203:","timestamp":"2026-06-27T19:45:56.452Z"}
{"level":"error","message":"❌ Failed to update inventory:","timestamp":"2026-06-27T19:45:56.943Z"}
{"level":"error","message":"❌ Shopify API Error:","timestamp":"2026-06-27T19:45:56.949Z"}
{"level":"error","message":"❌ Sync inventory error:","timestamp":"2026-06-27T19:45:56.950Z"}
{"level":"error","message":"❌ Failed to update inventory:","timestamp":"2026-06-27T19:45:56.953Z"}
{"level":"error","message":"❌ Shopify API Error:","timestamp":"2026-06-27T19:45:56.968Z"}
{"level":"error","message":"❌ Failed to update inventory:","timestamp":"2026-06-27T19:45:56.977Z"}
{"level":"error","message":"❌ Shopify API Error:","timestamp":"2026-06-27T19:45:56.983Z"}
{"level":"error","message":"❌ Failed to update inventory:","timestamp":"2026-06-27T19:45:56.986Z"}
{"level":"error","message":"❌ Shopify API Error:","timestamp":"2026-06-27T19:45:56.987Z"}
{"level":"error","message":"❌ Failed to update inventory:","timestamp":"2026-06-27T19:45:56.989Z"}
{"level":"error","message":"❌ Shopify API Error:","timestamp":"2026-06-27T19:45:56.989Z"}
{"level":"error","message":"❌ Failed to update inventory:","timestamp":"2026-06-27T19:45:56.991Z"}
{"level":"error","message":"❌ Shopify API Error:","timestamp":"2026-06-27T19:45:56.992Z"}
{"level":"error","message":"❌ Failed to update inventory:","timestamp":"2026-06-27T19:45:57.479Z"}
{"level":"error","message":"❌ Shopify API Error:","timestamp":"2026-06-27T19:45:57.480Z"}
{"level":"error","message":"❌ Sync inventory error:","timestamp":"2026-06-27T19:45:57.480Z"}
{"level":"error","message":"❌ Failed to update inventory:","timestamp":"2026-06-27T19:45:57.482Z"}
{"level":"error","message":"❌ Shopify API Error:","timestamp":"2026-06-27T19:45:57.482Z"}
{"level":"error","message":"❌ Failed to update inventory:","timestamp":"2026-06-27T19:45:57.484Z"}
{"level":"error","message":"❌ Shopify API Error:","timestamp":"2026-06-27T19:45:57.484Z"}
{"level":"error","message":"❌ Failed to update inventory:","timestamp":"2026-06-27T19:45:57.489Z"}
{"level":"error","message":"❌ Shopify API Error:","timestamp":"2026-06-27T19:45:57.490Z"}
{"level":"error","message":"❌ Failed to update inventory:","timestamp":"2026-06-27T19:45:57.506Z"}
{"level":"error","message":"❌ Shopify API Error:","timestamp":"2026-06-27T19:45:57.507Z"}
{"level":"error","message":"❌ Failed to get product 10247419953435:","timestamp":"2026-06-27T19:45:57.710Z"}
{"level":"error","message":"❌ Failed to update inventory:","timestamp":"2026-06-27T19:45:57.735Z"}
{"level":"error","message":"❌ Shopify API Error:","timestamp":"2026-06-27T19:45:57.735Z"}
{"level":"error","message":"❌ Failed to update inventory:","timestamp":"2026-06-27T19:45:58.389Z"}
{"level":"error","message":"❌ Shopify API Error:","timestamp":"2026-06-27T19:45:58.390Z"}
{"level":"error","message":"❌ Sync inventory error:","timestamp":"2026-06-27T19:45:58.390Z"}
{"level":"error","message":"❌ Failed to update inventory:","timestamp":"2026-06-27T19:45:58.396Z"}
{"level":"error","message":"❌ Shopify API Error:","timestamp":"2026-06-27T19:45:58.397Z"}
{"level":"error","message":"❌ Failed to update inventory:","timestamp":"2026-06-27T19:45:58.404Z"}
{"level":"error","message":"❌ Shopify API Error:","timestamp":"2026-06-27T19:45:58.405Z"}
{"level":"error","message":"❌ Failed to update inventory:","timestamp":"2026-06-27T19:45:58.407Z"}
{"level":"error","message":"❌ Shopify API Error:","timestamp":"2026-06-27T19:45:58.407Z"}
{"level":"error","message":"❌ Failed to update inventory:","timestamp":"2026-06-27T19:45:58.437Z"}
{"level":"error","message":"❌ Shopify API Error:","timestamp":"2026-06-27T19:45:58.437Z"}
{"level":"error","message":"❌ Failed to update inventory:","timestamp":"2026-06-27T19:45:58.456Z"}
{"level":"error","message":"❌ Shopify API Error:","timestamp":"2026-06-27T19:45:58.457Z"}
{"level":"error","message":"❌ Failed to update inventory:","timestamp":"2026-06-27T20:28:14.852Z"}
{"level":"error","message":"❌ Shopify API Error:","timestamp":"2026-06-27T20:28:14.855Z"}
{"level":"error","message":"❌ Failed to update inventory:","timestamp":"2026-06-27T20:28:14.870Z"}
{"level":"error","message":"❌ Shopify API Error:","timestamp":"2026-06-27T20:28:14.870Z"}
{"level":"error","message":"❌ Failed to update inventory:","timestamp":"2026-06-27T20:28:14.874Z"}
{"level":"error","message":"❌ Shopify API Error:","timestamp":"2026-06-27T20:28:14.875Z"}
{"level":"error","message":"❌ Failed to update inventory:","timestamp":"2026-06-27T20:28:14.905Z"}
{"level":"error","message":"❌ Shopify API Error:","timestamp":"2026-06-27T20:28:14.906Z"}
{"level":"error","message":"❌ Failed to update inventory:","timestamp":"2026-06-27T20:28:15.101Z"}
{"level":"error","message":"❌ Shopify API Error:","timestamp":"2026-06-27T20:28:15.102Z"}
{"level":"error","message":"❌ Failed to update inventory:","timestamp":"2026-06-27T20:28:15.724Z"}
{"level":"error","message":"❌ Shopify API Error:","timestamp":"2026-06-27T20:28:15.724Z"}
{"level":"error","message":"❌ Failed to update inventory:","timestamp":"2026-06-27T20:28:15.753Z"}
{"level":"error","message":"❌ Shopify API Error:","timestamp":"2026-06-27T20:28:15.753Z"}
{"level":"error","message":"❌ Failed to update inventory:","timestamp":"2026-06-27T20:28:15.775Z"}
{"level":"error","message":"❌ Shopify API Error:","timestamp":"2026-06-27T20:28:15.775Z"}
{"level":"error","message":"❌ Failed to update inventory:","timestamp":"2026-06-27T20:28:15.897Z"}
{"level":"error","message":"❌ Shopify API Error:","timestamp":"2026-06-27T20:28:15.898Z"}
{"level":"error","message":"❌ Failed to update inventory:","timestamp":"2026-06-27T20:28:16.552Z"}
{"level":"error","message":"❌ Shopify API Error:","timestamp":"2026-06-27T20:28:16.552Z"}
{"level":"error","message":"❌ Failed to update inventory:","timestamp":"2026-06-27T20:28:16.566Z"}
{"level":"error","message":"❌ Shopify API Error:","timestamp":"2026-06-27T20:28:16.567Z"}
{"level":"error","message":"❌ Failed to update inventory:","timestamp":"2026-06-27T20:28:16.667Z"}
{"level":"error","message":"❌ Shopify API Error:","timestamp":"2026-06-27T20:28:16.667Z"}
{"level":"error","message":"❌ Failed to update inventory:","timestamp":"2026-06-27T20:28:17.366Z"}
{"level":"error","message":"❌ Shopify API Error:","timestamp":"2026-06-27T20:28:17.366Z"}
{"level":"error","message":"❌ Failed to update inventory:","timestamp":"2026-06-27T20:28:17.420Z"}
{"level":"error","message":"❌ Shopify API Error:","timestamp":"2026-06-27T20:28:17.421Z"}
{"level":"error","message":"❌ Failed to update inventory:","timestamp":"2026-06-27T20:28:18.320Z"}
{"level":"error","message":"❌ Shopify API Error:","timestamp":"2026-06-27T20:28:18.321Z"}
{"level":"error","message":"❌ Failed to update inventory:","timestamp":"2026-06-27T20:28:18.342Z"}
{"level":"error","message":"❌ Shopify API Error:","timestamp":"2026-06-27T20:28:18.342Z"}
{"level":"error","message":"❌ Failed to update inventory:","timestamp":"2026-06-27T20:28:19.108Z"}
{"level":"error","message":"❌ Shopify API Error:","timestamp":"2026-06-27T20:28:19.108Z"}
{"level":"error","message":"❌ Failed to update inventory:","timestamp":"2026-06-27T20:28:19.114Z"}
{"level":"error","message":"❌ Shopify API Error:","timestamp":"2026-06-27T20:28:19.115Z"}
{"level":"error","message":"❌ Failed to update inventory:","timestamp":"2026-06-27T20:28:19.118Z"}
{"level":"error","message":"❌ Shopify API Error:","timestamp":"2026-06-27T20:28:19.118Z"}
{"level":"error","message":"❌ Failed to update inventory:","timestamp":"2026-06-27T20:28:19.202Z"}
{"level":"error","message":"❌ Shopify API Error:","timestamp":"2026-06-27T20:28:19.202Z"}
{"level":"error","message":"❌ Failed to update inventory:","timestamp":"2026-06-27T20:28:19.644Z"}
{"level":"error","message":"❌ Shopify API Error:","timestamp":"2026-06-27T20:28:19.644Z"}
{"level":"error","message":"❌ Failed to update inventory:","timestamp":"2026-06-27T20:28:19.659Z"}
{"level":"error","message":"❌ Shopify API Error:","timestamp":"2026-06-27T20:28:19.660Z"}
{"level":"error","message":"❌ Failed to update inventory:","timestamp":"2026-06-27T20:28:19.720Z"}
{"level":"error","message":"❌ Shopify API Error:","timestamp":"2026-06-27T20:28:19.721Z"}
{"level":"error","message":"❌ Failed to update inventory:","timestamp":"2026-06-27T20:28:19.897Z"}
{"level":"error","message":"❌ Shopify API Error:","timestamp":"2026-06-27T20:28:19.898Z"}
{"level":"error","message":"❌ Failed to update inventory:","timestamp":"2026-06-27T20:28:19.898Z"}
{"level":"error","message":"❌ Shopify API Error:","timestamp":"2026-06-27T20:28:19.898Z"}
{"level":"error","message":"❌ Failed to get product 10278438764827:","timestamp":"2026-06-27T20:28:19.915Z"}
{"level":"error","message":"❌ Failed to update inventory:","timestamp":"2026-06-27T20:28:19.933Z"}
{"level":"error","message":"❌ Shopify API Error:","timestamp":"2026-06-27T20:28:19.934Z"}
{"level":"error","message":"❌ Failed to get product 10278376603931:","timestamp":"2026-06-27T20:28:20.171Z"}
{"level":"error","message":"❌ Failed to update inventory:","timestamp":"2026-06-27T20:28:20.677Z"}
{"level":"error","message":"❌ Shopify API Error:","timestamp":"2026-06-27T20:28:20.677Z"}
{"level":"error","message":"❌ Failed to update inventory:","timestamp":"2026-06-27T20:28:20.682Z"}
{"level":"error","message":"❌ Shopify API Error:","timestamp":"2026-06-27T20:28:20.682Z"}
{"level":"error","message":"❌ Failed to update inventory:","timestamp":"2026-06-27T20:28:20.684Z"}
{"level":"error","message":"❌ Shopify API Error:","timestamp":"2026-06-27T20:28:20.684Z"}
{"level":"error","message":"❌ Failed to update inventory:","timestamp":"2026-06-27T20:28:20.709Z"}
{"level":"error","message":"❌ Shopify API Error:","timestamp":"2026-06-27T20:28:20.709Z"}
{"level":"error","message":"❌ Failed to update inventory:","timestamp":"2026-06-27T20:28:20.729Z"}
{"level":"error","message":"❌ Shopify API Error:","timestamp":"2026-06-27T20:28:20.729Z"}
{"level":"error","message":"❌ Failed to get product 10278454493467:","timestamp":"2026-06-27T20:28:20.922Z"}
{"level":"error","message":"❌ Failed to get product 10278446989595:","timestamp":"2026-06-27T20:28:21.203Z"}
{"level":"error","message":"❌ Failed to update inventory:","timestamp":"2026-06-27T20:28:21.276Z"}
{"level":"error","message":"❌ Shopify API Error:","timestamp":"2026-06-27T20:28:21.276Z"}
{"level":"error","message":"❌ Failed to update inventory:","timestamp":"2026-06-27T20:28:21.714Z"}
{"level":"error","message":"❌ Shopify API Error:","timestamp":"2026-06-27T20:28:21.715Z"}
{"level":"error","message":"❌ Failed to update inventory:","timestamp":"2026-06-27T20:28:21.722Z"}
{"level":"error","message":"❌ Shopify API Error:","timestamp":"2026-06-27T20:28:21.722Z"}
{"level":"error","message":"❌ Failed to update inventory:","timestamp":"2026-06-27T20:28:22.212Z"}
{"level":"error","message":"❌ Shopify API Error:","timestamp":"2026-06-27T20:28:22.212Z"}
{"level":"error","message":"❌ Failed to update inventory:","timestamp":"2026-06-27T20:28:22.215Z"}
{"level":"error","message":"❌ Shopify API Error:","timestamp":"2026-06-27T20:28:22.216Z"}
{"level":"error","message":"❌ Failed to update inventory:","timestamp":"2026-06-27T20:28:22.220Z"}
{"level":"error","message":"❌ Shopify API Error:","timestamp":"2026-06-27T20:28:22.221Z"}
{"level":"error","message":"❌ Failed to update inventory:","timestamp":"2026-06-27T20:28:22.705Z"}
{"level":"error","message":"❌ Shopify API Error:","timestamp":"2026-06-27T20:28:22.706Z"}
{"level":"error","message":"❌ Failed to update inventory:","timestamp":"2026-06-27T20:28:22.716Z"}
{"level":"error","message":"❌ Shopify API Error:","timestamp":"2026-06-27T20:28:22.727Z"}
{"level":"error","message":"❌ Failed to update inventory:","timestamp":"2026-06-27T20:28:22.751Z"}
{"level":"error","message":"❌ Shopify API Error:","timestamp":"2026-06-27T20:28:22.751Z"}
{"level":"error","message":"❌ Failed to update inventory:","timestamp":"2026-06-27T20:28:22.753Z"}
{"level":"error","message":"❌ Shopify API Error:","timestamp":"2026-06-27T20:28:22.754Z"}
{"level":"error","message":"❌ Failed to update inventory:","timestamp":"2026-06-27T20:28:23.202Z"}
{"level":"error","message":"❌ Shopify API Error:","timestamp":"2026-06-27T20:28:23.203Z"}
{"level":"error","message":"❌ Failed to update inventory:","timestamp":"2026-06-27T20:28:23.214Z"}
{"level":"error","message":"❌ Shopify API Error:","timestamp":"2026-06-27T20:28:23.215Z"}
{"level":"error","message":"❌ Failed to update inventory:","timestamp":"2026-06-27T20:28:23.217Z"}
{"level":"error","message":"❌ Shopify API Error:","timestamp":"2026-06-27T20:28:23.218Z"}
{"level":"error","message":"❌ Failed to update inventory:","timestamp":"2026-06-27T20:28:23.221Z"}
{"level":"error","message":"❌ Shopify API Error:","timestamp":"2026-06-27T20:28:23.221Z"}
{"level":"error","message":"❌ Failed to update inventory:","timestamp":"2026-06-27T20:28:23.223Z"}
{"level":"error","message":"❌ Shopify API Error:","timestamp":"2026-06-27T20:28:23.223Z"}
{"level":"error","message":"❌ Failed to update inventory:","timestamp":"2026-06-27T20:28:23.239Z"}
{"level":"error","message":"❌ Shopify API Error:","timestamp":"2026-06-27T20:28:23.239Z"}
{"level":"error","message":"❌ Failed to update inventory:","timestamp":"2026-06-27T20:28:23.743Z"}
{"level":"error","message":"❌ Shopify API Error:","timestamp":"2026-06-27T20:28:23.743Z"}
{"level":"error","message":"❌ Failed to update inventory:","timestamp":"2026-06-27T20:28:23.748Z"}
{"level":"error","message":"❌ Shopify API Error:","timestamp":"2026-06-27T20:28:23.749Z"}
{"level":"error","message":"❌ Failed to update inventory:","timestamp":"2026-06-27T20:28:23.750Z"}
{"level":"error","message":"❌ Shopify API Error:","timestamp":"2026-06-27T20:28:23.750Z"}
{"level":"error","message":"❌ Failed to update inventory:","timestamp":"2026-06-27T20:28:23.771Z"}
{"level":"error","message":"❌ Shopify API Error:","timestamp":"2026-06-27T20:28:23.771Z"}
{"level":"error","message":"❌ Failed to get product 10281706357019:","timestamp":"2026-06-27T20:28:24.016Z"}
{"level":"error","message":"❌ Failed to update inventory:","timestamp":"2026-06-27T20:28:24.089Z"}
{"level":"error","message":"❌ Shopify API Error:","timestamp":"2026-06-27T20:28:24.089Z"}
{"level":"error","message":"❌ Failed to get product 10281733783835:","timestamp":"2026-06-27T20:28:24.269Z"}
{"level":"error","message":"❌ Failed to update inventory:","timestamp":"2026-06-27T20:28:24.742Z"}
{"level":"error","message":"❌ Shopify API Error:","timestamp":"2026-06-27T20:28:24.743Z"}
{"level":"error","message":"❌ Failed to update inventory:","timestamp":"2026-06-27T20:28:24.747Z"}
{"level":"error","message":"❌ Shopify API Error:","timestamp":"2026-06-27T20:28:24.747Z"}
{"level":"error","message":"❌ Failed to update inventory:","timestamp":"2026-06-27T20:28:24.758Z"}
{"level":"error","message":"❌ Shopify API Error:","timestamp":"2026-06-27T20:28:24.759Z"}
{"level":"error","message":"❌ Failed to update inventory:","timestamp":"2026-06-27T20:28:24.763Z"}
{"level":"error","message":"❌ Shopify API Error:","timestamp":"2026-06-27T20:28:24.763Z"}
{"level":"error","message":"❌ Failed to update inventory:","timestamp":"2026-06-27T20:28:24.768Z"}
{"level":"error","message":"❌ Shopify API Error:","timestamp":"2026-06-27T20:28:24.768Z"}
{"level":"error","message":"❌ Failed to get product 10281704423707:","timestamp":"2026-06-27T20:28:24.980Z"}
{"level":"error","message":"❌ Failed to update inventory:","timestamp":"2026-06-27T20:28:25.078Z"}
{"level":"error","message":"❌ Shopify API Error:","timestamp":"2026-06-27T20:28:25.079Z"}
{"level":"error","message":"❌ Failed to get product 10281701048603:","timestamp":"2026-06-27T20:28:25.205Z"}
{"level":"error","message":"❌ Failed to update inventory:","timestamp":"2026-06-27T20:28:25.705Z"}
{"level":"error","message":"❌ Shopify API Error:","timestamp":"2026-06-27T20:28:25.705Z"}
{"level":"error","message":"❌ Failed to update inventory:","timestamp":"2026-06-27T20:28:25.710Z"}
{"level":"error","message":"❌ Shopify API Error:","timestamp":"2026-06-27T20:28:25.710Z"}
{"level":"error","message":"❌ Failed to update inventory:","timestamp":"2026-06-27T20:28:25.717Z"}
{"level":"error","message":"❌ Shopify API Error:","timestamp":"2026-06-27T20:28:25.717Z"}
{"level":"error","message":"❌ Failed to update inventory:","timestamp":"2026-06-27T20:28:25.725Z"}
{"level":"error","message":"❌ Shopify API Error:","timestamp":"2026-06-27T20:28:25.726Z"}
{"level":"error","message":"❌ Failed to update inventory:","timestamp":"2026-06-27T20:28:25.742Z"}
{"level":"error","message":"❌ Shopify API Error:","timestamp":"2026-06-27T20:28:25.743Z"}
{"level":"error","message":"❌ Failed to update inventory:","timestamp":"2026-06-27T20:28:25.753Z"}
{"level":"error","message":"❌ Shopify API Error:","timestamp":"2026-06-27T20:28:25.753Z"}
{"level":"error","message":"❌ Failed to update inventory:","timestamp":"2026-06-27T20:28:26.207Z"}
{"level":"error","message":"❌ Shopify API Error:","timestamp":"2026-06-27T20:28:26.208Z"}
{"level":"error","message":"❌ Failed to update inventory:","timestamp":"2026-06-27T20:28:26.211Z"}
{"level":"error","message":"❌ Shopify API Error:","timestamp":"2026-06-27T20:28:26.212Z"}
{"level":"error","message":"❌ Failed to update inventory:","timestamp":"2026-06-27T20:28:26.218Z"}
{"level":"error","message":"❌ Shopify API Error:","timestamp":"2026-06-27T20:28:26.219Z"}
{"level":"error","message":"❌ Failed to update inventory:","timestamp":"2026-06-27T20:28:26.220Z"}
{"level":"error","message":"❌ Shopify API Error:","timestamp":"2026-06-27T20:28:26.220Z"}
{"level":"error","message":"❌ Failed to update inventory:","timestamp":"2026-06-27T20:28:26.223Z"}
{"level":"error","message":"❌ Shopify API Error:","timestamp":"2026-06-27T20:28:26.224Z"}
{"level":"error","message":"❌ Failed to update inventory:","timestamp":"2026-06-27T20:28:26.227Z"}
{"level":"error","message":"❌ Shopify API Error:","timestamp":"2026-06-27T20:28:26.228Z"}
{"level":"error","message":"❌ Failed to update inventory:","timestamp":"2026-06-27T20:28:26.692Z"}
{"level":"error","message":"❌ Shopify API Error:","timestamp":"2026-06-27T20:28:26.692Z"}
{"level":"error","message":"❌ Failed to update inventory:","timestamp":"2026-06-27T20:28:26.699Z"}
{"level":"error","message":"❌ Shopify API Error:","timestamp":"2026-06-27T20:28:26.700Z"}
{"level":"error","message":"❌ Failed to update inventory:","timestamp":"2026-06-27T20:28:26.701Z"}
{"level":"error","message":"❌ Shopify API Error:","timestamp":"2026-06-27T20:28:26.702Z"}
{"level":"error","message":"❌ Failed to update inventory:","timestamp":"2026-06-27T20:28:26.712Z"}
{"level":"error","message":"❌ Shopify API Error:","timestamp":"2026-06-27T20:28:26.712Z"}
{"level":"error","message":"❌ Failed to update inventory:","timestamp":"2026-06-27T20:28:26.713Z"}
{"level":"error","message":"❌ Shopify API Error:","timestamp":"2026-06-27T20:28:26.714Z"}
{"level":"error","message":"❌ Failed to update inventory:","timestamp":"2026-06-27T20:28:26.723Z"}
{"level":"error","message":"❌ Shopify API Error:","timestamp":"2026-06-27T20:28:26.724Z"}
{"level":"error","message":"❌ Failed to update inventory:","timestamp":"2026-06-27T20:28:27.180Z"}
{"level":"error","message":"❌ Shopify API Error:","timestamp":"2026-06-27T20:28:27.180Z"}
{"level":"error","message":"❌ Failed to update inventory:","timestamp":"2026-06-27T20:28:27.184Z"}
{"level":"error","message":"❌ Shopify API Error:","timestamp":"2026-06-27T20:28:27.185Z"}
{"level":"error","message":"❌ Failed to update inventory:","timestamp":"2026-06-27T20:28:27.200Z"}
{"level":"error","message":"❌ Shopify API Error:","timestamp":"2026-06-27T20:28:27.200Z"}
{"level":"error","message":"❌ Failed to update inventory:","timestamp":"2026-06-27T20:28:27.201Z"}
{"level":"error","message":"❌ Shopify API Error:","timestamp":"2026-06-27T20:28:27.201Z"}
{"level":"error","message":"❌ Failed to update inventory:","timestamp":"2026-06-27T20:28:27.211Z"}
{"level":"error","message":"❌ Shopify API Error:","timestamp":"2026-06-27T20:28:27.212Z"}
{"level":"error","message":"❌ Failed to get product 10281715794203:","timestamp":"2026-06-27T20:28:27.421Z"}
{"level":"error","message":"❌ Failed to get product 10278834307355:","timestamp":"2026-06-27T20:28:27.663Z"}
{"level":"error","message":"❌ Failed to update inventory:","timestamp":"2026-06-27T20:28:27.679Z"}
{"level":"error","message":"❌ Shopify API Error:","timestamp":"2026-06-27T20:28:27.679Z"}
{"level":"error","message":"❌ Failed to update inventory:","timestamp":"2026-06-27T20:28:28.154Z"}
{"level":"error","message":"❌ Shopify API Error:","timestamp":"2026-06-27T20:28:28.154Z"}
{"level":"error","message":"❌ Failed to update inventory:","timestamp":"2026-06-27T20:28:28.162Z"}
{"level":"error","message":"❌ Shopify API Error:","timestamp":"2026-06-27T20:28:28.165Z"}
{"level":"error","message":"❌ Failed to update inventory:","timestamp":"2026-06-27T20:28:28.167Z"}
{"level":"error","message":"❌ Shopify API Error:","timestamp":"2026-06-27T20:28:28.170Z"}
{"level":"error","message":"❌ Failed to get product 10285244842267:","timestamp":"2026-06-27T20:28:28.401Z"}
{"level":"error","message":"❌ Failed to get product 10285236715803:","timestamp":"2026-06-27T20:28:28.636Z"}
{"level":"error","message":"❌ Failed to update inventory:","timestamp":"2026-06-27T20:28:28.656Z"}
{"level":"error","message":"❌ Shopify API Error:","timestamp":"2026-06-27T20:28:28.656Z"}
{"level":"error","message":"❌ Failed to update inventory:","timestamp":"2026-06-27T20:28:29.131Z"}
{"level":"error","message":"❌ Shopify API Error:","timestamp":"2026-06-27T20:28:29.131Z"}
{"level":"error","message":"❌ Failed to update inventory:","timestamp":"2026-06-27T20:28:29.136Z"}
{"level":"error","message":"❌ Shopify API Error:","timestamp":"2026-06-27T20:28:29.136Z"}
{"level":"error","message":"❌ Failed to update inventory:","timestamp":"2026-06-27T20:28:29.140Z"}
{"level":"error","message":"❌ Shopify API Error:","timestamp":"2026-06-27T20:28:29.142Z"}
{"level":"error","message":"❌ Failed to update inventory:","timestamp":"2026-06-27T20:28:29.148Z"}
{"level":"error","message":"❌ Shopify API Error:","timestamp":"2026-06-27T20:28:29.148Z"}
{"level":"error","message":"❌ Failed to update inventory:","timestamp":"2026-06-27T20:28:29.173Z"}
{"level":"error","message":"❌ Shopify API Error:","timestamp":"2026-06-27T20:28:29.173Z"}
{"level":"error","message":"❌ Failed to update inventory:","timestamp":"2026-06-27T20:28:29.626Z"}
{"level":"error","message":"❌ Shopify API Error:","timestamp":"2026-06-27T20:28:29.626Z"}
{"level":"error","message":"❌ Failed to update inventory:","timestamp":"2026-06-27T20:28:29.632Z"}
{"level":"error","message":"❌ Shopify API Error:","timestamp":"2026-06-27T20:28:29.633Z"}
{"level":"error","message":"❌ Failed to update inventory:","timestamp":"2026-06-27T20:28:29.648Z"}
{"level":"error","message":"❌ Shopify API Error:","timestamp":"2026-06-27T20:28:29.648Z"}
{"level":"error","message":"❌ Failed to update inventory:","timestamp":"2026-06-27T20:28:29.671Z"}
{"level":"error","message":"❌ Shopify API Error:","timestamp":"2026-06-27T20:28:29.671Z"}
{"level":"error","message":"❌ Failed to update inventory:","timestamp":"2026-06-27T20:28:29.708Z"}
{"level":"error","message":"❌ Shopify API Error:","timestamp":"2026-06-27T20:28:29.709Z"}
{"level":"error","message":"❌ Failed to update inventory:","timestamp":"2026-06-27T20:28:30.099Z"}
{"level":"error","message":"❌ Shopify API Error:","timestamp":"2026-06-27T20:28:30.100Z"}
{"level":"error","message":"❌ Failed to update inventory:","timestamp":"2026-06-27T20:28:30.109Z"}
{"level":"error","message":"❌ Shopify API Error:","timestamp":"2026-06-27T20:28:30.117Z"}
{"level":"error","message":"❌ Failed to update inventory:","timestamp":"2026-06-27T20:28:30.119Z"}
{"level":"error","message":"❌ Shopify API Error:","timestamp":"2026-06-27T20:28:30.119Z"}
{"level":"error","message":"❌ Failed to update inventory:","timestamp":"2026-06-27T20:28:30.123Z"}
{"level":"error","message":"❌ Shopify API Error:","timestamp":"2026-06-27T20:28:30.123Z"}
{"level":"error","message":"❌ Failed to update inventory:","timestamp":"2026-06-27T20:28:30.151Z"}
{"level":"error","message":"❌ Shopify API Error:","timestamp":"2026-06-27T20:28:30.151Z"}
{"level":"error","message":"❌ Failed to update inventory:","timestamp":"2026-06-27T20:28:30.583Z"}
{"level":"error","message":"❌ Shopify API Error:","timestamp":"2026-06-27T20:28:30.583Z"}
{"level":"error","message":"❌ Failed to update inventory:","timestamp":"2026-06-27T20:28:30.597Z"}
{"level":"error","message":"❌ Shopify API Error:","timestamp":"2026-06-27T20:28:30.598Z"}
{"level":"error","message":"❌ Failed to update inventory:","timestamp":"2026-06-27T20:28:30.599Z"}
{"level":"error","message":"❌ Shopify API Error:","timestamp":"2026-06-27T20:28:30.600Z"}
{"level":"error","message":"❌ Failed to update inventory:","timestamp":"2026-06-27T20:28:30.603Z"}
{"level":"error","message":"❌ Shopify API Error:","timestamp":"2026-06-27T20:28:30.603Z"}
{"level":"error","message":"❌ Failed to update inventory:","timestamp":"2026-06-27T20:28:30.660Z"}
{"level":"error","message":"❌ Shopify API Error:","timestamp":"2026-06-27T20:28:30.660Z"}
{"level":"error","message":"❌ Failed to update inventory:","timestamp":"2026-06-27T20:28:31.067Z"}
{"level":"error","message":"❌ Shopify API Error:","timestamp":"2026-06-27T20:28:31.067Z"}
{"level":"error","message":"❌ Failed to update inventory:","timestamp":"2026-06-27T20:28:31.083Z"}
{"level":"error","message":"❌ Shopify API Error:","timestamp":"2026-06-27T20:28:31.083Z"}
{"level":"error","message":"❌ Failed to update inventory:","timestamp":"2026-06-27T20:28:31.092Z"}
{"level":"error","message":"❌ Shopify API Error:","timestamp":"2026-06-27T20:28:31.093Z"}
{"level":"error","message":"❌ Failed to update inventory:","timestamp":"2026-06-27T20:28:31.104Z"}
{"level":"error","message":"❌ Shopify API Error:","timestamp":"2026-06-27T20:28:31.104Z"}
{"level":"error","message":"❌ Failed to get product 10279460667675:","timestamp":"2026-06-27T20:28:31.309Z"}
{"level":"error","message":"❌ Failed to get product 10279452999963:","timestamp":"2026-06-27T20:28:31.546Z"}
{"level":"error","message":"❌ Failed to update inventory:","timestamp":"2026-06-27T20:28:31.579Z"}
{"level":"error","message":"❌ Shopify API Error:","timestamp":"2026-06-27T20:28:31.579Z"}
{"level":"error","message":"❌ Failed to get product 10284322259227:","timestamp":"2026-06-27T20:28:31.791Z"}
{"level":"error","message":"❌ Failed to update inventory:","timestamp":"2026-06-27T20:28:32.303Z"}
{"level":"error","message":"❌ Shopify API Error:","timestamp":"2026-06-27T20:28:32.304Z"}
{"level":"error","message":"❌ Failed to update inventory:","timestamp":"2026-06-27T20:28:32.313Z"}
{"level":"error","message":"❌ Shopify API Error:","timestamp":"2026-06-27T20:28:32.314Z"}
{"level":"error","message":"❌ Failed to update inventory:","timestamp":"2026-06-27T20:28:32.325Z"}
{"level":"error","message":"❌ Shopify API Error:","timestamp":"2026-06-27T20:28:32.325Z"}
{"level":"error","message":"❌ Failed to update inventory:","timestamp":"2026-06-27T20:28:32.333Z"}
{"level":"error","message":"❌ Shopify API Error:","timestamp":"2026-06-27T20:28:32.334Z"}
{"level":"error","message":"❌ Failed to get product 10284334252315:","timestamp":"2026-06-27T20:28:32.566Z"}
{"level":"error","message":"❌ Failed to update inventory:","timestamp":"2026-06-27T20:28:32.568Z"}
{"level":"error","message":"❌ Shopify API Error:","timestamp":"2026-06-27T20:28:32.568Z"}
{"level":"error","message":"❌ Failed to update inventory:","timestamp":"2026-06-27T20:28:33.041Z"}
{"level":"error","message":"❌ Shopify API Error:","timestamp":"2026-06-27T20:28:33.041Z"}
{"level":"error","message":"❌ Failed to update inventory:","timestamp":"2026-06-27T20:28:33.046Z"}
{"level":"error","message":"❌ Shopify API Error:","timestamp":"2026-06-27T20:28:33.046Z"}
{"level":"error","message":"❌ Failed to update inventory:","timestamp":"2026-06-27T20:28:33.050Z"}
{"level":"error","message":"❌ Shopify API Error:","timestamp":"2026-06-27T20:28:33.050Z"}
{"level":"error","message":"❌ Failed to update inventory:","timestamp":"2026-06-27T20:28:33.065Z"}
{"level":"error","message":"❌ Shopify API Error:","timestamp":"2026-06-27T20:28:33.066Z"}
{"level":"error","message":"❌ Failed to update inventory:","timestamp":"2026-06-27T20:28:33.100Z"}
{"level":"error","message":"❌ Shopify API Error:","timestamp":"2026-06-27T20:28:33.100Z"}
{"level":"error","message":"❌ Failed to update inventory:","timestamp":"2026-06-27T20:28:33.512Z"}
{"level":"error","message":"❌ Shopify API Error:","timestamp":"2026-06-27T20:28:33.512Z"}
{"level":"error","message":"❌ Failed to update inventory:","timestamp":"2026-06-27T20:28:33.555Z"}
{"level":"error","message":"❌ Shopify API Error:","timestamp":"2026-06-27T20:28:33.555Z"}
{"level":"error","message":"❌ Failed to update inventory:","timestamp":"2026-06-27T20:28:33.571Z"}
{"level":"error","message":"❌ Shopify API Error:","timestamp":"2026-06-27T20:28:33.572Z"}
{"level":"error","message":"❌ Failed to get product 10247421133083:","timestamp":"2026-06-27T20:28:33.747Z"}
{"level":"error","message":"❌ Failed to update inventory:","timestamp":"2026-06-27T20:28:34.219Z"}
{"level":"error","message":"❌ Shopify API Error:","timestamp":"2026-06-27T20:28:34.219Z"}
{"level":"error","message":"❌ Failed to update inventory:","timestamp":"2026-06-27T20:28:34.228Z"}
{"level":"error","message":"❌ Shopify API Error:","timestamp":"2026-06-27T20:28:34.228Z"}
{"level":"error","message":"❌ Failed to update inventory:","timestamp":"2026-06-27T20:28:34.234Z"}
{"level":"error","message":"❌ Shopify API Error:","timestamp":"2026-06-27T20:28:34.234Z"}
{"level":"error","message":"❌ Failed to update inventory:","timestamp":"2026-06-27T20:28:34.245Z"}
{"level":"error","message":"❌ Shopify API Error:","timestamp":"2026-06-27T20:28:34.245Z"}
{"level":"error","message":"❌ Failed to get product 10247420772635:","timestamp":"2026-06-27T20:28:34.477Z"}
{"level":"error","message":"❌ Failed to update inventory:","timestamp":"2026-06-27T20:28:34.635Z"}
{"level":"error","message":"❌ Shopify API Error:","timestamp":"2026-06-27T20:28:34.636Z"}
{"level":"error","message":"❌ Failed to get product 10247420805403:","timestamp":"2026-06-27T20:28:34.722Z"}
{"level":"error","message":"❌ Failed to update inventory:","timestamp":"2026-06-27T20:28:35.194Z"}
{"level":"error","message":"❌ Shopify API Error:","timestamp":"2026-06-27T20:28:35.194Z"}
{"level":"error","message":"❌ Failed to update inventory:","timestamp":"2026-06-27T20:28:35.198Z"}
{"level":"error","message":"❌ Shopify API Error:","timestamp":"2026-06-27T20:28:35.198Z"}
{"level":"error","message":"❌ Failed to update inventory:","timestamp":"2026-06-27T20:28:35.209Z"}
{"level":"error","message":"❌ Shopify API Error:","timestamp":"2026-06-27T20:28:35.210Z"}
{"level":"error","message":"❌ Failed to update inventory:","timestamp":"2026-06-27T20:28:35.236Z"}
{"level":"error","message":"❌ Shopify API Error:","timestamp":"2026-06-27T20:28:35.236Z"}
{"level":"error","message":"❌ Failed to update inventory:","timestamp":"2026-06-27T20:28:35.250Z"}
{"level":"error","message":"❌ Shopify API Error:","timestamp":"2026-06-27T20:28:35.250Z"}
{"level":"error","message":"❌ Failed to update inventory:","timestamp":"2026-06-27T20:28:35.671Z"}
{"level":"error","message":"❌ Shopify API Error:","timestamp":"2026-06-27T20:28:35.671Z"}
{"level":"error","message":"❌ Failed to update inventory:","timestamp":"2026-06-27T20:28:35.679Z"}
{"level":"error","message":"❌ Shopify API Error:","timestamp":"2026-06-27T20:28:35.680Z"}
{"level":"error","message":"❌ Failed to update inventory:","timestamp":"2026-06-27T20:28:35.683Z"}
{"level":"error","message":"❌ Shopify API Error:","timestamp":"2026-06-27T20:28:35.684Z"}
{"level":"error","message":"❌ Failed to update inventory:","timestamp":"2026-06-27T20:28:35.690Z"}
{"level":"error","message":"❌ Shopify API Error:","timestamp":"2026-06-27T20:28:35.691Z"}
{"level":"error","message":"❌ Failed to update inventory:","timestamp":"2026-06-27T20:28:35.728Z"}
{"level":"error","message":"❌ Shopify API Error:","timestamp":"2026-06-27T20:28:35.729Z"}
{"level":"error","message":"❌ Failed to update inventory:","timestamp":"2026-06-27T20:28:36.161Z"}
{"level":"error","message":"❌ Shopify API Error:","timestamp":"2026-06-27T20:28:36.161Z"}
{"level":"error","message":"❌ Failed to update inventory:","timestamp":"2026-06-27T20:28:36.168Z"}
{"level":"error","message":"❌ Shopify API Error:","timestamp":"2026-06-27T20:28:36.169Z"}
{"level":"error","message":"❌ Failed to update inventory:","timestamp":"2026-06-27T20:28:36.174Z"}
{"level":"error","message":"❌ Shopify API Error:","timestamp":"2026-06-27T20:28:36.175Z"}
{"level":"error","message":"❌ Failed to update inventory:","timestamp":"2026-06-27T20:28:36.185Z"}
{"level":"error","message":"❌ Shopify API Error:","timestamp":"2026-06-27T20:28:36.185Z"}
{"level":"error","message":"❌ Failed to update inventory:","timestamp":"2026-06-27T20:28:36.663Z"}
{"level":"error","message":"❌ Shopify API Error:","timestamp":"2026-06-27T20:28:36.663Z"}
{"level":"error","message":"❌ Failed to update inventory:","timestamp":"2026-06-27T20:28:36.689Z"}
{"level":"error","message":"❌ Shopify API Error:","timestamp":"2026-06-27T20:28:36.692Z"}
{"level":"error","message":"❌ Failed to update inventory:","timestamp":"2026-06-27T20:28:36.694Z"}
{"level":"error","message":"❌ Shopify API Error:","timestamp":"2026-06-27T20:28:36.694Z"}
{"level":"error","message":"❌ Failed to update inventory:","timestamp":"2026-06-27T20:28:37.154Z"}
{"level":"error","message":"❌ Shopify API Error:","timestamp":"2026-06-27T20:28:37.155Z"}
{"level":"error","message":"❌ Failed to update inventory:","timestamp":"2026-06-27T20:28:37.169Z"}
{"level":"error","message":"❌ Shopify API Error:","timestamp":"2026-06-27T20:28:37.170Z"}
{"level":"error","message":"❌ Failed to update inventory:","timestamp":"2026-06-27T20:28:37.176Z"}
{"level":"error","message":"❌ Shopify API Error:","timestamp":"2026-06-27T20:28:37.176Z"}
{"level":"error","message":"❌ Failed to update inventory:","timestamp":"2026-06-27T20:28:37.189Z"}
{"level":"error","message":"❌ Shopify API Error:","timestamp":"2026-06-27T20:28:37.190Z"}
{"level":"error","message":"❌ Failed to update inventory:","timestamp":"2026-06-27T20:28:37.639Z"}
{"level":"error","message":"❌ Shopify API Error:","timestamp":"2026-06-27T20:28:37.639Z"}
{"level":"error","message":"❌ Failed to update inventory:","timestamp":"2026-06-27T20:28:37.663Z"}
{"level":"error","message":"❌ Shopify API Error:","timestamp":"2026-06-27T20:28:37.663Z"}
{"level":"error","message":"❌ Failed to update inventory:","timestamp":"2026-06-27T20:28:38.108Z"}
{"level":"error","message":"❌ Shopify API Error:","timestamp":"2026-06-27T20:28:38.108Z"}
{"level":"error","message":"❌ Failed to update inventory:","timestamp":"2026-06-27T20:28:38.118Z"}
{"level":"error","message":"❌ Shopify API Error:","timestamp":"2026-06-27T20:28:38.118Z"}
{"level":"error","message":"❌ Failed to update inventory:","timestamp":"2026-06-27T20:28:38.127Z"}
{"level":"error","message":"❌ Shopify API Error:","timestamp":"2026-06-27T20:28:38.128Z"}
{"level":"error","message":"❌ Failed to update inventory:","timestamp":"2026-06-27T20:28:38.151Z"}
{"level":"error","message":"❌ Shopify API Error:","timestamp":"2026-06-27T20:28:38.152Z"}
{"level":"error","message":"❌ Failed to update inventory:","timestamp":"2026-06-27T20:28:38.186Z"}
{"level":"error","message":"❌ Shopify API Error:","timestamp":"2026-06-27T20:28:38.186Z"}
{"level":"error","message":"❌ Failed to update inventory:","timestamp":"2026-06-27T20:28:38.595Z"}
{"level":"error","message":"❌ Shopify API Error:","timestamp":"2026-06-27T20:28:38.595Z"}
{"level":"error","message":"❌ Failed to update inventory:","timestamp":"2026-06-27T20:28:38.610Z"}
{"level":"error","message":"❌ Shopify API Error:","timestamp":"2026-06-27T20:28:38.610Z"}
{"level":"error","message":"❌ Failed to update inventory:","timestamp":"2026-06-27T20:28:38.626Z"}
{"level":"error","message":"❌ Shopify API Error:","timestamp":"2026-06-27T20:28:38.626Z"}
{"level":"error","message":"❌ Failed to update inventory:","timestamp":"2026-06-27T20:28:38.647Z"}
{"level":"error","message":"❌ Shopify API Error:","timestamp":"2026-06-27T20:28:38.647Z"}
{"level":"error","message":"❌ Failed to update inventory:","timestamp":"2026-06-27T20:28:39.079Z"}
{"level":"error","message":"❌ Shopify API Error:","timestamp":"2026-06-27T20:28:39.079Z"}
{"level":"error","message":"❌ Failed to update inventory:","timestamp":"2026-06-27T20:28:39.083Z"}
{"level":"error","message":"❌ Shopify API Error:","timestamp":"2026-06-27T20:28:39.083Z"}
{"level":"error","message":"❌ Failed to update inventory:","timestamp":"2026-06-27T20:28:39.085Z"}
{"level":"error","message":"❌ Shopify API Error:","timestamp":"2026-06-27T20:28:39.086Z"}
{"level":"error","message":"❌ Failed to update inventory:","timestamp":"2026-06-27T20:28:39.088Z"}
{"level":"error","message":"❌ Shopify API Error:","timestamp":"2026-06-27T20:28:39.094Z"}
{"level":"error","message":"❌ Failed to update inventory:","timestamp":"2026-06-27T20:28:39.102Z"}
{"level":"error","message":"❌ Shopify API Error:","timestamp":"2026-06-27T20:28:39.103Z"}
{"level":"error","message":"❌ Failed to update inventory:","timestamp":"2026-06-27T20:28:39.587Z"}
{"level":"error","message":"❌ Shopify API Error:","timestamp":"2026-06-27T20:28:39.587Z"}
{"level":"error","message":"❌ Failed to update inventory:","timestamp":"2026-06-27T20:28:39.595Z"}
{"level":"error","message":"❌ Shopify API Error:","timestamp":"2026-06-27T20:28:39.595Z"}
{"level":"error","message":"❌ Failed to update inventory:","timestamp":"2026-06-27T20:28:39.600Z"}
{"level":"error","message":"❌ Shopify API Error:","timestamp":"2026-06-27T20:28:39.601Z"}
{"level":"error","message":"❌ Failed to update inventory:","timestamp":"2026-06-27T20:28:39.606Z"}
{"level":"error","message":"❌ Shopify API Error:","timestamp":"2026-06-27T20:28:39.606Z"}
{"level":"error","message":"❌ Failed to update inventory:","timestamp":"2026-06-27T20:28:39.619Z"}
{"level":"error","message":"❌ Shopify API Error:","timestamp":"2026-06-27T20:28:39.620Z"}
{"level":"error","message":"❌ Failed to update inventory:","timestamp":"2026-06-27T20:28:40.081Z"}
{"level":"error","message":"❌ Shopify API Error:","timestamp":"2026-06-27T20:28:40.081Z"}
{"level":"error","message":"❌ Failed to update inventory:","timestamp":"2026-06-27T20:28:40.101Z"}
{"level":"error","message":"❌ Shopify API Error:","timestamp":"2026-06-27T20:28:40.101Z"}
{"level":"error","message":"❌ Failed to update inventory:","timestamp":"2026-06-27T20:28:40.124Z"}
{"level":"error","message":"❌ Shopify API Error:","timestamp":"2026-06-27T20:28:40.125Z"}
{"level":"error","message":"❌ Failed to update inventory:","timestamp":"2026-06-27T20:28:40.126Z"}
{"level":"error","message":"❌ Shopify API Error:","timestamp":"2026-06-27T20:28:40.127Z"}
{"level":"error","message":"❌ Failed to update inventory:","timestamp":"2026-06-27T20:28:40.130Z"}
{"level":"error","message":"❌ Shopify API Error:","timestamp":"2026-06-27T20:28:40.130Z"}
{"level":"error","message":"❌ Failed to update inventory:","timestamp":"2026-06-27T20:28:40.566Z"}
{"level":"error","message":"❌ Shopify API Error:","timestamp":"2026-06-27T20:28:40.567Z"}
{"level":"error","message":"❌ Failed to update inventory:","timestamp":"2026-06-27T20:28:40.583Z"}
{"level":"error","message":"❌ Shopify API Error:","timestamp":"2026-06-27T20:28:40.584Z"}
{"level":"error","message":"❌ Failed to update inventory:","timestamp":"2026-06-27T20:28:40.590Z"}
{"level":"error","message":"❌ Shopify API Error:","timestamp":"2026-06-27T20:28:40.591Z"}
{"level":"error","message":"❌ Failed to update inventory:","timestamp":"2026-06-27T20:28:40.608Z"}
{"level":"error","message":"❌ Shopify API Error:","timestamp":"2026-06-27T20:28:40.609Z"}
{"level":"error","message":"❌ Failed to update inventory:","timestamp":"2026-06-27T20:28:40.632Z"}
{"level":"error","message":"❌ Shopify API Error:","timestamp":"2026-06-27T20:28:40.632Z"}
{"level":"error","message":"❌ Failed to update inventory:","timestamp":"2026-06-27T20:28:41.125Z"}
{"level":"error","message":"❌ Shopify API Error:","timestamp":"2026-06-27T20:28:41.125Z"}
{"level":"error","message":"❌ Failed to update inventory:","timestamp":"2026-06-27T20:28:41.131Z"}
{"level":"error","message":"❌ Shopify API Error:","timestamp":"2026-06-27T20:28:41.132Z"}
{"level":"error","message":"❌ Failed to update inventory:","timestamp":"2026-06-27T20:28:41.134Z"}
{"level":"error","message":"❌ Shopify API Error:","timestamp":"2026-06-27T20:28:41.134Z"}
{"level":"error","message":"❌ Failed to update inventory:","timestamp":"2026-06-27T20:28:41.144Z"}
{"level":"error","message":"❌ Shopify API Error:","timestamp":"2026-06-27T20:28:41.145Z"}
{"level":"error","message":"❌ Failed to update inventory:","timestamp":"2026-06-27T20:28:41.152Z"}
{"level":"error","message":"❌ Shopify API Error:","timestamp":"2026-06-27T20:28:41.153Z"}
{"level":"error","message":"❌ Failed to update inventory:","timestamp":"2026-06-27T20:28:41.613Z"}
{"level":"error","message":"❌ Shopify API Error:","timestamp":"2026-06-27T20:28:41.613Z"}
{"level":"error","message":"❌ Failed to update inventory:","timestamp":"2026-06-27T20:28:41.616Z"}
{"level":"error","message":"❌ Shopify API Error:","timestamp":"2026-06-27T20:28:41.617Z"}
{"level":"error","message":"❌ Failed to update inventory:","timestamp":"2026-06-27T20:28:41.629Z"}
{"level":"error","message":"❌ Shopify API Error:","timestamp":"2026-06-27T20:28:41.629Z"}
{"level":"error","message":"❌ Failed to update inventory:","timestamp":"2026-06-27T20:28:41.648Z"}
{"level":"error","message":"❌ Shopify API Error:","timestamp":"2026-06-27T20:28:41.648Z"}
{"level":"error","message":"❌ Failed to update inventory:","timestamp":"2026-06-27T20:28:41.651Z"}
{"level":"error","message":"❌ Shopify API Error:","timestamp":"2026-06-27T20:28:41.652Z"}
{"level":"error","message":"❌ Failed to update inventory:","timestamp":"2026-06-27T20:28:42.068Z"}
{"level":"error","message":"❌ Shopify API Error:","timestamp":"2026-06-27T20:28:42.068Z"}
{"level":"error","message":"❌ Failed to update inventory:","timestamp":"2026-06-27T20:28:42.080Z"}
{"level":"error","message":"❌ Shopify API Error:","timestamp":"2026-06-27T20:28:42.081Z"}
{"level":"error","message":"❌ Failed to update inventory:","timestamp":"2026-06-27T20:28:42.085Z"}
{"level":"error","message":"❌ Shopify API Error:","timestamp":"2026-06-27T20:28:42.085Z"}
{"level":"error","message":"❌ Failed to update inventory:","timestamp":"2026-06-27T20:28:42.086Z"}
{"level":"error","message":"❌ Shopify API Error:","timestamp":"2026-06-27T20:28:42.087Z"}
{"level":"error","message":"❌ Failed to update inventory:","timestamp":"2026-06-27T20:28:42.112Z"}
{"level":"error","message":"❌ Shopify API Error:","timestamp":"2026-06-27T20:28:42.112Z"}
{"level":"error","message":"❌ Failed to update inventory:","timestamp":"2026-06-27T20:28:42.543Z"}
{"level":"error","message":"❌ Shopify API Error:","timestamp":"2026-06-27T20:28:42.543Z"}
{"level":"error","message":"❌ Failed to update inventory:","timestamp":"2026-06-27T20:28:42.547Z"}
{"level":"error","message":"❌ Shopify API Error:","timestamp":"2026-06-27T20:28:42.548Z"}
{"level":"error","message":"❌ Failed to update inventory:","timestamp":"2026-06-27T20:28:42.557Z"}
{"level":"error","message":"❌ Shopify API Error:","timestamp":"2026-06-27T20:28:42.558Z"}
{"level":"error","message":"❌ Failed to update inventory:","timestamp":"2026-06-27T20:28:42.570Z"}
{"level":"error","message":"❌ Shopify API Error:","timestamp":"2026-06-27T20:28:42.570Z"}
{"level":"error","message":"❌ Failed to update inventory:","timestamp":"2026-06-27T20:28:42.587Z"}
{"level":"error","message":"❌ Shopify API Error:","timestamp":"2026-06-27T20:28:42.587Z"}
{"level":"error","message":"❌ Failed to update inventory:","timestamp":"2026-06-27T20:28:43.021Z"}
{"level":"error","message":"❌ Shopify API Error:","timestamp":"2026-06-27T20:28:43.021Z"}
{"level":"error","message":"❌ Failed to update inventory:","timestamp":"2026-06-27T20:28:43.028Z"}
{"level":"error","message":"❌ Shopify API Error:","timestamp":"2026-06-27T20:28:43.028Z"}
{"level":"error","message":"❌ Failed to update inventory:","timestamp":"2026-06-27T20:28:43.047Z"}
{"level":"error","message":"❌ Shopify API Error:","timestamp":"2026-06-27T20:28:43.047Z"}
{"level":"error","message":"❌ Failed to update inventory:","timestamp":"2026-06-27T20:28:43.050Z"}
{"level":"error","message":"❌ Shopify API Error:","timestamp":"2026-06-27T20:28:43.051Z"}
{"level":"error","message":"❌ Failed to update inventory:","timestamp":"2026-06-27T20:28:43.057Z"}
{"level":"error","message":"❌ Shopify API Error:","timestamp":"2026-06-27T20:28:43.057Z"}
{"level":"error","message":"❌ Failed to get product 10285254639899:","timestamp":"2026-06-27T20:28:43.267Z"}
{"level":"error","message":"❌ Failed to update inventory:","timestamp":"2026-06-27T20:28:43.753Z"}
{"level":"error","message":"❌ Shopify API Error:","timestamp":"2026-06-27T20:28:43.753Z"}
{"level":"error","message":"❌ Failed to update inventory:","timestamp":"2026-06-27T20:28:43.757Z"}
{"level":"error","message":"❌ Shopify API Error:","timestamp":"2026-06-27T20:28:43.757Z"}
{"level":"error","message":"❌ Failed to update inventory:","timestamp":"2026-06-27T20:28:43.760Z"}
{"level":"error","message":"❌ Shopify API Error:","timestamp":"2026-06-27T20:28:43.761Z"}
{"level":"error","message":"❌ Failed to update inventory:","timestamp":"2026-06-27T20:28:43.765Z"}
{"level":"error","message":"❌ Shopify API Error:","timestamp":"2026-06-27T20:28:43.765Z"}
{"level":"error","message":"❌ Failed to update inventory:","timestamp":"2026-06-27T20:28:43.791Z"}
{"level":"error","message":"❌ Shopify API Error:","timestamp":"2026-06-27T20:28:43.791Z"}
{"level":"error","message":"❌ Failed to get product 10280080539931:","timestamp":"2026-06-27T20:28:44.005Z"}
{"level":"error","message":"❌ Failed to update inventory:","timestamp":"2026-06-27T20:28:44.062Z"}
{"level":"error","message":"❌ Shopify API Error:","timestamp":"2026-06-27T20:28:44.062Z"}
{"level":"error","message":"❌ Failed to get product 10280090960155:","timestamp":"2026-06-27T20:28:44.255Z"}
{"level":"error","message":"❌ Failed to update inventory:","timestamp":"2026-06-27T20:28:44.759Z"}
{"level":"error","message":"❌ Shopify API Error:","timestamp":"2026-06-27T20:28:44.759Z"}
{"level":"error","message":"❌ Failed to update inventory:","timestamp":"2026-06-27T20:28:44.765Z"}
{"level":"error","message":"❌ Shopify API Error:","timestamp":"2026-06-27T20:28:44.765Z"}
{"level":"error","message":"❌ Failed to update inventory:","timestamp":"2026-06-27T20:28:44.772Z"}
{"level":"error","message":"❌ Shopify API Error:","timestamp":"2026-06-27T20:28:44.772Z"}
{"level":"error","message":"❌ Failed to update inventory:","timestamp":"2026-06-27T20:28:44.787Z"}
{"level":"error","message":"❌ Shopify API Error:","timestamp":"2026-06-27T20:28:44.788Z"}
{"level":"error","message":"❌ Failed to get product 10285207650587:","timestamp":"2026-06-27T20:28:45.003Z"}
{"level":"error","message":"❌ Failed to get product 10285203980571:","timestamp":"2026-06-27T20:28:45.231Z"}
{"level":"error","message":"❌ Failed to update inventory:","timestamp":"2026-06-27T20:28:45.293Z"}
{"level":"error","message":"❌ Shopify API Error:","timestamp":"2026-06-27T20:28:45.293Z"}
{"level":"error","message":"❌ Failed to update inventory:","timestamp":"2026-06-27T20:28:45.710Z"}
{"level":"error","message":"❌ Shopify API Error:","timestamp":"2026-06-27T20:28:45.710Z"}
{"level":"error","message":"❌ Failed to update inventory:","timestamp":"2026-06-27T20:28:45.722Z"}
{"level":"error","message":"❌ Shopify API Error:","timestamp":"2026-06-27T20:28:45.725Z"}
{"level":"error","message":"❌ Failed to update inventory:","timestamp":"2026-06-27T20:28:45.739Z"}
{"level":"error","message":"❌ Shopify API Error:","timestamp":"2026-06-27T20:28:45.740Z"}
{"level":"error","message":"❌ Failed to update inventory:","timestamp":"2026-06-27T20:28:45.745Z"}
{"level":"error","message":"❌ Shopify API Error:","timestamp":"2026-06-27T20:28:45.747Z"}
{"level":"error","message":"❌ Failed to update inventory:","timestamp":"2026-06-27T20:28:45.748Z"}
{"level":"error","message":"❌ Shopify API Error:","timestamp":"2026-06-27T20:28:45.749Z"}
{"level":"error","message":"❌ Failed to update inventory:","timestamp":"2026-06-27T20:28:46.258Z"}
{"level":"error","message":"❌ Shopify API Error:","timestamp":"2026-06-27T20:28:46.259Z"}
{"level":"error","message":"❌ Failed to update inventory:","timestamp":"2026-06-27T20:28:46.284Z"}
{"level":"error","message":"❌ Shopify API Error:","timestamp":"2026-06-27T20:28:46.284Z"}
{"level":"error","message":"❌ Failed to update inventory:","timestamp":"2026-06-27T20:28:46.297Z"}
{"level":"error","message":"❌ Shopify API Error:","timestamp":"2026-06-27T20:28:46.297Z"}
{"level":"error","message":"❌ Failed to update inventory:","timestamp":"2026-06-27T20:28:46.299Z"}
{"level":"error","message":"❌ Shopify API Error:","timestamp":"2026-06-27T20:28:46.300Z"}
{"level":"error","message":"❌ Failed to get product 10285208502555:","timestamp":"2026-06-27T20:28:46.511Z"}
{"level":"error","message":"❌ Failed to update inventory:","timestamp":"2026-06-27T20:28:46.554Z"}
{"level":"error","message":"❌ Shopify API Error:","timestamp":"2026-06-27T20:28:46.554Z"}
{"level":"error","message":"❌ Failed to get product 10285209223451:","timestamp":"2026-06-27T20:28:46.779Z"}
{"level":"error","message":"❌ Failed to update inventory:","timestamp":"2026-06-27T20:28:47.299Z"}
{"level":"error","message":"❌ Shopify API Error:","timestamp":"2026-06-27T20:28:47.299Z"}
{"level":"error","message":"❌ Failed to update inventory:","timestamp":"2026-06-27T20:28:47.331Z"}
{"level":"error","message":"❌ Shopify API Error:","timestamp":"2026-06-27T20:28:47.331Z"}
{"level":"error","message":"❌ Failed to get product 10281739845915:","timestamp":"2026-06-27T20:28:47.536Z"}
{"level":"error","message":"❌ Failed to update inventory:","timestamp":"2026-06-27T20:28:47.554Z"}
{"level":"error","message":"❌ Shopify API Error:","timestamp":"2026-06-27T20:28:47.554Z"}
{"level":"error","message":"❌ Failed to get product 10281687417115:","timestamp":"2026-06-27T20:28:47.756Z"}
{"level":"error","message":"❌ Failed to update inventory:","timestamp":"2026-06-27T20:28:48.241Z"}
{"level":"error","message":"❌ Shopify API Error:","timestamp":"2026-06-27T20:28:48.241Z"}
{"level":"error","message":"❌ Failed to update inventory:","timestamp":"2026-06-27T20:28:48.248Z"}
{"level":"error","message":"❌ Shopify API Error:","timestamp":"2026-06-27T20:28:48.248Z"}
{"level":"error","message":"❌ Failed to update inventory:","timestamp":"2026-06-27T20:28:48.250Z"}
{"level":"error","message":"❌ Shopify API Error:","timestamp":"2026-06-27T20:28:48.250Z"}
{"level":"error","message":"❌ Failed to update inventory:","timestamp":"2026-06-27T20:28:48.313Z"}
{"level":"error","message":"❌ Shopify API Error:","timestamp":"2026-06-27T20:28:48.314Z"}
{"level":"error","message":"❌ Failed to get product 10278497681691:","timestamp":"2026-06-27T20:28:48.494Z"}
{"level":"error","message":"❌ Failed to update inventory:","timestamp":"2026-06-27T20:28:48.547Z"}
{"level":"error","message":"❌ Shopify API Error:","timestamp":"2026-06-27T20:28:48.547Z"}
{"level":"error","message":"❌ Failed to get product 10278502957339:","timestamp":"2026-06-27T20:28:48.729Z"}
{"level":"error","message":"❌ Failed to update inventory:","timestamp":"2026-06-27T20:28:49.201Z"}
{"level":"error","message":"❌ Shopify API Error:","timestamp":"2026-06-27T20:28:49.202Z"}
{"level":"error","message":"❌ Failed to update inventory:","timestamp":"2026-06-27T20:28:49.216Z"}
{"level":"error","message":"❌ Shopify API Error:","timestamp":"2026-06-27T20:28:49.217Z"}
{"level":"error","message":"❌ Failed to update inventory:","timestamp":"2026-06-27T20:28:49.224Z"}
{"level":"error","message":"❌ Shopify API Error:","timestamp":"2026-06-27T20:28:49.224Z"}
{"level":"error","message":"❌ Failed to update inventory:","timestamp":"2026-06-27T20:28:49.227Z"}
{"level":"error","message":"❌ Shopify API Error:","timestamp":"2026-06-27T20:28:49.227Z"}
{"level":"error","message":"❌ Failed to update inventory:","timestamp":"2026-06-27T20:28:49.249Z"}
{"level":"error","message":"❌ Shopify API Error:","timestamp":"2026-06-27T20:28:49.250Z"}
{"level":"error","message":"❌ Failed to update inventory:","timestamp":"2026-06-27T20:28:49.706Z"}
{"level":"error","message":"❌ Shopify API Error:","timestamp":"2026-06-27T20:28:49.706Z"}
{"level":"error","message":"❌ Failed to update inventory:","timestamp":"2026-06-27T20:28:49.713Z"}
{"level":"error","message":"❌ Shopify API Error:","timestamp":"2026-06-27T20:28:49.713Z"}
{"level":"error","message":"❌ Failed to update inventory:","timestamp":"2026-06-27T20:28:49.739Z"}
{"level":"error","message":"❌ Shopify API Error:","timestamp":"2026-06-27T20:28:49.739Z"}
{"level":"error","message":"❌ Failed to update inventory:","timestamp":"2026-06-27T20:28:49.742Z"}
{"level":"error","message":"❌ Shopify API Error:","timestamp":"2026-06-27T20:28:49.743Z"}
{"level":"error","message":"❌ Failed to update inventory:","timestamp":"2026-06-27T20:28:49.805Z"}
{"level":"error","message":"❌ Shopify API Error:","timestamp":"2026-06-27T20:28:49.806Z"}
{"level":"error","message":"❌ Failed to update inventory:","timestamp":"2026-06-27T20:28:50.213Z"}
{"level":"error","message":"❌ Shopify API Error:","timestamp":"2026-06-27T20:28:50.213Z"}
{"level":"error","message":"❌ Failed to update inventory:","timestamp":"2026-06-27T20:28:50.216Z"}
{"level":"error","message":"❌ Shopify API Error:","timestamp":"2026-06-27T20:28:50.216Z"}
{"level":"error","message":"❌ Failed to update inventory:","timestamp":"2026-06-27T20:28:50.217Z"}
{"level":"error","message":"❌ Shopify API Error:","timestamp":"2026-06-27T20:28:50.217Z"}
{"level":"error","message":"❌ Failed to update inventory:","timestamp":"2026-06-27T20:28:50.231Z"}
{"level":"error","message":"❌ Shopify API Error:","timestamp":"2026-06-27T20:28:50.232Z"}
{"level":"error","message":"❌ Failed to update inventory:","timestamp":"2026-06-27T20:28:50.240Z"}
{"level":"error","message":"❌ Shopify API Error:","timestamp":"2026-06-27T20:28:50.241Z"}
{"level":"error","message":"❌ Failed to get product 10281745449243:","timestamp":"2026-06-27T20:28:50.468Z"}
{"level":"error","message":"❌ Failed to get product 10281743941915:","timestamp":"2026-06-27T20:28:50.725Z"}
{"level":"error","message":"❌ Failed to update inventory:","timestamp":"2026-06-27T20:28:50.936Z"}
{"level":"error","message":"❌ Shopify API Error:","timestamp":"2026-06-27T20:28:50.937Z"}
{"level":"error","message":"❌ Failed to get product 10280948564251:","timestamp":"2026-06-27T20:28:50.983Z"}
{"level":"error","message":"❌ Failed to get product 10280952103195:","timestamp":"2026-06-27T20:28:51.215Z"}
{"level":"error","message":"❌ Failed to update inventory:","timestamp":"2026-06-27T20:28:51.694Z"}
{"level":"error","message":"❌ Shopify API Error:","timestamp":"2026-06-27T20:28:51.694Z"}
{"level":"error","message":"❌ Failed to update inventory:","timestamp":"2026-06-27T20:28:51.699Z"}
{"level":"error","message":"❌ Shopify API Error:","timestamp":"2026-06-27T20:28:51.700Z"}
{"level":"error","message":"❌ Failed to update inventory:","timestamp":"2026-06-27T20:28:51.706Z"}
{"level":"error","message":"❌ Shopify API Error:","timestamp":"2026-06-27T20:28:51.706Z"}
{"level":"error","message":"❌ Failed to update inventory:","timestamp":"2026-06-27T20:28:51.707Z"}
{"level":"error","message":"❌ Shopify API Error:","timestamp":"2026-06-27T20:28:51.707Z"}
{"level":"error","message":"❌ Failed to update inventory:","timestamp":"2026-06-27T20:28:51.723Z"}
{"level":"error","message":"❌ Shopify API Error:","timestamp":"2026-06-27T20:28:51.723Z"}
{"level":"error","message":"❌ Failed to update inventory:","timestamp":"2026-06-27T20:28:51.735Z"}
{"level":"error","message":"❌ Shopify API Error:","timestamp":"2026-06-27T20:28:51.736Z"}
{"level":"error","message":"❌ Failed to update inventory:","timestamp":"2026-06-27T20:28:51.767Z"}
{"level":"error","message":"❌ Shopify API Error:","timestamp":"2026-06-27T20:28:51.767Z"}
{"level":"error","message":"❌ Failed to update inventory:","timestamp":"2026-06-27T20:28:52.165Z"}
{"level":"error","message":"❌ Shopify API Error:","timestamp":"2026-06-27T20:28:52.166Z"}
{"level":"error","message":"❌ Failed to update inventory:","timestamp":"2026-06-27T20:28:52.172Z"}
{"level":"error","message":"❌ Shopify API Error:","timestamp":"2026-06-27T20:28:52.173Z"}
{"level":"error","message":"❌ Failed to update inventory:","timestamp":"2026-06-27T20:28:52.174Z"}
{"level":"error","message":"❌ Shopify API Error:","timestamp":"2026-06-27T20:28:52.174Z"}
{"level":"error","message":"❌ Failed to update inventory:","timestamp":"2026-06-27T20:28:52.186Z"}
{"level":"error","message":"❌ Shopify API Error:","timestamp":"2026-06-27T20:28:52.186Z"}
{"level":"error","message":"❌ Failed to update inventory:","timestamp":"2026-06-27T20:28:52.195Z"}
{"level":"error","message":"❌ Shopify API Error:","timestamp":"2026-06-27T20:28:52.195Z"}
{"level":"error","message":"❌ Failed to update inventory:","timestamp":"2026-06-27T20:28:52.258Z"}
{"level":"error","message":"❌ Shopify API Error:","timestamp":"2026-06-27T20:28:52.258Z"}
{"level":"error","message":"❌ Failed to update inventory:","timestamp":"2026-06-27T20:28:52.649Z"}
{"level":"error","message":"❌ Shopify API Error:","timestamp":"2026-06-27T20:28:52.650Z"}
{"level":"error","message":"❌ Failed to update inventory:","timestamp":"2026-06-27T20:28:52.653Z"}
{"level":"error","message":"❌ Shopify API Error:","timestamp":"2026-06-27T20:28:52.653Z"}
{"level":"error","message":"❌ Failed to update inventory:","timestamp":"2026-06-27T20:28:52.654Z"}
{"level":"error","message":"❌ Shopify API Error:","timestamp":"2026-06-27T20:28:52.654Z"}
{"level":"error","message":"❌ Failed to update inventory:","timestamp":"2026-06-27T20:28:52.666Z"}
{"level":"error","message":"❌ Shopify API Error:","timestamp":"2026-06-27T20:28:52.666Z"}
{"level":"error","message":"❌ Failed to update inventory:","timestamp":"2026-06-27T20:28:52.666Z"}
{"level":"error","message":"❌ Shopify API Error:","timestamp":"2026-06-27T20:28:52.667Z"}
{"level":"error","message":"❌ Failed to update inventory:","timestamp":"2026-06-27T20:28:52.733Z"}
{"level":"error","message":"❌ Shopify API Error:","timestamp":"2026-06-27T20:28:52.733Z"}
{"level":"error","message":"❌ Failed to update inventory:","timestamp":"2026-06-27T20:28:53.170Z"}
{"level":"error","message":"❌ Shopify API Error:","timestamp":"2026-06-27T20:28:53.170Z"}
{"level":"error","message":"❌ Failed to update inventory:","timestamp":"2026-06-27T20:28:53.174Z"}
{"level":"error","message":"❌ Shopify API Error:","timestamp":"2026-06-27T20:28:53.174Z"}
{"level":"error","message":"❌ Failed to update inventory:","timestamp":"2026-06-27T20:28:53.184Z"}
{"level":"error","message":"❌ Shopify API Error:","timestamp":"2026-06-27T20:28:53.184Z"}
{"level":"error","message":"❌ Failed to get product 10279063748891:","timestamp":"2026-06-27T20:28:53.409Z"}
{"level":"error","message":"❌ Failed to get product 10279072891163:","timestamp":"2026-06-27T20:28:53.637Z"}
{"level":"error","message":"❌ Failed to update inventory:","timestamp":"2026-06-27T20:28:53.654Z"}
{"level":"error","message":"❌ Shopify API Error:","timestamp":"2026-06-27T20:28:53.654Z"}
{"level":"error","message":"❌ Failed to update inventory:","timestamp":"2026-06-27T20:28:54.159Z"}
{"level":"error","message":"❌ Shopify API Error:","timestamp":"2026-06-27T20:28:54.159Z"}
{"level":"error","message":"❌ Failed to update inventory:","timestamp":"2026-06-27T20:28:54.163Z"}
{"level":"error","message":"❌ Shopify API Error:","timestamp":"2026-06-27T20:28:54.163Z"}
{"level":"error","message":"❌ Failed to update inventory:","timestamp":"2026-06-27T20:28:54.164Z"}
{"level":"error","message":"❌ Shopify API Error:","timestamp":"2026-06-27T20:28:54.164Z"}
{"level":"error","message":"❌ Failed to update inventory:","timestamp":"2026-06-27T20:28:54.165Z"}
{"level":"error","message":"❌ Shopify API Error:","timestamp":"2026-06-27T20:28:54.165Z"}
{"level":"error","message":"❌ Failed to update inventory:","timestamp":"2026-06-27T20:28:54.176Z"}
{"level":"error","message":"❌ Shopify API Error:","timestamp":"2026-06-27T20:28:54.177Z"}
{"level":"error","message":"❌ Failed to update inventory:","timestamp":"2026-06-27T20:28:54.181Z"}
{"level":"error","message":"❌ Shopify API Error:","timestamp":"2026-06-27T20:28:54.181Z"}
{"level":"error","message":"❌ Failed to update inventory:","timestamp":"2026-06-27T20:28:54.182Z"}
{"level":"error","message":"❌ Shopify API Error:","timestamp":"2026-06-27T20:28:54.182Z"}
{"level":"error","message":"❌ Failed to update inventory:","timestamp":"2026-06-27T20:28:54.183Z"}
{"level":"error","message":"❌ Shopify API Error:","timestamp":"2026-06-27T20:28:54.183Z"}
{"level":"error","message":"❌ Failed to update inventory:","timestamp":"2026-06-27T20:28:54.228Z"}
{"level":"error","message":"❌ Shopify API Error:","timestamp":"2026-06-27T20:28:54.228Z"}
{"level":"error","message":"❌ Failed to update inventory:","timestamp":"2026-06-27T20:28:54.244Z"}
{"level":"error","message":"❌ Shopify API Error:","timestamp":"2026-06-27T20:28:54.244Z"}
{"level":"error","message":"❌ Failed to update inventory:","timestamp":"2026-06-27T20:28:54.860Z"}
{"level":"error","message":"❌ Shopify API Error:","timestamp":"2026-06-27T20:28:54.861Z"}
{"level":"error","message":"❌ Failed to update inventory:","timestamp":"2026-06-27T20:28:54.863Z"}
{"level":"error","message":"❌ Shopify API Error:","timestamp":"2026-06-27T20:28:54.863Z"}
{"level":"error","message":"❌ Failed to update inventory:","timestamp":"2026-06-27T20:28:54.878Z"}
{"level":"error","message":"❌ Shopify API Error:","timestamp":"2026-06-27T20:28:54.878Z"}
{"level":"error","message":"❌ Failed to update inventory:","timestamp":"2026-06-27T20:28:54.886Z"}
{"level":"error","message":"❌ Shopify API Error:","timestamp":"2026-06-27T20:28:54.887Z"}
{"level":"error","message":"❌ Failed to update inventory:","timestamp":"2026-06-27T20:28:54.927Z"}
{"level":"error","message":"❌ Shopify API Error:","timestamp":"2026-06-27T20:28:54.928Z"}
{"level":"error","message":"❌ Failed to update inventory:","timestamp":"2026-06-27T20:28:54.947Z"}
{"level":"error","message":"❌ Shopify API Error:","timestamp":"2026-06-27T20:28:54.948Z"}
{"level":"error","message":"❌ Failed to get product 10279364952347:","timestamp":"2026-06-27T20:28:55.100Z"}
{"level":"error","message":"❌ Failed to update inventory:","timestamp":"2026-06-27T20:28:55.154Z"}
{"level":"error","message":"❌ Shopify API Error:","timestamp":"2026-06-27T20:28:55.154Z"}
{"level":"error","message":"❌ Failed to update inventory:","timestamp":"2026-06-27T20:28:55.591Z"}
{"level":"error","message":"❌ Shopify API Error:","timestamp":"2026-06-27T20:28:55.591Z"}
{"level":"error","message":"❌ Failed to update inventory:","timestamp":"2026-06-27T20:28:55.597Z"}
{"level":"error","message":"❌ Shopify API Error:","timestamp":"2026-06-27T20:28:55.598Z"}
{"level":"error","message":"❌ Failed to update inventory:","timestamp":"2026-06-27T20:28:55.610Z"}
{"level":"error","message":"❌ Shopify API Error:","timestamp":"2026-06-27T20:28:55.610Z"}
{"level":"error","message":"❌ Failed to update inventory:","timestamp":"2026-06-27T20:28:55.620Z"}
{"level":"error","message":"❌ Shopify API Error:","timestamp":"2026-06-27T20:28:55.621Z"}
{"level":"error","message":"❌ Failed to update inventory:","timestamp":"2026-06-27T20:28:55.658Z"}
{"level":"error","message":"❌ Shopify API Error:","timestamp":"2026-06-27T20:28:55.659Z"}
{"level":"error","message":"❌ Failed to update inventory:","timestamp":"2026-06-27T20:28:55.661Z"}
{"level":"error","message":"❌ Shopify API Error:","timestamp":"2026-06-27T20:28:55.661Z"}
{"level":"error","message":"❌ Failed to update inventory:","timestamp":"2026-06-27T20:28:56.084Z"}
{"level":"error","message":"❌ Shopify API Error:","timestamp":"2026-06-27T20:28:56.084Z"}
{"level":"error","message":"❌ Failed to update inventory:","timestamp":"2026-06-27T20:28:56.095Z"}
{"level":"error","message":"❌ Shopify API Error:","timestamp":"2026-06-27T20:28:56.095Z"}
{"level":"error","message":"❌ Failed to update inventory:","timestamp":"2026-06-27T20:28:56.103Z"}
{"level":"error","message":"❌ Shopify API Error:","timestamp":"2026-06-27T20:28:56.103Z"}
{"level":"error","message":"❌ Failed to update inventory:","timestamp":"2026-06-27T20:28:56.104Z"}
{"level":"error","message":"❌ Shopify API Error:","timestamp":"2026-06-27T20:28:56.104Z"}
{"level":"error","message":"❌ Failed to update inventory:","timestamp":"2026-06-27T20:28:56.136Z"}
{"level":"error","message":"❌ Shopify API Error:","timestamp":"2026-06-27T20:28:56.136Z"}
{"level":"error","message":"❌ Failed to update inventory:","timestamp":"2026-06-27T20:28:56.165Z"}
{"level":"error","message":"❌ Shopify API Error:","timestamp":"2026-06-27T20:28:56.166Z"}
{"level":"error","message":"❌ Failed to update inventory:","timestamp":"2026-06-27T20:28:56.567Z"}
{"level":"error","message":"❌ Shopify API Error:","timestamp":"2026-06-27T20:28:56.567Z"}
{"level":"error","message":"❌ Failed to update inventory:","timestamp":"2026-06-27T20:28:56.571Z"}
{"level":"error","message":"❌ Shopify API Error:","timestamp":"2026-06-27T20:28:56.571Z"}
{"level":"error","message":"❌ Failed to update inventory:","timestamp":"2026-06-27T20:28:56.592Z"}
{"level":"error","message":"❌ Shopify API Error:","timestamp":"2026-06-27T20:28:56.592Z"}
{"level":"error","message":"❌ Failed to update inventory:","timestamp":"2026-06-27T20:28:56.594Z"}
{"level":"error","message":"❌ Shopify API Error:","timestamp":"2026-06-27T20:28:56.594Z"}
{"level":"error","message":"❌ Failed to update inventory:","timestamp":"2026-06-27T20:28:56.655Z"}
{"level":"error","message":"❌ Shopify API Error:","timestamp":"2026-06-27T20:28:56.655Z"}
{"level":"error","message":"❌ Failed to update inventory:","timestamp":"2026-06-27T20:28:56.895Z"}
{"level":"error","message":"❌ Shopify API Error:","timestamp":"2026-06-27T20:28:56.895Z"}
{"level":"error","message":"❌ Failed to update inventory:","timestamp":"2026-06-27T20:28:57.052Z"}
{"level":"error","message":"❌ Shopify API Error:","timestamp":"2026-06-27T20:28:57.052Z"}
{"level":"error","message":"❌ Failed to update inventory:","timestamp":"2026-06-27T20:28:57.060Z"}
{"level":"error","message":"❌ Shopify API Error:","timestamp":"2026-06-27T20:28:57.061Z"}
{"level":"error","message":"❌ Failed to update inventory:","timestamp":"2026-06-27T20:28:57.061Z"}
{"level":"error","message":"❌ Shopify API Error:","timestamp":"2026-06-27T20:28:57.061Z"}
{"level":"error","message":"❌ Failed to update inventory:","timestamp":"2026-06-27T20:28:57.063Z"}
{"level":"error","message":"❌ Shopify API Error:","timestamp":"2026-06-27T20:28:57.063Z"}
{"level":"error","message":"❌ Failed to update inventory:","timestamp":"2026-06-27T20:28:57.067Z"}
{"level":"error","message":"❌ Shopify API Error:","timestamp":"2026-06-27T20:28:57.068Z"}
{"level":"error","message":"❌ Failed to update inventory:","timestamp":"2026-06-27T20:28:57.132Z"}
{"level":"error","message":"❌ Shopify API Error:","timestamp":"2026-06-27T20:28:57.133Z"}
{"level":"error","message":"❌ Failed to update inventory:","timestamp":"2026-06-27T20:28:57.536Z"}
{"level":"error","message":"❌ Shopify API Error:","timestamp":"2026-06-27T20:28:57.536Z"}
{"level":"error","message":"❌ Failed to update inventory:","timestamp":"2026-06-27T20:28:57.546Z"}
{"level":"error","message":"❌ Shopify API Error:","timestamp":"2026-06-27T20:28:57.546Z"}
{"level":"error","message":"❌ Failed to update inventory:","timestamp":"2026-06-27T20:28:57.559Z"}
{"level":"error","message":"❌ Shopify API Error:","timestamp":"2026-06-27T20:28:57.559Z"}
{"level":"error","message":"❌ Failed to update inventory:","timestamp":"2026-06-27T20:28:57.576Z"}
{"level":"error","message":"❌ Shopify API Error:","timestamp":"2026-06-27T20:28:57.576Z"}
{"level":"error","message":"❌ Failed to update inventory:","timestamp":"2026-06-27T20:28:57.598Z"}
{"level":"error","message":"❌ Shopify API Error:","timestamp":"2026-06-27T20:28:57.598Z"}
{"level":"error","message":"❌ Failed to update inventory:","timestamp":"2026-06-27T20:28:57.622Z"}
{"level":"error","message":"❌ Shopify API Error:","timestamp":"2026-06-27T20:28:57.622Z"}
{"level":"error","message":"❌ Failed to update inventory:","timestamp":"2026-06-27T20:28:58.030Z"}
{"level":"error","message":"❌ Shopify API Error:","timestamp":"2026-06-27T20:28:58.030Z"}
{"level":"error","message":"❌ Failed to update inventory:","timestamp":"2026-06-27T20:28:58.033Z"}
{"level":"error","message":"❌ Shopify API Error:","timestamp":"2026-06-27T20:28:58.033Z"}
{"level":"error","message":"❌ Failed to update inventory:","timestamp":"2026-06-27T20:28:58.034Z"}
{"level":"error","message":"❌ Shopify API Error:","timestamp":"2026-06-27T20:28:58.034Z"}
{"level":"error","message":"❌ Failed to update inventory:","timestamp":"2026-06-27T20:28:58.035Z"}
{"level":"error","message":"❌ Shopify API Error:","timestamp":"2026-06-27T20:28:58.035Z"}
{"level":"error","message":"❌ Failed to update inventory:","timestamp":"2026-06-27T20:28:58.036Z"}
{"level":"error","message":"❌ Shopify API Error:","timestamp":"2026-06-27T20:28:58.036Z"}
{"level":"error","message":"❌ Failed to update inventory:","timestamp":"2026-06-27T20:28:58.136Z"}
{"level":"error","message":"❌ Shopify API Error:","timestamp":"2026-06-27T20:28:58.136Z"}
{"level":"error","message":"❌ Failed to get product 10247418741019:","timestamp":"2026-06-27T20:28:58.277Z"}
{"level":"error","message":"❌ Failed to update inventory:","timestamp":"2026-06-27T20:28:58.730Z"}
{"level":"error","message":"❌ Shopify API Error:","timestamp":"2026-06-27T20:28:58.730Z"}
{"level":"error","message":"❌ Failed to update inventory:","timestamp":"2026-06-27T20:28:58.735Z"}
{"level":"error","message":"❌ Shopify API Error:","timestamp":"2026-06-27T20:28:58.735Z"}
{"level":"error","message":"❌ Failed to update inventory:","timestamp":"2026-06-27T20:28:58.737Z"}
{"level":"error","message":"❌ Shopify API Error:","timestamp":"2026-06-27T20:28:58.737Z"}
{"level":"error","message":"❌ Failed to update inventory:","timestamp":"2026-06-27T20:28:58.749Z"}
{"level":"error","message":"❌ Shopify API Error:","timestamp":"2026-06-27T20:28:58.749Z"}
{"level":"error","message":"❌ Failed to update inventory:","timestamp":"2026-06-27T20:28:58.763Z"}
{"level":"error","message":"❌ Shopify API Error:","timestamp":"2026-06-27T20:28:58.763Z"}
{"level":"error","message":"❌ Failed to get product 10247419199771:","timestamp":"2026-06-27T20:28:58.973Z"}
{"level":"error","message":"❌ Failed to update inventory:","timestamp":"2026-06-27T20:28:59.197Z"}
{"level":"error","message":"❌ Shopify API Error:","timestamp":"2026-06-27T20:28:59.198Z"}
{"level":"error","message":"❌ Failed to get product 10247418609947:","timestamp":"2026-06-27T20:28:59.202Z"}
{"level":"error","message":"❌ Failed to update inventory:","timestamp":"2026-06-27T20:28:59.664Z"}
{"level":"error","message":"❌ Shopify API Error:","timestamp":"2026-06-27T20:28:59.665Z"}
{"level":"error","message":"❌ Failed to update inventory:","timestamp":"2026-06-27T20:28:59.672Z"}
{"level":"error","message":"❌ Shopify API Error:","timestamp":"2026-06-27T20:28:59.681Z"}
{"level":"error","message":"❌ Failed to update inventory:","timestamp":"2026-06-27T20:28:59.682Z"}
{"level":"error","message":"❌ Shopify API Error:","timestamp":"2026-06-27T20:28:59.682Z"}
{"level":"error","message":"❌ Failed to update inventory:","timestamp":"2026-06-27T20:28:59.686Z"}
{"level":"error","message":"❌ Shopify API Error:","timestamp":"2026-06-27T20:28:59.691Z"}
{"level":"error","message":"❌ Failed to update inventory:","timestamp":"2026-06-27T20:28:59.755Z"}
{"level":"error","message":"❌ Shopify API Error:","timestamp":"2026-06-27T20:28:59.755Z"}
{"level":"error","message":"❌ Failed to get product 10247419461915:","timestamp":"2026-06-27T20:28:59.931Z"}
{"level":"error","message":"❌ Failed to update inventory:","timestamp":"2026-06-27T20:29:00.185Z"}
{"level":"error","message":"❌ Shopify API Error:","timestamp":"2026-06-27T20:29:00.186Z"}
{"level":"error","message":"❌ Failed to get product 10247419003163:","timestamp":"2026-06-27T20:29:00.192Z"}
{"level":"error","message":"❌ Failed to update inventory:","timestamp":"2026-06-27T20:29:00.673Z"}
{"level":"error","message":"❌ Shopify API Error:","timestamp":"2026-06-27T20:29:00.674Z"}
{"level":"error","message":"❌ Failed to update inventory:","timestamp":"2026-06-27T20:29:00.676Z"}
{"level":"error","message":"❌ Shopify API Error:","timestamp":"2026-06-27T20:29:00.676Z"}
{"level":"error","message":"❌ Failed to update inventory:","timestamp":"2026-06-27T20:29:00.677Z"}
{"level":"error","message":"❌ Shopify API Error:","timestamp":"2026-06-27T20:29:00.677Z"}
{"level":"error","message":"❌ Failed to update inventory:","timestamp":"2026-06-27T20:29:00.678Z"}
{"level":"error","message":"❌ Shopify API Error:","timestamp":"2026-06-27T20:29:00.678Z"}
{"level":"error","message":"❌ Failed to update inventory:","timestamp":"2026-06-27T20:29:00.696Z"}
{"level":"error","message":"❌ Shopify API Error:","timestamp":"2026-06-27T20:29:00.696Z"}
{"level":"error","message":"❌ Failed to update inventory:","timestamp":"2026-06-27T20:29:00.780Z"}
{"level":"error","message":"❌ Shopify API Error:","timestamp":"2026-06-27T20:29:00.781Z"}
{"level":"error","message":"❌ Failed to update inventory:","timestamp":"2026-06-27T20:29:01.142Z"}
{"level":"error","message":"❌ Shopify API Error:","timestamp":"2026-06-27T20:29:01.142Z"}
{"level":"error","message":"❌ Failed to update inventory:","timestamp":"2026-06-27T20:29:01.156Z"}
{"level":"error","message":"❌ Shopify API Error:","timestamp":"2026-06-27T20:29:01.156Z"}
{"level":"error","message":"❌ Failed to update inventory:","timestamp":"2026-06-27T20:29:01.163Z"}
{"level":"error","message":"❌ Shopify API Error:","timestamp":"2026-06-27T20:29:01.163Z"}
{"level":"error","message":"❌ Failed to update inventory:","timestamp":"2026-06-27T20:29:01.164Z"}
{"level":"error","message":"❌ Shopify API Error:","timestamp":"2026-06-27T20:29:01.164Z"}
{"level":"error","message":"❌ Failed to update inventory:","timestamp":"2026-06-27T20:29:01.261Z"}
{"level":"error","message":"❌ Shopify API Error:","timestamp":"2026-06-27T20:29:01.261Z"}
{"level":"error","message":"❌ Failed to update inventory:","timestamp":"2026-06-27T20:29:01.641Z"}
{"level":"error","message":"❌ Shopify API Error:","timestamp":"2026-06-27T20:29:01.641Z"}
{"level":"error","message":"❌ Failed to update inventory:","timestamp":"2026-06-27T20:29:01.644Z"}
{"level":"error","message":"❌ Shopify API Error:","timestamp":"2026-06-27T20:29:01.644Z"}
{"level":"error","message":"❌ Failed to update inventory:","timestamp":"2026-06-27T20:29:01.653Z"}
{"level":"error","message":"❌ Shopify API Error:","timestamp":"2026-06-27T20:29:01.653Z"}
{"level":"error","message":"❌ Failed to update inventory:","timestamp":"2026-06-27T20:29:01.661Z"}
{"level":"error","message":"❌ Shopify API Error:","timestamp":"2026-06-27T20:29:01.662Z"}
{"level":"error","message":"❌ Failed to update inventory:","timestamp":"2026-06-27T20:29:01.671Z"}
{"level":"error","message":"❌ Shopify API Error:","timestamp":"2026-06-27T20:29:01.671Z"}
{"level":"error","message":"❌ Failed to update inventory:","timestamp":"2026-06-27T20:29:01.733Z"}
{"level":"error","message":"❌ Shopify API Error:","timestamp":"2026-06-27T20:29:01.733Z"}
{"level":"error","message":"❌ Failed to update inventory:","timestamp":"2026-06-27T20:29:02.060Z"}
{"level":"error","message":"❌ Shopify API Error:","timestamp":"2026-06-27T20:29:02.061Z"}
{"level":"error","message":"❌ Failed to update inventory:","timestamp":"2026-06-27T20:29:02.118Z"}
{"level":"error","message":"❌ Shopify API Error:","timestamp":"2026-06-27T20:29:02.118Z"}
{"level":"error","message":"❌ Failed to update inventory:","timestamp":"2026-06-27T20:29:02.121Z"}
{"level":"error","message":"❌ Shopify API Error:","timestamp":"2026-06-27T20:29:02.122Z"}
{"level":"error","message":"❌ Failed to update inventory:","timestamp":"2026-06-27T20:29:02.124Z"}
{"level":"error","message":"❌ Shopify API Error:","timestamp":"2026-06-27T20:29:02.124Z"}
{"level":"error","message":"❌ Failed to update inventory:","timestamp":"2026-06-27T20:29:02.125Z"}
{"level":"error","message":"❌ Shopify API Error:","timestamp":"2026-06-27T20:29:02.125Z"}
{"level":"error","message":"❌ Failed to update inventory:","timestamp":"2026-06-27T20:29:02.146Z"}
{"level":"error","message":"❌ Shopify API Error:","timestamp":"2026-06-27T20:29:02.146Z"}
{"level":"error","message":"❌ Failed to update inventory:","timestamp":"2026-06-27T20:29:02.230Z"}
{"level":"error","message":"❌ Shopify API Error:","timestamp":"2026-06-27T20:29:02.231Z"}
{"level":"error","message":"❌ Failed to update inventory:","timestamp":"2026-06-27T20:29:02.602Z"}
{"level":"error","message":"❌ Shopify API Error:","timestamp":"2026-06-27T20:29:02.602Z"}
{"level":"error","message":"❌ Failed to update inventory:","timestamp":"2026-06-27T20:29:02.605Z"}
{"level":"error","message":"❌ Shopify API Error:","timestamp":"2026-06-27T20:29:02.606Z"}
{"level":"error","message":"❌ Failed to update inventory:","timestamp":"2026-06-27T20:29:02.606Z"}
{"level":"error","message":"❌ Shopify API Error:","timestamp":"2026-06-27T20:29:02.606Z"}
{"level":"error","message":"❌ Failed to update inventory:","timestamp":"2026-06-27T20:29:02.607Z"}
{"level":"error","message":"❌ Shopify API Error:","timestamp":"2026-06-27T20:29:02.607Z"}
{"level":"error","message":"❌ Failed to update inventory:","timestamp":"2026-06-27T20:29:02.613Z"}
{"level":"error","message":"❌ Shopify API Error:","timestamp":"2026-06-27T20:29:02.613Z"}
{"level":"error","message":"❌ Failed to update inventory:","timestamp":"2026-06-27T20:29:02.701Z"}
{"level":"error","message":"❌ Shopify API Error:","timestamp":"2026-06-27T20:29:02.701Z"}
{"level":"error","message":"❌ Failed to update inventory:","timestamp":"2026-06-27T20:29:03.088Z"}
{"level":"error","message":"❌ Shopify API Error:","timestamp":"2026-06-27T20:29:03.088Z"}
{"level":"error","message":"❌ Failed to update inventory:","timestamp":"2026-06-27T20:29:03.090Z"}
{"level":"error","message":"❌ Shopify API Error:","timestamp":"2026-06-27T20:29:03.091Z"}
{"level":"error","message":"❌ Failed to update inventory:","timestamp":"2026-06-27T20:29:03.091Z"}
{"level":"error","message":"❌ Shopify API Error:","timestamp":"2026-06-27T20:29:03.091Z"}
{"level":"error","message":"❌ Failed to update inventory:","timestamp":"2026-06-27T20:29:03.107Z"}
{"level":"error","message":"❌ Shopify API Error:","timestamp":"2026-06-27T20:29:03.107Z"}
{"level":"error","message":"❌ Failed to update inventory:","timestamp":"2026-06-27T20:29:03.157Z"}
{"level":"error","message":"❌ Shopify API Error:","timestamp":"2026-06-27T20:29:03.158Z"}
{"level":"error","message":"❌ Failed to update inventory:","timestamp":"2026-06-27T20:29:03.188Z"}
{"level":"error","message":"❌ Shopify API Error:","timestamp":"2026-06-27T20:29:03.188Z"}
{"level":"error","message":"❌ Failed to update inventory:","timestamp":"2026-06-27T20:29:04.248Z"}
{"level":"error","message":"❌ Shopify API Error:","timestamp":"2026-06-27T20:29:04.249Z"}
{"level":"error","message":"❌ Failed to update inventory:","timestamp":"2026-06-27T20:29:04.254Z"}
{"level":"error","message":"❌ Shopify API Error:","timestamp":"2026-06-27T20:29:04.254Z"}
{"level":"error","message":"❌ Failed to update inventory:","timestamp":"2026-06-27T20:29:04.256Z"}
{"level":"error","message":"❌ Shopify API Error:","timestamp":"2026-06-27T20:29:04.256Z"}
{"level":"error","message":"❌ Failed to update inventory:","timestamp":"2026-06-27T20:29:04.329Z"}
{"level":"error","message":"❌ Shopify API Error:","timestamp":"2026-06-27T20:29:04.330Z"}
{"level":"error","message":"❌ Failed to get product 10247420281115:","timestamp":"2026-06-27T20:29:04.482Z"}
{"level":"error","message":"❌ Failed to update inventory:","timestamp":"2026-06-27T20:29:04.505Z"}
{"level":"error","message":"❌ Shopify API Error:","timestamp":"2026-06-27T20:29:04.505Z"}
{"level":"error","message":"❌ Failed to update inventory:","timestamp":"2026-06-27T20:29:04.608Z"}
{"level":"error","message":"❌ Shopify API Error:","timestamp":"2026-06-27T20:29:04.608Z"}
{"level":"error","message":"❌ Failed to get product 10247420182811:","timestamp":"2026-06-27T20:29:04.742Z"}
{"level":"error","message":"❌ Failed to update inventory:","timestamp":"2026-06-27T20:29:05.239Z"}
{"level":"error","message":"❌ Shopify API Error:","timestamp":"2026-06-27T20:29:05.240Z"}
{"level":"error","message":"❌ Failed to update inventory:","timestamp":"2026-06-27T20:29:05.248Z"}
{"level":"error","message":"❌ Shopify API Error:","timestamp":"2026-06-27T20:29:05.249Z"}
{"level":"error","message":"❌ Failed to update inventory:","timestamp":"2026-06-27T20:29:05.252Z"}
{"level":"error","message":"❌ Shopify API Error:","timestamp":"2026-06-27T20:29:05.253Z"}
{"level":"error","message":"❌ Failed to update inventory:","timestamp":"2026-06-27T20:29:05.276Z"}
{"level":"error","message":"❌ Shopify API Error:","timestamp":"2026-06-27T20:29:05.277Z"}
{"level":"error","message":"❌ Failed to update inventory:","timestamp":"2026-06-27T20:29:05.455Z"}
{"level":"error","message":"❌ Shopify API Error:","timestamp":"2026-06-27T20:29:05.455Z"}
{"level":"error","message":"❌ Failed to get product 10247419887899:","timestamp":"2026-06-27T20:29:05.501Z"}
{"level":"error","message":"❌ Failed to update inventory:","timestamp":"2026-06-27T20:29:05.675Z"}
{"level":"error","message":"❌ Shopify API Error:","timestamp":"2026-06-27T20:29:05.675Z"}
{"level":"error","message":"❌ Failed to get product 10247420117275:","timestamp":"2026-06-27T20:29:05.743Z"}
{"level":"error","message":"❌ Failed to update inventory:","timestamp":"2026-06-27T20:29:06.232Z"}
{"level":"error","message":"❌ Shopify API Error:","timestamp":"2026-06-27T20:29:06.233Z"}
{"level":"error","message":"❌ Failed to update inventory:","timestamp":"2026-06-27T20:29:06.240Z"}
{"level":"error","message":"❌ Shopify API Error:","timestamp":"2026-06-27T20:29:06.241Z"}
{"level":"error","message":"❌ Failed to update inventory:","timestamp":"2026-06-27T20:29:06.244Z"}
{"level":"error","message":"❌ Shopify API Error:","timestamp":"2026-06-27T20:29:06.244Z"}
{"level":"error","message":"❌ Failed to update inventory:","timestamp":"2026-06-27T20:29:06.247Z"}
{"level":"error","message":"❌ Shopify API Error:","timestamp":"2026-06-27T20:29:06.247Z"}
{"level":"error","message":"❌ Failed to update inventory:","timestamp":"2026-06-27T20:29:06.252Z"}
{"level":"error","message":"❌ Shopify API Error:","timestamp":"2026-06-27T20:29:06.253Z"}
{"level":"error","message":"❌ Failed to get product 10247420051739:","timestamp":"2026-06-27T20:29:06.510Z"}
{"level":"error","message":"❌ Failed to update inventory:","timestamp":"2026-06-27T20:29:06.674Z"}
{"level":"error","message":"❌ Shopify API Error:","timestamp":"2026-06-27T20:29:06.674Z"}
{"level":"error","message":"❌ Failed to get product 10247419822363:","timestamp":"2026-06-27T20:29:06.746Z"}
{"level":"error","message":"❌ Failed to update inventory:","timestamp":"2026-06-27T20:29:07.224Z"}
{"level":"error","message":"❌ Shopify API Error:","timestamp":"2026-06-27T20:29:07.224Z"}
{"level":"error","message":"❌ Failed to update inventory:","timestamp":"2026-06-27T20:29:07.237Z"}
{"level":"error","message":"❌ Shopify API Error:","timestamp":"2026-06-27T20:29:07.241Z"}
{"level":"error","message":"❌ Failed to update inventory:","timestamp":"2026-06-27T20:29:07.247Z"}
{"level":"error","message":"❌ Shopify API Error:","timestamp":"2026-06-27T20:29:07.248Z"}
{"level":"error","message":"❌ Failed to update inventory:","timestamp":"2026-06-27T20:29:07.257Z"}
{"level":"error","message":"❌ Shopify API Error:","timestamp":"2026-06-27T20:29:07.261Z"}
{"level":"error","message":"❌ Failed to update inventory:","timestamp":"2026-06-27T20:29:07.303Z"}
{"level":"error","message":"❌ Shopify API Error:","timestamp":"2026-06-27T20:29:07.304Z"}
{"level":"error","message":"❌ Failed to get product 10247420444955:","timestamp":"2026-06-27T20:29:07.519Z"}
{"level":"error","message":"❌ Failed to update inventory:","timestamp":"2026-06-27T20:29:07.577Z"}
{"level":"error","message":"❌ Shopify API Error:","timestamp":"2026-06-27T20:29:07.577Z"}
{"level":"error","message":"❌ Failed to update inventory:","timestamp":"2026-06-27T20:29:08.055Z"}
{"level":"error","message":"❌ Shopify API Error:","timestamp":"2026-06-27T20:29:08.056Z"}
{"level":"error","message":"❌ Failed to update inventory:","timestamp":"2026-06-27T20:29:08.064Z"}
{"level":"error","message":"❌ Shopify API Error:","timestamp":"2026-06-27T20:29:08.066Z"}
{"level":"error","message":"❌ Failed to update inventory:","timestamp":"2026-06-27T20:29:08.066Z"}
{"level":"error","message":"❌ Shopify API Error:","timestamp":"2026-06-27T20:29:08.067Z"}
{"level":"error","message":"❌ Failed to update inventory:","timestamp":"2026-06-27T20:29:08.075Z"}
{"level":"error","message":"❌ Shopify API Error:","timestamp":"2026-06-27T20:29:08.075Z"}
{"level":"error","message":"❌ Failed to update inventory:","timestamp":"2026-06-27T20:29:08.078Z"}
{"level":"error","message":"❌ Shopify API Error:","timestamp":"2026-06-27T20:29:08.078Z"}
{"level":"error","message":"❌ Failed to update inventory:","timestamp":"2026-06-27T20:29:08.136Z"}
{"level":"error","message":"❌ Shopify API Error:","timestamp":"2026-06-27T20:29:08.137Z"}
{"level":"error","message":"❌ Failed to update inventory:","timestamp":"2026-06-27T20:29:08.559Z"}
{"level":"error","message":"❌ Shopify API Error:","timestamp":"2026-06-27T20:29:08.559Z"}
{"level":"error","message":"❌ Failed to update inventory:","timestamp":"2026-06-27T20:29:08.566Z"}
{"level":"error","message":"❌ Shopify API Error:","timestamp":"2026-06-27T20:29:08.567Z"}
{"level":"error","message":"❌ Failed to update inventory:","timestamp":"2026-06-27T20:29:08.572Z"}
{"level":"error","message":"❌ Shopify API Error:","timestamp":"2026-06-27T20:29:08.573Z"}
{"level":"error","message":"❌ Failed to update inventory:","timestamp":"2026-06-27T20:29:08.624Z"}
{"level":"error","message":"❌ Shopify API Error:","timestamp":"2026-06-27T20:29:08.624Z"}
{"level":"error","message":"❌ Failed to update inventory:","timestamp":"2026-06-27T20:29:08.633Z"}
{"level":"error","message":"❌ Shopify API Error:","timestamp":"2026-06-27T20:29:08.634Z"}
{"level":"error","message":"❌ Failed to update inventory:","timestamp":"2026-06-27T20:29:08.917Z"}
{"level":"error","message":"❌ Shopify API Error:","timestamp":"2026-06-27T20:29:08.918Z"}
{"level":"error","message":"❌ Failed to update inventory:","timestamp":"2026-06-27T20:29:09.132Z"}
{"level":"error","message":"❌ Shopify API Error:","timestamp":"2026-06-27T20:29:09.132Z"}
{"level":"error","message":"❌ Failed to update inventory:","timestamp":"2026-06-27T20:29:09.143Z"}
{"level":"error","message":"❌ Shopify API Error:","timestamp":"2026-06-27T20:29:09.143Z"}
{"level":"error","message":"❌ Failed to update inventory:","timestamp":"2026-06-27T20:29:09.155Z"}
{"level":"error","message":"❌ Shopify API Error:","timestamp":"2026-06-27T20:29:09.155Z"}
{"level":"error","message":"❌ Failed to update inventory:","timestamp":"2026-06-27T20:29:09.165Z"}
{"level":"error","message":"❌ Shopify API Error:","timestamp":"2026-06-27T20:29:09.165Z"}
{"level":"error","message":"❌ Failed to update inventory:","timestamp":"2026-06-27T20:29:09.203Z"}
{"level":"error","message":"❌ Shopify API Error:","timestamp":"2026-06-27T20:29:09.204Z"}
{"level":"error","message":"❌ Failed to update inventory:","timestamp":"2026-06-27T20:29:09.970Z"}
{"level":"error","message":"❌ Shopify API Error:","timestamp":"2026-06-27T20:29:09.971Z"}
{"level":"error","message":"❌ Failed to update inventory:","timestamp":"2026-06-27T21:40:32.633Z"}
{"level":"error","message":"❌ Shopify API Error:","timestamp":"2026-06-27T21:40:32.636Z"}
{"level":"error","message":"❌ Failed to update inventory:","timestamp":"2026-06-27T21:40:32.645Z"}
{"level":"error","message":"❌ Shopify API Error:","timestamp":"2026-06-27T21:40:32.646Z"}
{"level":"error","message":"❌ Failed to update inventory:","timestamp":"2026-06-27T21:40:32.648Z"}
{"level":"error","message":"❌ Shopify API Error:","timestamp":"2026-06-27T21:40:32.649Z"}
{"level":"error","message":"❌ Failed to update inventory:","timestamp":"2026-06-27T21:40:33.438Z"}
{"level":"error","message":"❌ Shopify API Error:","timestamp":"2026-06-27T21:40:33.438Z"}
{"level":"error","message":"❌ Failed to update inventory:","timestamp":"2026-06-27T21:40:41.280Z"}
{"level":"error","message":"❌ Shopify API Error:","timestamp":"2026-06-27T21:40:41.281Z"}
{"level":"error","message":"❌ Failed to update inventory:","timestamp":"2026-06-27T21:40:41.284Z"}
{"level":"error","message":"❌ Shopify API Error:","timestamp":"2026-06-27T21:40:41.285Z"}
{"level":"error","message":"❌ Failed to update inventory:","timestamp":"2026-06-27T21:40:41.316Z"}
{"level":"error","message":"❌ Shopify API Error:","timestamp":"2026-06-27T21:40:41.316Z"}
{"level":"error","message":"❌ Failed to update inventory:","timestamp":"2026-06-27T21:40:41.317Z"}
{"level":"error","message":"❌ Shopify API Error:","timestamp":"2026-06-27T21:40:41.317Z"}
{"level":"error","message":"❌ Failed to update inventory:","timestamp":"2026-06-27T21:40:45.056Z"}
{"level":"error","message":"❌ Shopify API Error:","timestamp":"2026-06-27T21:40:45.057Z"}
{"level":"error","message":"❌ Failed to update inventory:","timestamp":"2026-06-27T21:40:45.081Z"}
{"level":"error","message":"❌ Shopify API Error:","timestamp":"2026-06-27T21:40:45.082Z"}
{"level":"error","message":"❌ Failed to update inventory:","timestamp":"2026-06-27T21:40:45.092Z"}
{"level":"error","message":"❌ Shopify API Error:","timestamp":"2026-06-27T21:40:45.092Z"}
{"level":"error","message":"❌ Failed to update inventory:","timestamp":"2026-06-27T21:40:45.093Z"}
{"level":"error","message":"❌ Shopify API Error:","timestamp":"2026-06-27T21:40:45.094Z"}
{"level":"error","message":"❌ Failed to update inventory:","timestamp":"2026-06-27T21:41:19.995Z"}
{"level":"error","message":"❌ Shopify API Error:","timestamp":"2026-06-27T21:41:19.995Z"}
{"level":"error","message":"❌ Failed to update inventory:","timestamp":"2026-06-27T21:41:20.022Z"}
{"level":"error","message":"❌ Shopify API Error:","timestamp":"2026-06-27T21:41:20.022Z"}
{"level":"error","message":"❌ Failed to update inventory:","timestamp":"2026-06-27T21:41:20.042Z"}
{"level":"error","message":"❌ Shopify API Error:","timestamp":"2026-06-27T21:41:20.042Z"}
{"level":"error","message":"❌ Failed to update inventory:","timestamp":"2026-06-27T21:41:20.066Z"}
{"level":"error","message":"❌ Shopify API Error:","timestamp":"2026-06-27T21:41:20.067Z"}
{"level":"error","message":"❌ Failed to update inventory:","timestamp":"2026-06-27T21:41:20.383Z"}
{"level":"error","message":"❌ Shopify API Error:","timestamp":"2026-06-27T21:41:20.384Z"}
{"level":"error","message":"❌ Failed to update inventory:","timestamp":"2026-06-27T21:41:20.929Z"}
{"level":"error","message":"❌ Shopify API Error:","timestamp":"2026-06-27T21:41:20.929Z"}
{"level":"error","message":"❌ Failed to update inventory:","timestamp":"2026-06-27T21:43:04.441Z"}
{"level":"error","message":"❌ Shopify API Error:","timestamp":"2026-06-27T21:43:04.444Z"}
{"level":"error","message":"❌ Failed to update inventory:","timestamp":"2026-06-27T21:43:04.464Z"}
{"level":"error","message":"❌ Shopify API Error:","timestamp":"2026-06-27T21:43:04.468Z"}
{"level":"error","message":"❌ Failed to update inventory:","timestamp":"2026-06-27T21:43:04.509Z"}
{"level":"error","message":"❌ Shopify API Error:","timestamp":"2026-06-27T21:43:04.510Z"}
{"level":"error","message":"❌ Failed to update inventory:","timestamp":"2026-06-27T21:43:04.588Z"}
{"level":"error","message":"❌ Shopify API Error:","timestamp":"2026-06-27T21:43:04.588Z"}
{"level":"error","message":"❌ Failed to update inventory:","timestamp":"2026-06-27T21:43:04.643Z"}
{"level":"error","message":"❌ Shopify API Error:","timestamp":"2026-06-27T21:43:04.644Z"}
{"level":"error","message":"❌ Failed to update inventory:","timestamp":"2026-06-27T21:43:04.852Z"}
{"level":"error","message":"❌ Shopify API Error:","timestamp":"2026-06-27T21:43:04.852Z"}
{"level":"error","message":"❌ Failed to update inventory:","timestamp":"2026-06-27T21:43:08.347Z"}
{"level":"error","message":"❌ Shopify API Error:","timestamp":"2026-06-27T21:43:08.348Z"}
{"level":"error","message":"❌ Failed to update inventory:","timestamp":"2026-06-27T21:43:08.352Z"}
{"level":"error","message":"❌ Shopify API Error:","timestamp":"2026-06-27T21:43:08.352Z"}
{"level":"error","message":"❌ Failed to update inventory:","timestamp":"2026-06-27T21:43:08.352Z"}
{"level":"error","message":"❌ Shopify API Error:","timestamp":"2026-06-27T21:43:08.353Z"}
{"level":"error","message":"❌ Failed to update inventory:","timestamp":"2026-06-27T21:43:08.482Z"}
{"level":"error","message":"❌ Shopify API Error:","timestamp":"2026-06-27T21:43:08.482Z"}
{"level":"error","message":"❌ Failed to update inventory:","timestamp":"2026-06-27T21:43:08.551Z"}
{"level":"error","message":"❌ Shopify API Error:","timestamp":"2026-06-27T21:43:08.552Z"}
{"level":"error","message":"❌ Failed to update inventory:","timestamp":"2026-06-27T21:43:09.168Z"}
{"level":"error","message":"❌ Shopify API Error:","timestamp":"2026-06-27T21:43:09.168Z"}
{"level":"error","message":"❌ GraphQL Errors:","timestamp":"2026-06-27T21:58:25.516Z"}
{"level":"error","message":"❌ GraphQL Request Failed:","timestamp":"2026-06-27T21:58:25.522Z"}
{"level":"error","message":"Status:","timestamp":"2026-06-27T21:58:25.523Z"}
{"level":"error","message":"Response:","timestamp":"2026-06-27T21:58:25.523Z"}
{"level":"error","message":"❌ GraphQL Errors:","timestamp":"2026-06-27T21:58:30.474Z"}
{"level":"error","message":"❌ GraphQL Request Failed:","timestamp":"2026-06-27T21:58:30.475Z"}
{"level":"error","message":"Status:","timestamp":"2026-06-27T21:58:30.476Z"}
{"level":"error","message":"Response:","timestamp":"2026-06-27T21:58:30.476Z"}
{"level":"error","message":"❌ GraphQL Errors:","timestamp":"2026-06-27T21:58:33.693Z"}
{"level":"error","message":"❌ GraphQL Request Failed:","timestamp":"2026-06-27T21:58:33.694Z"}
{"level":"error","message":"Status:","timestamp":"2026-06-27T21:58:33.695Z"}
{"level":"error","message":"Response:","timestamp":"2026-06-27T21:58:33.695Z"}
{"level":"error","message":"❌ GraphQL Errors:","timestamp":"2026-06-27T21:59:09.053Z"}
{"level":"error","message":"❌ GraphQL Request Failed:","timestamp":"2026-06-27T21:59:09.057Z"}
{"level":"error","message":"Status:","timestamp":"2026-06-27T21:59:09.057Z"}
{"level":"error","message":"Response:","timestamp":"2026-06-27T21:59:09.058Z"}
{"level":"error","message":"❌ GraphQL Errors:","timestamp":"2026-06-27T22:00:03.912Z"}
{"level":"error","message":"❌ GraphQL Request Failed:","timestamp":"2026-06-27T22:00:03.915Z"}
{"level":"error","message":"Status:","timestamp":"2026-06-27T22:00:03.916Z"}
{"level":"error","message":"Response:","timestamp":"2026-06-27T22:00:03.917Z"}
{"level":"error","message":"❌ GraphQL Errors:","timestamp":"2026-06-27T22:00:06.425Z"}
{"level":"error","message":"❌ GraphQL Request Failed:","timestamp":"2026-06-27T22:00:06.426Z"}
{"level":"error","message":"Status:","timestamp":"2026-06-27T22:00:06.426Z"}
{"level":"error","message":"Response:","timestamp":"2026-06-27T22:00:06.427Z"}
{"level":"error","message":"❌ GraphQL Errors:","timestamp":"2026-06-27T22:00:07.662Z"}
{"level":"error","message":"❌ GraphQL Request Failed:","timestamp":"2026-06-27T22:00:07.663Z"}
{"level":"error","message":"Status:","timestamp":"2026-06-27T22:00:07.663Z"}
{"level":"error","message":"Response:","timestamp":"2026-06-27T22:00:07.663Z"}
{"level":"error","message":"❌ GraphQL Errors:","timestamp":"2026-06-27T22:00:11.734Z"}
{"level":"error","message":"❌ GraphQL Request Failed:","timestamp":"2026-06-27T22:00:11.734Z"}
{"level":"error","message":"Status:","timestamp":"2026-06-27T22:00:11.734Z"}
{"level":"error","message":"Response:","timestamp":"2026-06-27T22:00:11.735Z"}
{"level":"error","message":"❌ GraphQL Errors:","timestamp":"2026-06-27T22:00:18.941Z"}
{"level":"error","message":"❌ GraphQL Request Failed:","timestamp":"2026-06-27T22:00:18.941Z"}
{"level":"error","message":"Status:","timestamp":"2026-06-27T22:00:18.941Z"}
{"level":"error","message":"Response:","timestamp":"2026-06-27T22:00:18.941Z"}
{"level":"error","message":"❌ GraphQL Errors:","timestamp":"2026-06-27T22:00:44.451Z"}
{"level":"error","message":"❌ GraphQL Request Failed:","timestamp":"2026-06-27T22:00:44.452Z"}
{"level":"error","message":"Status:","timestamp":"2026-06-27T22:00:44.453Z"}
{"level":"error","message":"Response:","timestamp":"2026-06-27T22:00:44.453Z"}
{"level":"error","message":"❌ GraphQL Errors:","timestamp":"2026-06-27T22:04:45.479Z"}
{"level":"error","message":"❌ GraphQL Request Failed:","timestamp":"2026-06-27T22:04:45.483Z"}
{"level":"error","message":"Status:","timestamp":"2026-06-27T22:04:45.483Z"}
{"level":"error","message":"Response:","timestamp":"2026-06-27T22:04:45.484Z"}
{"level":"error","message":"❌ Failed to update inventory:","timestamp":"2026-06-27T22:04:45.484Z"}
{"level":"error","message":"❌ GraphQL Errors:","timestamp":"2026-06-27T22:04:51.604Z"}
{"level":"error","message":"❌ GraphQL Request Failed:","timestamp":"2026-06-27T22:04:51.604Z"}
{"level":"error","message":"Status:","timestamp":"2026-06-27T22:04:51.605Z"}
{"level":"error","message":"Response:","timestamp":"2026-06-27T22:04:51.605Z"}
{"level":"error","message":"❌ Failed to update inventory:","timestamp":"2026-06-27T22:04:51.605Z"}
{"level":"error","message":"❌ GraphQL Errors:","timestamp":"2026-06-27T22:04:58.130Z"}
{"level":"error","message":"❌ GraphQL Request Failed:","timestamp":"2026-06-27T22:04:58.131Z"}
{"level":"error","message":"Status:","timestamp":"2026-06-27T22:04:58.132Z"}
{"level":"error","message":"Response:","timestamp":"2026-06-27T22:04:58.132Z"}
{"level":"error","message":"❌ Failed to update inventory:","timestamp":"2026-06-27T22:04:58.133Z"}
{"level":"error","message":"❌ GraphQL Errors:","timestamp":"2026-06-27T22:05:30.400Z"}
{"level":"error","message":"❌ GraphQL Request Failed:","timestamp":"2026-06-27T22:05:30.403Z"}
{"level":"error","message":"Status:","timestamp":"2026-06-27T22:05:30.404Z"}
{"level":"error","message":"Response:","timestamp":"2026-06-27T22:05:30.405Z"}
{"level":"error","message":"❌ Failed to update inventory:","timestamp":"2026-06-27T22:05:30.406Z"}
{"level":"error","message":"❌ GraphQL Errors:","timestamp":"2026-06-27T22:08:36.812Z"}
{"level":"error","message":"❌ GraphQL Request Failed:","timestamp":"2026-06-27T22:08:36.815Z"}
{"level":"error","message":"Status:","timestamp":"2026-06-27T22:08:36.816Z"}
{"level":"error","message":"Response:","timestamp":"2026-06-27T22:08:36.816Z"}
{"level":"error","message":"❌ Failed to update inventory:","timestamp":"2026-06-27T22:08:36.816Z"}
{"level":"error","message":"❌ GraphQL Errors:","timestamp":"2026-06-27T22:08:38.395Z"}
{"level":"error","message":"❌ GraphQL Request Failed:","timestamp":"2026-06-27T22:08:38.396Z"}
{"level":"error","message":"Status:","timestamp":"2026-06-27T22:08:38.397Z"}
{"level":"error","message":"Response:","timestamp":"2026-06-27T22:08:38.397Z"}
{"level":"error","message":"❌ Failed to update inventory:","timestamp":"2026-06-27T22:08:38.397Z"}
{"level":"error","message":"❌ GraphQL Errors:","timestamp":"2026-06-27T22:08:39.979Z"}
{"level":"error","message":"❌ GraphQL Request Failed:","timestamp":"2026-06-27T22:08:39.980Z"}
{"level":"error","message":"Status:","timestamp":"2026-06-27T22:08:39.980Z"}
{"level":"error","message":"Response:","timestamp":"2026-06-27T22:08:39.980Z"}
{"level":"error","message":"❌ Failed to update inventory:","timestamp":"2026-06-27T22:08:39.980Z"}
{"level":"error","message":"❌ GraphQL Errors:","timestamp":"2026-06-27T22:08:41.579Z"}
{"level":"error","message":"❌ GraphQL Request Failed:","timestamp":"2026-06-27T22:08:41.579Z"}
{"level":"error","message":"Status:","timestamp":"2026-06-27T22:08:41.579Z"}
{"level":"error","message":"Response:","timestamp":"2026-06-27T22:08:41.579Z"}
{"level":"error","message":"❌ Failed to update inventory:","timestamp":"2026-06-27T22:08:41.579Z"}
{"level":"error","message":"❌ GraphQL Errors:","timestamp":"2026-06-27T22:08:43.155Z"}
{"level":"error","message":"❌ GraphQL Request Failed:","timestamp":"2026-06-27T22:08:43.156Z"}
{"level":"error","message":"Status:","timestamp":"2026-06-27T22:08:43.156Z"}
{"level":"error","message":"Response:","timestamp":"2026-06-27T22:08:43.156Z"}
{"level":"error","message":"❌ Failed to update inventory:","timestamp":"2026-06-27T22:08:43.156Z"}
{"level":"error","message":"❌ GraphQL Errors:","timestamp":"2026-06-27T22:08:44.718Z"}
{"level":"error","message":"❌ GraphQL Request Failed:","timestamp":"2026-06-27T22:08:44.719Z"}
{"level":"error","message":"Status:","timestamp":"2026-06-27T22:08:44.719Z"}
{"level":"error","message":"Response:","timestamp":"2026-06-27T22:08:44.719Z"}
{"level":"error","message":"❌ Failed to update inventory:","timestamp":"2026-06-27T22:08:44.720Z"}
{"level":"error","message":"❌ GraphQL Errors:","timestamp":"2026-06-27T22:10:48.863Z"}
{"level":"error","message":"❌ GraphQL Request Failed:","timestamp":"2026-06-27T22:10:48.866Z"}
{"level":"error","message":"Status:","timestamp":"2026-06-27T22:10:48.866Z"}
{"level":"error","message":"Response:","timestamp":"2026-06-27T22:10:48.867Z"}
{"level":"error","message":"❌ Failed to update inventory:","timestamp":"2026-06-27T22:10:48.867Z"}
{"level":"error","message":"❌ GraphQL Errors:","timestamp":"2026-06-27T22:15:48.802Z"}
{"level":"error","message":"❌ GraphQL Request Failed:","timestamp":"2026-06-27T22:15:48.806Z"}
{"level":"error","message":"Status:","timestamp":"2026-06-27T22:15:48.807Z"}
{"level":"error","message":"Response:","timestamp":"2026-06-27T22:15:48.807Z"}
{"level":"error","message":"❌ GraphQL Errors:","timestamp":"2026-06-27T22:18:31.564Z"}
{"level":"error","message":"❌ GraphQL Request Failed:","timestamp":"2026-06-27T22:18:31.566Z"}
{"level":"error","message":"Status:","timestamp":"2026-06-27T22:18:31.567Z"}
{"level":"error","message":"Response:","timestamp":"2026-06-27T22:18:31.567Z"}
{"level":"error","message":"❌ GraphQL Errors:","timestamp":"2026-06-27T22:18:34.313Z"}
{"level":"error","message":"❌ GraphQL Request Failed:","timestamp":"2026-06-27T22:18:34.314Z"}
{"level":"error","message":"Status:","timestamp":"2026-06-27T22:18:34.315Z"}
{"level":"error","message":"Response:","timestamp":"2026-06-27T22:18:34.315Z"}
{"level":"error","message":"❌ GraphQL Errors:","timestamp":"2026-06-27T22:18:41.475Z"}
{"level":"error","message":"❌ GraphQL Request Failed:","timestamp":"2026-06-27T22:18:41.476Z"}
{"level":"error","message":"Status:","timestamp":"2026-06-27T22:18:41.476Z"}
{"level":"error","message":"Response:","timestamp":"2026-06-27T22:18:41.476Z"}
{"level":"error","message":"❌ GraphQL Errors:","timestamp":"2026-06-27T22:22:27.836Z"}
{"level":"error","message":"❌ GraphQL Request Failed:","timestamp":"2026-06-27T22:22:27.838Z"}
{"level":"error","message":"Status:","timestamp":"2026-06-27T22:22:27.839Z"}
{"level":"error","message":"Response:","timestamp":"2026-06-27T22:22:27.839Z"}
{"level":"error","message":"❌ Failed to update inventory:","timestamp":"2026-06-27T22:22:27.840Z"}
{"level":"error","message":"❌ GraphQL Errors:","timestamp":"2026-06-27T22:25:33.906Z"}
{"level":"error","message":"❌ GraphQL Request Failed:","timestamp":"2026-06-27T22:25:33.912Z"}
{"level":"error","message":"Status:","timestamp":"2026-06-27T22:25:33.913Z"}
{"level":"error","message":"Response:","timestamp":"2026-06-27T22:25:33.913Z"}
{"level":"error","message":"❌ GraphQL Errors:","timestamp":"2026-06-27T22:25:48.321Z"}
{"level":"error","message":"❌ GraphQL Request Failed:","timestamp":"2026-06-27T22:25:48.324Z"}
{"level":"error","message":"Status:","timestamp":"2026-06-27T22:25:48.325Z"}
{"level":"error","message":"Response:","timestamp":"2026-06-27T22:25:48.325Z"}
{"level":"error","message":"❌ GraphQL Errors:","timestamp":"2026-06-27T22:26:46.351Z"}
{"level":"error","message":"❌ GraphQL Request Failed:","timestamp":"2026-06-27T22:26:46.356Z"}
{"level":"error","message":"Status:","timestamp":"2026-06-27T22:26:46.356Z"}
{"level":"error","message":"Response:","timestamp":"2026-06-27T22:26:46.357Z"}
{"level":"error","message":"❌ GraphQL Errors:","timestamp":"2026-06-27T22:26:49.759Z"}
{"level":"error","message":"❌ GraphQL Request Failed:","timestamp":"2026-06-27T22:26:49.761Z"}
{"level":"error","message":"Status:","timestamp":"2026-06-27T22:26:49.763Z"}
{"level":"error","message":"Response:","timestamp":"2026-06-27T22:26:49.764Z"}
{"level":"error","message":"❌ GraphQL Errors:","timestamp":"2026-06-27T22:26:53.705Z"}
{"level":"error","message":"❌ GraphQL Request Failed:","timestamp":"2026-06-27T22:26:53.706Z"}
{"level":"error","message":"Status:","timestamp":"2026-06-27T22:26:53.706Z"}
{"level":"error","message":"Response:","timestamp":"2026-06-27T22:26:53.707Z"}
{"level":"error","message":"❌ GraphQL Errors:","timestamp":"2026-06-27T22:26:56.427Z"}
{"level":"error","message":"❌ GraphQL Request Failed:","timestamp":"2026-06-27T22:26:56.428Z"}
{"level":"error","message":"Status:","timestamp":"2026-06-27T22:26:56.428Z"}
{"level":"error","message":"Response:","timestamp":"2026-06-27T22:26:56.428Z"}
{"level":"error","message":"❌ GraphQL Errors:","timestamp":"2026-06-27T22:26:58.597Z"}
{"level":"error","message":"❌ GraphQL Request Failed:","timestamp":"2026-06-27T22:26:58.598Z"}
{"level":"error","message":"Status:","timestamp":"2026-06-27T22:26:58.598Z"}
{"level":"error","message":"Response:","timestamp":"2026-06-27T22:26:58.598Z"}
{"level":"error","message":"❌ GraphQL Errors:","timestamp":"2026-06-27T22:27:00.767Z"}
{"level":"error","message":"❌ GraphQL Request Failed:","timestamp":"2026-06-27T22:27:00.768Z"}
{"level":"error","message":"Status:","timestamp":"2026-06-27T22:27:00.768Z"}
{"level":"error","message":"Response:","timestamp":"2026-06-27T22:27:00.768Z"}
{"level":"error","message":"❌ GraphQL Errors:","timestamp":"2026-06-27T22:27:02.911Z"}
{"level":"error","message":"❌ GraphQL Request Failed:","timestamp":"2026-06-27T22:27:02.911Z"}
{"level":"error","message":"Status:","timestamp":"2026-06-27T22:27:02.912Z"}
{"level":"error","message":"Response:","timestamp":"2026-06-27T22:27:02.912Z"}
{"level":"error","message":"❌ GraphQL Errors:","timestamp":"2026-06-27T22:27:05.895Z"}
{"level":"error","message":"❌ GraphQL Request Failed:","timestamp":"2026-06-27T22:27:05.895Z"}
{"level":"error","message":"Status:","timestamp":"2026-06-27T22:27:05.895Z"}
{"level":"error","message":"Response:","timestamp":"2026-06-27T22:27:05.895Z"}
{"level":"error","message":"❌ GraphQL Errors:","timestamp":"2026-06-27T22:27:07.407Z"}
{"level":"error","message":"❌ GraphQL Request Failed:","timestamp":"2026-06-27T22:27:07.408Z"}
{"level":"error","message":"Status:","timestamp":"2026-06-27T22:27:07.408Z"}
{"level":"error","message":"Response:","timestamp":"2026-06-27T22:27:07.408Z"}
{"level":"info","message":"✅ Fetched 130 products from Shopify","timestamp":"2026-06-27T22:27:23.189Z"}
{"level":"info","message":"✅ Fetched 130 products from Shopify","timestamp":"2026-06-27T22:27:30.526Z"}
{"level":"info","message":"✅ Fetched 130 products from Shopify","timestamp":"2026-06-27T22:32:06.612Z"}
{"level":"info","message":"✅ Fetched 130 products from Shopify","timestamp":"2026-06-27T22:32:11.170Z"}
{"level":"error","message":"❌ GraphQL Errors:","timestamp":"2026-06-27T22:32:20.582Z"}
{"level":"error","message":"❌ GraphQL Request Failed:","timestamp":"2026-06-27T22:32:20.583Z"}
{"level":"error","message":"Status:","timestamp":"2026-06-27T22:32:20.584Z"}
{"level":"error","message":"Response:","timestamp":"2026-06-27T22:32:20.584Z"}
{"level":"error","message":"❌ GraphQL Errors:","timestamp":"2026-06-27T22:36:32.456Z"}
{"level":"error","message":"❌ GraphQL Request Failed:","timestamp":"2026-06-27T22:36:32.460Z"}
{"level":"error","message":"Status:","timestamp":"2026-06-27T22:36:32.461Z"}
{"level":"error","message":"Response:","timestamp":"2026-06-27T22:36:32.461Z"}
{"level":"error","message":"❌ Error fetching products:","timestamp":"2026-06-27T22:36:32.462Z"}
{"level":"error","message":"❌ GraphQL Errors:","timestamp":"2026-06-27T22:36:34.159Z"}
{"level":"error","message":"❌ GraphQL Request Failed:","timestamp":"2026-06-27T22:36:34.160Z"}
{"level":"error","message":"Status:","timestamp":"2026-06-27T22:36:34.161Z"}
{"level":"error","message":"Response:","timestamp":"2026-06-27T22:36:34.161Z"}
{"level":"error","message":"❌ Error fetching products:","timestamp":"2026-06-27T22:36:34.162Z"}
{"level":"error","message":"❌ GraphQL Errors:","timestamp":"2026-06-27T22:36:39.266Z"}
{"level":"error","message":"❌ GraphQL Request Failed:","timestamp":"2026-06-27T22:36:39.266Z"}
{"level":"error","message":"Status:","timestamp":"2026-06-27T22:36:39.266Z"}
{"level":"error","message":"Response:","timestamp":"2026-06-27T22:36:39.267Z"}
{"level":"error","message":"❌ Error fetching products:","timestamp":"2026-06-27T22:36:39.267Z"}
{"level":"error","message":"❌ GraphQL Errors:","timestamp":"2026-06-27T22:36:51.073Z"}
{"level":"error","message":"❌ GraphQL Request Failed:","timestamp":"2026-06-27T22:36:51.077Z"}
{"level":"error","message":"Status:","timestamp":"2026-06-27T22:36:51.078Z"}
{"level":"error","message":"Response:","timestamp":"2026-06-27T22:36:51.079Z"}
{"level":"error","message":"❌ Error fetching products:","timestamp":"2026-06-27T22:36:51.079Z"}
{"level":"error","message":"❌ GraphQL Errors:","timestamp":"2026-06-27T22:36:55.629Z"}
{"level":"error","message":"❌ GraphQL Request Failed:","timestamp":"2026-06-27T22:36:55.630Z"}
{"level":"error","message":"Status:","timestamp":"2026-06-27T22:36:55.630Z"}
{"level":"error","message":"Response:","timestamp":"2026-06-27T22:36:55.630Z"}
{"level":"error","message":"❌ Error fetching products:","timestamp":"2026-06-27T22:36:55.631Z"}
{"level":"error","message":"❌ GraphQL Errors:","timestamp":"2026-06-27T22:37:09.662Z"}
{"level":"error","message":"❌ GraphQL Request Failed:","timestamp":"2026-06-27T22:37:09.663Z"}
{"level":"error","message":"Status:","timestamp":"2026-06-27T22:37:09.663Z"}
{"level":"error","message":"Response:","timestamp":"2026-06-27T22:37:09.664Z"}
{"level":"error","message":"❌ Error fetching products:","timestamp":"2026-06-27T22:37:09.664Z"}
{"level":"error","message":"❌ GraphQL Errors:","timestamp":"2026-06-27T22:38:14.119Z"}
{"level":"error","message":"❌ GraphQL Request Failed:","timestamp":"2026-06-27T22:38:14.120Z"}
{"level":"error","message":"Status:","timestamp":"2026-06-27T22:38:14.120Z"}
{"level":"error","message":"Response:","timestamp":"2026-06-27T22:38:14.120Z"}
{"level":"error","message":"❌ Error fetching products:","timestamp":"2026-06-27T22:38:14.121Z"}
{"level":"error","message":"❌ GraphQL Errors:","timestamp":"2026-06-27T22:39:32.883Z"}
{"level":"error","message":"❌ GraphQL Request Failed:","timestamp":"2026-06-27T22:39:32.884Z"}
{"level":"error","message":"Status:","timestamp":"2026-06-27T22:39:32.884Z"}
{"level":"error","message":"Response:","timestamp":"2026-06-27T22:39:32.884Z"}
{"level":"error","message":"❌ Error fetching products:","timestamp":"2026-06-27T22:39:32.884Z"}
{"level":"error","message":"❌ Failed to update inventory:","timestamp":"2026-06-27T22:41:31.746Z"}
{"level":"error","message":"❌ Shopify API Error:","timestamp":"2026-06-27T22:41:31.749Z"}
{"level":"error","message":"❌ Failed to update inventory:","timestamp":"2026-06-27T22:41:31.763Z"}
{"level":"error","message":"❌ Shopify API Error:","timestamp":"2026-06-27T22:41:31.764Z"}
{"level":"error","message":"❌ Failed to update inventory:","timestamp":"2026-06-27T22:41:31.798Z"}
{"level":"error","message":"❌ Shopify API Error:","timestamp":"2026-06-27T22:41:31.799Z"}
{"level":"error","message":"❌ Failed to update inventory:","timestamp":"2026-06-27T22:41:31.907Z"}
{"level":"error","message":"❌ Shopify API Error:","timestamp":"2026-06-27T22:41:31.908Z"}
{"level":"error","message":"❌ GraphQL Errors:","timestamp":"2026-06-27T22:53:45.126Z"}
{"level":"error","message":"❌ GraphQL Request Failed:","timestamp":"2026-06-27T22:53:45.133Z"}
{"level":"error","message":"Status:","timestamp":"2026-06-27T22:53:45.136Z"}
{"level":"error","message":"Response:","timestamp":"2026-06-27T22:53:45.136Z"}
{"level":"error","message":"❌ GraphQL Errors:","timestamp":"2026-06-27T22:53:53.856Z"}
{"level":"error","message":"❌ GraphQL Request Failed:","timestamp":"2026-06-27T22:53:53.857Z"}
{"level":"error","message":"Status:","timestamp":"2026-06-27T22:53:53.859Z"}
{"level":"error","message":"Response:","timestamp":"2026-06-27T22:53:53.859Z"}
{"level":"error","message":"❌ GraphQL Errors:","timestamp":"2026-06-27T23:16:02.353Z"}
{"level":"error","message":"❌ GraphQL Request Failed:","timestamp":"2026-06-27T23:16:02.363Z"}
{"level":"error","message":"Status:","timestamp":"2026-06-27T23:16:02.364Z"}
{"level":"error","message":"Response:","timestamp":"2026-06-27T23:16:02.365Z"}
{"level":"info","message":"✅ Fetched 130 products from Shopify","timestamp":"2026-06-27T23:16:22.031Z"}
{"level":"error","message":"❌ GraphQL Errors:","timestamp":"2026-06-27T23:16:29.374Z"}
{"level":"error","message":"❌ GraphQL Request Failed:","timestamp":"2026-06-27T23:16:29.378Z"}
{"level":"error","message":"Status:","timestamp":"2026-06-27T23:16:29.380Z"}
{"level":"error","message":"Response:","timestamp":"2026-06-27T23:16:29.380Z"}
{"level":"error","message":"❌ Error fetching products:","timestamp":"2026-06-27T23:16:29.381Z"}
{"level":"error","message":"❌ GraphQL Errors:","timestamp":"2026-06-27T23:16:47.310Z"}
{"level":"error","message":"❌ GraphQL Request Failed:","timestamp":"2026-06-27T23:16:47.312Z"}
{"level":"error","message":"Status:","timestamp":"2026-06-27T23:16:47.313Z"}
{"level":"error","message":"Response:","timestamp":"2026-06-27T23:16:47.314Z"}
{"level":"error","message":"❌ Error fetching products:","timestamp":"2026-06-27T23:16:47.315Z"}
{"level":"error","message":"❌ GraphQL Errors:","timestamp":"2026-06-27T23:16:51.622Z"}
{"level":"error","message":"❌ GraphQL Request Failed:","timestamp":"2026-06-27T23:16:51.623Z"}
{"level":"error","message":"Status:","timestamp":"2026-06-27T23:16:51.623Z"}
{"level":"error","message":"Response:","timestamp":"2026-06-27T23:16:51.623Z"}
{"level":"error","message":"❌ Error fetching products:","timestamp":"2026-06-27T23:16:51.624Z"}
{"level":"error","message":"❌ Failed to update inventory:","timestamp":"2026-06-27T23:17:49.070Z"}
{"level":"error","message":"❌ Shopify API Error:","timestamp":"2026-06-27T23:17:49.080Z"}
{"level":"error","message":"❌ Failed to update inventory:","timestamp":"2026-06-27T23:17:59.362Z"}
{"level":"error","message":"❌ Shopify API Error:","timestamp":"2026-06-27T23:17:59.364Z"}
{"level":"error","message":"❌ Failed to update inventory:","timestamp":"2026-06-27T23:18:00.163Z"}
{"level":"error","message":"❌ Shopify API Error:","timestamp":"2026-06-27T23:18:00.165Z"}
{"level":"error","message":"❌ Failed to update inventory:","timestamp":"2026-06-27T23:18:00.949Z"}
{"level":"error","message":"❌ Shopify API Error:","timestamp":"2026-06-27T23:18:00.950Z"}
{"level":"error","message":"❌ Failed to update inventory:","timestamp":"2026-06-27T23:18:01.760Z"}
{"level":"error","message":"❌ Shopify API Error:","timestamp":"2026-06-27T23:18:01.761Z"}
{"level":"error","message":"❌ Failed to update inventory:","timestamp":"2026-06-27T23:18:02.561Z"}
{"level":"error","message":"❌ Shopify API Error:","timestamp":"2026-06-27T23:18:02.562Z"}
{"level":"error","message":"❌ Failed to update inventory:","timestamp":"2026-06-27T23:18:03.333Z"}
{"level":"error","message":"❌ Shopify API Error:","timestamp":"2026-06-27T23:18:03.333Z"}
{"level":"error","message":"❌ Failed to update inventory:","timestamp":"2026-06-27T23:18:04.117Z"}
{"level":"error","message":"❌ Shopify API Error:","timestamp":"2026-06-27T23:18:04.118Z"}
{"level":"error","message":"❌ Failed to update inventory:","timestamp":"2026-06-27T23:18:04.930Z"}
{"level":"error","message":"❌ Shopify API Error:","timestamp":"2026-06-27T23:18:04.931Z"}
{"level":"error","message":"❌ Failed to update inventory:","timestamp":"2026-06-27T23:18:05.818Z"}
{"level":"error","message":"❌ Shopify API Error:","timestamp":"2026-06-27T23:18:05.820Z"}
{"level":"error","message":"❌ Failed to update inventory:","timestamp":"2026-06-27T23:18:06.597Z"}
{"level":"error","message":"❌ Shopify API Error:","timestamp":"2026-06-27T23:18:06.597Z"}
{"level":"error","message":"❌ Failed to update inventory:","timestamp":"2026-06-27T23:18:07.358Z"}
{"level":"error","message":"❌ Shopify API Error:","timestamp":"2026-06-27T23:18:07.358Z"}
{"level":"error","message":"❌ Failed to update inventory:","timestamp":"2026-06-27T23:18:08.153Z"}
{"level":"error","message":"❌ Shopify API Error:","timestamp":"2026-06-27T23:18:08.153Z"}
{"level":"error","message":"❌ Failed to update inventory:","timestamp":"2026-06-27T23:18:09.031Z"}
{"level":"error","message":"❌ Shopify API Error:","timestamp":"2026-06-27T23:18:09.031Z"}
{"level":"error","message":"❌ Failed to update inventory:","timestamp":"2026-06-27T23:18:28.125Z"}
{"level":"error","message":"❌ Shopify API Error:","timestamp":"2026-06-27T23:18:28.125Z"}
{"level":"error","message":"❌ Failed to update inventory:","timestamp":"2026-06-27T23:18:28.951Z"}
{"level":"error","message":"❌ Shopify API Error:","timestamp":"2026-06-27T23:18:28.951Z"}
{"level":"error","message":"❌ Failed to update inventory:","timestamp":"2026-06-27T23:18:29.693Z"}
{"level":"error","message":"❌ Shopify API Error:","timestamp":"2026-06-27T23:18:29.693Z"}
{"level":"error","message":"❌ Failed to update inventory:","timestamp":"2026-06-27T23:18:30.434Z"}
{"level":"error","message":"❌ Shopify API Error:","timestamp":"2026-06-27T23:18:30.434Z"}
{"level":"error","message":"❌ Failed to update inventory:","timestamp":"2026-06-27T23:18:31.184Z"}
{"level":"error","message":"❌ Shopify API Error:","timestamp":"2026-06-27T23:18:31.185Z"}
{"level":"error","message":"❌ Failed to update inventory:","timestamp":"2026-06-27T23:18:31.946Z"}
{"level":"error","message":"❌ Shopify API Error:","timestamp":"2026-06-27T23:18:31.947Z"}
{"level":"error","message":"❌ Failed to update inventory:","timestamp":"2026-06-27T23:18:32.714Z"}
{"level":"error","message":"❌ Shopify API Error:","timestamp":"2026-06-27T23:18:32.714Z"}
{"level":"error","message":"❌ Failed to update inventory:","timestamp":"2026-06-27T23:18:33.515Z"}
{"level":"error","message":"❌ Shopify API Error:","timestamp":"2026-06-27T23:18:33.518Z"}
{"level":"error","message":"❌ Failed to update inventory:","timestamp":"2026-06-27T23:18:34.285Z"}
{"level":"error","message":"❌ Shopify API Error:","timestamp":"2026-06-27T23:18:34.286Z"}
{"level":"error","message":"❌ Failed to update inventory:","timestamp":"2026-06-27T23:18:35.042Z"}
{"level":"error","message":"❌ Shopify API Error:","timestamp":"2026-06-27T23:18:35.043Z"}
{"level":"error","message":"❌ Failed to update inventory:","timestamp":"2026-06-27T23:18:35.825Z"}
{"level":"error","message":"❌ Shopify API Error:","timestamp":"2026-06-27T23:18:35.859Z"}
{"level":"error","message":"❌ Failed to update inventory:","timestamp":"2026-06-27T23:18:36.651Z"}
{"level":"error","message":"❌ Shopify API Error:","timestamp":"2026-06-27T23:18:36.652Z"}
{"level":"error","message":"❌ Failed to update inventory:","timestamp":"2026-06-27T23:18:37.476Z"}
{"level":"error","message":"❌ Shopify API Error:","timestamp":"2026-06-27T23:18:37.477Z"}
{"level":"error","message":"❌ Failed to update inventory:","timestamp":"2026-06-27T23:18:38.286Z"}
{"level":"error","message":"❌ Shopify API Error:","timestamp":"2026-06-27T23:18:38.287Z"}
{"level":"info","message":"✅ Updated inventory: 11 units","timestamp":"2026-06-27T23:38:57.360Z"}
{"level":"info","message":"✅ Updated inventory: 13 units","timestamp":"2026-06-27T23:38:58.491Z"}
{"level":"info","message":"✅ Updated inventory: 14 units","timestamp":"2026-06-27T23:38:59.650Z"}
{"level":"info","message":"✅ Updated inventory: 11 units","timestamp":"2026-06-27T23:39:03.697Z"}
{"level":"info","message":"✅ Updated inventory: 13 units","timestamp":"2026-06-27T23:39:04.793Z"}
{"level":"info","message":"✅ Updated inventory: 14 units","timestamp":"2026-06-27T23:39:05.914Z"}
{"level":"info","message":"✅ Updated inventory: 79 units","timestamp":"2026-06-27T23:39:14.615Z"}
{"level":"info","message":"✅ Updated inventory: 75 units","timestamp":"2026-06-27T23:39:15.719Z"}
{"level":"info","message":"✅ Updated inventory: 24 units","timestamp":"2026-06-27T23:39:16.834Z"}
{"level":"info","message":"✅ Updated inventory: 90 units","timestamp":"2026-06-27T23:39:17.937Z"}
{"level":"info","message":"✅ Updated inventory: 103 units","timestamp":"2026-06-27T23:39:19.004Z"}
{"level":"info","message":"✅ Updated inventory: 167 units","timestamp":"2026-06-27T23:39:20.368Z"}
{"level":"info","message":"✅ Updated inventory: 166 units","timestamp":"2026-06-27T23:39:21.548Z"}
{"level":"info","message":"✅ Updated inventory: 72 units","timestamp":"2026-06-27T23:39:22.665Z"}
{"level":"info","message":"✅ Updated inventory: 172 units","timestamp":"2026-06-27T23:39:23.781Z"}
{"level":"info","message":"✅ Updated inventory: 11 units","timestamp":"2026-06-27T23:39:25.189Z"}
{"level":"info","message":"✅ Updated inventory: 13 units","timestamp":"2026-06-27T23:39:26.300Z"}
{"level":"info","message":"✅ Updated inventory: 14 units","timestamp":"2026-06-27T23:39:27.393Z"}
{"level":"info","message":"✅ Updated inventory: 43 units","timestamp":"2026-06-27T23:39:28.827Z"}
{"level":"info","message":"✅ Updated inventory: 14 units","timestamp":"2026-06-27T23:39:29.913Z"}
{"level":"info","message":"✅ Updated inventory: 32 units","timestamp":"2026-06-27T23:39:31.321Z"}
{"level":"info","message":"✅ Updated inventory: 21 units","timestamp":"2026-06-27T23:39:32.453Z"}
{"level":"info","message":"✅ Updated inventory: 10 units","timestamp":"2026-06-27T23:39:33.841Z"}
{"level":"info","message":"✅ Updated inventory: 43 units","timestamp":"2026-06-27T23:39:34.999Z"}
{"level":"info","message":"✅ Updated inventory: 23 units","timestamp":"2026-06-27T23:39:36.122Z"}
{"level":"info","message":"✅ Updated inventory: 6 units","timestamp":"2026-06-27T23:39:37.210Z"}
{"level":"info","message":"✅ Updated inventory: 18 units","timestamp":"2026-06-27T23:39:38.576Z"}
{"level":"info","message":"✅ Updated inventory: 21 units","timestamp":"2026-06-27T23:39:39.682Z"}
{"level":"info","message":"✅ Updated inventory: 25 units","timestamp":"2026-06-27T23:39:40.785Z"}
{"level":"info","message":"✅ Updated inventory: 29 units","timestamp":"2026-06-27T23:39:41.859Z"}
{"level":"info","message":"✅ Updated inventory: 14 units","timestamp":"2026-06-27T23:39:42.938Z"}
{"level":"info","message":"✅ Updated inventory: 10 units","timestamp":"2026-06-27T23:39:44.029Z"}
{"level":"info","message":"✅ Updated inventory: 51 units","timestamp":"2026-06-27T23:39:45.422Z"}
{"level":"info","message":"✅ Updated inventory: 15 units","timestamp":"2026-06-27T23:39:46.537Z"}
{"level":"info","message":"✅ Updated inventory: 31 units","timestamp":"2026-06-27T23:39:47.677Z"}
{"level":"info","message":"✅ Updated inventory: 15 units","timestamp":"2026-06-27T23:39:49.021Z"}
{"level":"info","message":"✅ Updated inventory: 11 units","timestamp":"2026-06-27T23:39:51.507Z"}
{"level":"info","message":"✅ Updated inventory: 27 units","timestamp":"2026-06-27T23:39:52.608Z"}
{"level":"info","message":"✅ Updated inventory: 54 units","timestamp":"2026-06-27T23:39:53.715Z"}
{"level":"info","message":"✅ Updated inventory: 9 units","timestamp":"2026-06-27T23:39:54.822Z"}
{"level":"info","message":"✅ Updated inventory: 41 units","timestamp":"2026-06-27T23:39:55.948Z"}
{"level":"info","message":"✅ Updated inventory: 25 units","timestamp":"2026-06-27T23:39:57.026Z"}
{"level":"info","message":"✅ Updated inventory: 16 units","timestamp":"2026-06-27T23:39:58.123Z"}
{"level":"info","message":"✅ Updated inventory: 20 units","timestamp":"2026-06-27T23:39:59.498Z"}
{"level":"info","message":"✅ Updated inventory: 20 units","timestamp":"2026-06-27T23:40:00.587Z"}
{"level":"info","message":"✅ Updated inventory: 19 units","timestamp":"2026-06-27T23:40:02.000Z"}
{"level":"info","message":"✅ Updated inventory: 18 units","timestamp":"2026-06-27T23:40:03.177Z"}
{"level":"info","message":"✅ Updated inventory: 10 units","timestamp":"2026-06-27T23:40:04.298Z"}
{"level":"info","message":"✅ Updated inventory: 10 units","timestamp":"2026-06-27T23:40:05.446Z"}
{"level":"info","message":"✅ Updated inventory: 36 units","timestamp":"2026-06-27T23:40:06.836Z"}
{"level":"info","message":"✅ Updated inventory: 30 units","timestamp":"2026-06-27T23:40:07.945Z"}
{"level":"info","message":"✅ Updated inventory: 31 units","timestamp":"2026-06-27T23:40:09.693Z"}
{"level":"info","message":"✅ Updated inventory: 15 units","timestamp":"2026-06-27T23:40:10.787Z"}
{"level":"info","message":"✅ Updated inventory: 45 units","timestamp":"2026-06-27T23:40:11.898Z"}
{"level":"error","message":"❌ Failed to update inventory:","timestamp":"2026-06-27T23:40:12.725Z"}
{"level":"error","message":"❌ Shopify API Error:","timestamp":"2026-06-27T23:40:12.727Z"}
{"level":"error","message":"❌ Failed to update inventory:","timestamp":"2026-06-27T23:40:13.549Z"}
{"level":"error","message":"❌ Shopify API Error:","timestamp":"2026-06-27T23:40:13.549Z"}
{"level":"error","message":"❌ Failed to update inventory:","timestamp":"2026-06-27T23:40:14.066Z"}
{"level":"error","message":"❌ Shopify API Error:","timestamp":"2026-06-27T23:40:14.067Z"}
{"level":"error","message":"❌ Failed to update inventory:","timestamp":"2026-06-27T23:40:14.587Z"}
{"level":"error","message":"❌ Shopify API Error:","timestamp":"2026-06-27T23:40:14.587Z"}
{"level":"error","message":"❌ Failed to update inventory:","timestamp":"2026-06-27T23:40:15.074Z"}
{"level":"error","message":"❌ Shopify API Error:","timestamp":"2026-06-27T23:40:15.075Z"}
{"level":"error","message":"❌ Failed to update inventory:","timestamp":"2026-06-27T23:40:15.586Z"}
{"level":"error","message":"❌ Shopify API Error:","timestamp":"2026-06-27T23:40:15.587Z"}
{"level":"error","message":"❌ Failed to update inventory:","timestamp":"2026-06-27T23:40:16.123Z"}
{"level":"error","message":"❌ Shopify API Error:","timestamp":"2026-06-27T23:40:16.124Z"}
{"level":"error","message":"❌ Failed to update inventory:","timestamp":"2026-06-27T23:40:16.648Z"}
{"level":"error","message":"❌ Shopify API Error:","timestamp":"2026-06-27T23:40:16.649Z"}
{"level":"error","message":"❌ Failed to update inventory:","timestamp":"2026-06-27T23:40:17.250Z"}
{"level":"error","message":"❌ Shopify API Error:","timestamp":"2026-06-27T23:40:17.250Z"}
{"level":"error","message":"❌ Failed to update inventory:","timestamp":"2026-06-27T23:40:18.258Z"}
{"level":"error","message":"❌ Shopify API Error:","timestamp":"2026-06-27T23:40:18.260Z"}
{"level":"error","message":"❌ Failed to update inventory:","timestamp":"2026-06-27T23:40:19.597Z"}
{"level":"error","message":"❌ Shopify API Error:","timestamp":"2026-06-27T23:40:19.598Z"}
{"level":"error","message":"❌ Failed to update inventory:","timestamp":"2026-06-27T23:40:20.098Z"}
{"level":"error","message":"❌ Shopify API Error:","timestamp":"2026-06-27T23:40:20.099Z"}
{"level":"error","message":"❌ Failed to update inventory:","timestamp":"2026-06-27T23:40:20.636Z"}
{"level":"error","message":"❌ Shopify API Error:","timestamp":"2026-06-27T23:40:20.637Z"}
{"level":"error","message":"❌ Failed to update inventory:","timestamp":"2026-06-27T23:40:21.180Z"}
{"level":"error","message":"❌ Shopify API Error:","timestamp":"2026-06-27T23:40:21.181Z"}
{"level":"error","message":"❌ Failed to update inventory:","timestamp":"2026-06-27T23:40:21.685Z"}
{"level":"error","message":"❌ Shopify API Error:","timestamp":"2026-06-27T23:40:21.686Z"}
{"level":"error","message":"❌ Failed to update inventory:","timestamp":"2026-06-27T23:40:22.199Z"}
{"level":"error","message":"❌ Shopify API Error:","timestamp":"2026-06-27T23:40:22.200Z"}
{"level":"error","message":"❌ Failed to update inventory:","timestamp":"2026-06-27T23:40:22.706Z"}
{"level":"error","message":"❌ Shopify API Error:","timestamp":"2026-06-27T23:40:22.707Z"}
{"level":"error","message":"❌ Failed to update inventory:","timestamp":"2026-06-27T23:40:23.705Z"}
{"level":"error","message":"❌ Shopify API Error:","timestamp":"2026-06-27T23:40:23.706Z"}
{"level":"error","message":"❌ Failed to update inventory:","timestamp":"2026-06-27T23:40:24.210Z"}
{"level":"error","message":"❌ Shopify API Error:","timestamp":"2026-06-27T23:40:24.211Z"}
{"level":"error","message":"❌ Failed to update inventory:","timestamp":"2026-06-27T23:40:24.706Z"}
{"level":"error","message":"❌ Shopify API Error:","timestamp":"2026-06-27T23:40:24.746Z"}
{"level":"error","message":"❌ Failed to update inventory:","timestamp":"2026-06-27T23:40:25.263Z"}
{"level":"error","message":"❌ Shopify API Error:","timestamp":"2026-06-27T23:40:25.263Z"}
{"level":"error","message":"❌ Failed to update inventory:","timestamp":"2026-06-27T23:40:26.074Z"}
{"level":"error","message":"❌ Shopify API Error:","timestamp":"2026-06-27T23:40:26.074Z"}
{"level":"error","message":"❌ Failed to update inventory:","timestamp":"2026-06-27T23:40:26.596Z"}
{"level":"error","message":"❌ Shopify API Error:","timestamp":"2026-06-27T23:40:26.597Z"}
{"level":"error","message":"❌ Failed to update inventory:","timestamp":"2026-06-27T23:40:27.106Z"}
{"level":"error","message":"❌ Shopify API Error:","timestamp":"2026-06-27T23:40:27.107Z"}
{"level":"error","message":"❌ Failed to update inventory:","timestamp":"2026-06-27T23:40:27.590Z"}
{"level":"error","message":"❌ Shopify API Error:","timestamp":"2026-06-27T23:40:27.591Z"}
{"level":"error","message":"❌ Failed to update inventory:","timestamp":"2026-06-27T23:40:28.095Z"}
{"level":"error","message":"❌ Shopify API Error:","timestamp":"2026-06-27T23:40:28.096Z"}
{"level":"error","message":"❌ Failed to update inventory:","timestamp":"2026-06-27T23:40:28.622Z"}
{"level":"error","message":"❌ Shopify API Error:","timestamp":"2026-06-27T23:40:28.623Z"}
{"level":"error","message":"❌ Failed to update inventory:","timestamp":"2026-06-27T23:40:29.148Z"}
{"level":"error","message":"❌ Shopify API Error:","timestamp":"2026-06-27T23:40:29.148Z"}
{"level":"error","message":"❌ Failed to update inventory:","timestamp":"2026-06-27T23:40:29.659Z"}
{"level":"error","message":"❌ Shopify API Error:","timestamp":"2026-06-27T23:40:29.659Z"}
{"level":"error","message":"❌ Failed to update inventory:","timestamp":"2026-06-27T23:40:30.153Z"}
{"level":"error","message":"❌ Shopify API Error:","timestamp":"2026-06-27T23:40:30.154Z"}
{"level":"error","message":"❌ Failed to update inventory:","timestamp":"2026-06-27T23:40:30.630Z"}
{"level":"error","message":"❌ Shopify API Error:","timestamp":"2026-06-27T23:40:30.631Z"}
{"level":"error","message":"❌ Failed to update inventory:","timestamp":"2026-06-27T23:40:31.136Z"}
{"level":"error","message":"❌ Shopify API Error:","timestamp":"2026-06-27T23:40:31.137Z"}
{"level":"error","message":"❌ Failed to update inventory:","timestamp":"2026-06-27T23:40:31.648Z"}
{"level":"error","message":"❌ Shopify API Error:","timestamp":"2026-06-27T23:40:31.649Z"}
{"level":"error","message":"❌ Failed to update inventory:","timestamp":"2026-06-27T23:40:32.160Z"}
{"level":"error","message":"❌ Shopify API Error:","timestamp":"2026-06-27T23:40:32.161Z"}
{"level":"error","message":"❌ Failed to update inventory:","timestamp":"2026-06-27T23:40:32.653Z"}
{"level":"error","message":"❌ Shopify API Error:","timestamp":"2026-06-27T23:40:32.654Z"}
{"level":"error","message":"❌ Failed to update inventory:","timestamp":"2026-06-27T23:40:33.181Z"}
{"level":"error","message":"❌ Shopify API Error:","timestamp":"2026-06-27T23:40:33.181Z"}
{"level":"error","message":"❌ Failed to update inventory:","timestamp":"2026-06-27T23:40:33.671Z"}
{"level":"error","message":"❌ Shopify API Error:","timestamp":"2026-06-27T23:40:33.672Z"}
{"level":"error","message":"❌ Failed to update inventory:","timestamp":"2026-06-27T23:40:34.188Z"}
{"level":"error","message":"❌ Shopify API Error:","timestamp":"2026-06-27T23:40:34.189Z"}
{"level":"error","message":"❌ Failed to update inventory:","timestamp":"2026-06-27T23:40:34.688Z"}
{"level":"error","message":"❌ Shopify API Error:","timestamp":"2026-06-27T23:40:34.689Z"}
{"level":"error","message":"❌ Failed to update inventory:","timestamp":"2026-06-27T23:40:35.213Z"}
{"level":"error","message":"❌ Shopify API Error:","timestamp":"2026-06-27T23:40:35.215Z"}
{"level":"error","message":"❌ Failed to update inventory:","timestamp":"2026-06-27T23:40:35.749Z"}
{"level":"error","message":"❌ Shopify API Error:","timestamp":"2026-06-27T23:40:35.750Z"}
{"level":"error","message":"❌ Failed to update inventory:","timestamp":"2026-06-27T23:40:36.228Z"}
{"level":"error","message":"❌ Shopify API Error:","timestamp":"2026-06-27T23:40:36.230Z"}
{"level":"error","message":"❌ Failed to update inventory:","timestamp":"2026-06-27T23:40:37.072Z"}
{"level":"error","message":"❌ Shopify API Error:","timestamp":"2026-06-27T23:40:37.073Z"}
{"level":"error","message":"❌ Failed to update inventory:","timestamp":"2026-06-27T23:40:37.604Z"}
{"level":"error","message":"❌ Shopify API Error:","timestamp":"2026-06-27T23:40:37.605Z"}
{"level":"error","message":"❌ Failed to update inventory:","timestamp":"2026-06-27T23:40:38.101Z"}
{"level":"error","message":"❌ Shopify API Error:","timestamp":"2026-06-27T23:40:38.102Z"}
{"level":"error","message":"❌ Failed to update inventory:","timestamp":"2026-06-27T23:40:38.606Z"}
{"level":"error","message":"❌ Shopify API Error:","timestamp":"2026-06-27T23:40:38.607Z"}
{"level":"error","message":"❌ Failed to update inventory:","timestamp":"2026-06-27T23:40:39.133Z"}
{"level":"error","message":"❌ Shopify API Error:","timestamp":"2026-06-27T23:40:39.134Z"}
{"level":"error","message":"❌ Failed to update inventory:","timestamp":"2026-06-27T23:40:39.713Z"}
{"level":"error","message":"❌ Shopify API Error:","timestamp":"2026-06-27T23:40:39.714Z"}
{"level":"error","message":"❌ Failed to update inventory:","timestamp":"2026-06-27T23:40:40.244Z"}
{"level":"error","message":"❌ Shopify API Error:","timestamp":"2026-06-27T23:40:40.245Z"}
{"level":"error","message":"❌ Failed to update inventory:","timestamp":"2026-06-27T23:40:40.753Z"}
{"level":"error","message":"❌ Shopify API Error:","timestamp":"2026-06-27T23:40:40.754Z"}
{"level":"error","message":"❌ Failed to update inventory:","timestamp":"2026-06-27T23:40:41.536Z"}
{"level":"error","message":"❌ Shopify API Error:","timestamp":"2026-06-27T23:40:41.537Z"}
{"level":"error","message":"❌ Failed to update inventory:","timestamp":"2026-06-27T23:40:42.099Z"}
{"level":"error","message":"❌ Shopify API Error:","timestamp":"2026-06-27T23:40:42.100Z"}
{"level":"error","message":"❌ Failed to update inventory:","timestamp":"2026-06-27T23:40:42.636Z"}
{"level":"error","message":"❌ Shopify API Error:","timestamp":"2026-06-27T23:40:42.636Z"}
{"level":"error","message":"❌ Failed to update inventory:","timestamp":"2026-06-27T23:40:43.165Z"}
{"level":"error","message":"❌ Shopify API Error:","timestamp":"2026-06-27T23:40:43.165Z"}
{"level":"error","message":"❌ Failed to update inventory:","timestamp":"2026-06-27T23:40:43.761Z"}
{"level":"error","message":"❌ Shopify API Error:","timestamp":"2026-06-27T23:40:43.761Z"}
{"level":"error","message":"❌ Failed to update inventory:","timestamp":"2026-06-27T23:40:44.566Z"}
{"level":"error","message":"❌ Shopify API Error:","timestamp":"2026-06-27T23:40:44.566Z"}
{"level":"error","message":"❌ Failed to update inventory:","timestamp":"2026-06-27T23:40:45.092Z"}
{"level":"error","message":"❌ Shopify API Error:","timestamp":"2026-06-27T23:40:45.092Z"}
{"level":"error","message":"❌ Failed to update inventory:","timestamp":"2026-06-27T23:40:45.601Z"}
{"level":"error","message":"❌ Shopify API Error:","timestamp":"2026-06-27T23:40:45.602Z"}
{"level":"error","message":"❌ Failed to update inventory:","timestamp":"2026-06-27T23:40:46.181Z"}
{"level":"error","message":"❌ Shopify API Error:","timestamp":"2026-06-27T23:40:46.184Z"}
{"level":"error","message":"❌ Failed to update inventory:","timestamp":"2026-06-27T23:40:47.086Z"}
{"level":"error","message":"❌ Shopify API Error:","timestamp":"2026-06-27T23:40:47.086Z"}
{"level":"error","message":"❌ Failed to update inventory:","timestamp":"2026-06-27T23:40:47.592Z"}
{"level":"error","message":"❌ Shopify API Error:","timestamp":"2026-06-27T23:40:47.593Z"}
{"level":"error","message":"❌ Failed to update inventory:","timestamp":"2026-06-27T23:40:48.097Z"}
{"level":"error","message":"❌ Shopify API Error:","timestamp":"2026-06-27T23:40:48.144Z"}
{"level":"error","message":"❌ Failed to update inventory:","timestamp":"2026-06-27T23:40:48.655Z"}
{"level":"error","message":"❌ Shopify API Error:","timestamp":"2026-06-27T23:40:48.655Z"}
{"level":"error","message":"❌ Failed to update inventory:","timestamp":"2026-06-27T23:40:49.169Z"}
{"level":"error","message":"❌ Shopify API Error:","timestamp":"2026-06-27T23:40:49.169Z"}
{"level":"error","message":"❌ Failed to update inventory:","timestamp":"2026-06-27T23:40:49.681Z"}
{"level":"error","message":"❌ Shopify API Error:","timestamp":"2026-06-27T23:40:49.682Z"}
{"level":"error","message":"❌ Failed to update inventory:","timestamp":"2026-06-27T23:40:50.224Z"}
{"level":"error","message":"❌ Shopify API Error:","timestamp":"2026-06-27T23:40:50.225Z"}
{"level":"error","message":"❌ Failed to update inventory:","timestamp":"2026-06-27T23:40:50.725Z"}
{"level":"error","message":"❌ Shopify API Error:","timestamp":"2026-06-27T23:40:50.726Z"}
{"level":"error","message":"❌ Failed to update inventory:","timestamp":"2026-06-27T23:40:51.723Z"}
{"level":"error","message":"❌ Shopify API Error:","timestamp":"2026-06-27T23:40:51.724Z"}
{"level":"error","message":"❌ Failed to update inventory:","timestamp":"2026-06-27T23:40:52.212Z"}
{"level":"error","message":"❌ Shopify API Error:","timestamp":"2026-06-27T23:40:52.213Z"}
{"level":"error","message":"❌ Failed to update inventory:","timestamp":"2026-06-27T23:40:52.696Z"}
{"level":"error","message":"❌ Shopify API Error:","timestamp":"2026-06-27T23:40:52.697Z"}
{"level":"error","message":"❌ Failed to update inventory:","timestamp":"2026-06-27T23:40:53.219Z"}
{"level":"error","message":"❌ Shopify API Error:","timestamp":"2026-06-27T23:40:53.219Z"}
{"level":"error","message":"❌ Failed to update inventory:","timestamp":"2026-06-27T23:40:53.738Z"}
{"level":"error","message":"❌ Shopify API Error:","timestamp":"2026-06-27T23:40:53.739Z"}
{"level":"error","message":"❌ Failed to update inventory:","timestamp":"2026-06-27T23:40:54.240Z"}
{"level":"error","message":"❌ Shopify API Error:","timestamp":"2026-06-27T23:40:54.240Z"}
{"level":"error","message":"❌ Failed to update inventory:","timestamp":"2026-06-27T23:40:54.722Z"}
{"level":"error","message":"❌ Shopify API Error:","timestamp":"2026-06-27T23:40:54.723Z"}
{"level":"error","message":"❌ Failed to update inventory:","timestamp":"2026-06-27T23:40:55.209Z"}
{"level":"error","message":"❌ Shopify API Error:","timestamp":"2026-06-27T23:40:55.210Z"}
{"level":"error","message":"❌ Failed to update inventory:","timestamp":"2026-06-27T23:40:55.729Z"}
{"level":"error","message":"❌ Shopify API Error:","timestamp":"2026-06-27T23:40:55.729Z"}
{"level":"error","message":"❌ Failed to update inventory:","timestamp":"2026-06-27T23:40:56.224Z"}
{"level":"error","message":"❌ Shopify API Error:","timestamp":"2026-06-27T23:40:56.225Z"}
{"level":"error","message":"❌ Failed to update inventory:","timestamp":"2026-06-27T23:40:56.743Z"}
{"level":"error","message":"❌ Shopify API Error:","timestamp":"2026-06-27T23:40:56.744Z"}
{"level":"error","message":"❌ Failed to update inventory:","timestamp":"2026-06-27T23:40:57.566Z"}
{"level":"error","message":"❌ Shopify API Error:","timestamp":"2026-06-27T23:40:57.567Z"}
{"level":"error","message":"❌ Failed to update inventory:","timestamp":"2026-06-27T23:40:58.068Z"}
{"level":"error","message":"❌ Shopify API Error:","timestamp":"2026-06-27T23:40:58.069Z"}
{"level":"error","message":"❌ Failed to update inventory:","timestamp":"2026-06-27T23:40:58.604Z"}
{"level":"error","message":"❌ Shopify API Error:","timestamp":"2026-06-27T23:40:58.605Z"}
{"level":"error","message":"❌ Failed to update inventory:","timestamp":"2026-06-27T23:40:59.110Z"}
{"level":"error","message":"❌ Shopify API Error:","timestamp":"2026-06-27T23:40:59.111Z"}
{"level":"error","message":"❌ Failed to update inventory:","timestamp":"2026-06-27T23:40:59.635Z"}
{"level":"error","message":"❌ Shopify API Error:","timestamp":"2026-06-27T23:40:59.635Z"}
{"level":"error","message":"❌ Failed to update inventory:","timestamp":"2026-06-27T23:41:00.188Z"}
{"level":"error","message":"❌ Shopify API Error:","timestamp":"2026-06-27T23:41:00.189Z"}
{"level":"error","message":"❌ Failed to update inventory:","timestamp":"2026-06-27T23:41:00.674Z"}
{"level":"error","message":"❌ Shopify API Error:","timestamp":"2026-06-27T23:41:00.675Z"}
{"level":"error","message":"❌ Failed to update inventory:","timestamp":"2026-06-27T23:41:01.175Z"}
{"level":"error","message":"❌ Shopify API Error:","timestamp":"2026-06-27T23:41:01.175Z"}
{"level":"error","message":"❌ Failed to update inventory:","timestamp":"2026-06-27T23:41:01.652Z"}
{"level":"error","message":"❌ Shopify API Error:","timestamp":"2026-06-27T23:41:01.653Z"}
{"level":"error","message":"❌ Failed to update inventory:","timestamp":"2026-06-27T23:41:02.171Z"}
{"level":"error","message":"❌ Shopify API Error:","timestamp":"2026-06-27T23:41:02.172Z"}
{"level":"error","message":"❌ Failed to update inventory:","timestamp":"2026-06-27T23:41:02.728Z"}
{"level":"error","message":"❌ Shopify API Error:","timestamp":"2026-06-27T23:41:02.729Z"}
{"level":"error","message":"❌ Failed to update inventory:","timestamp":"2026-06-27T23:41:03.223Z"}
{"level":"error","message":"❌ Shopify API Error:","timestamp":"2026-06-27T23:41:03.224Z"}
{"level":"error","message":"❌ Failed to update inventory:","timestamp":"2026-06-27T23:41:03.710Z"}
{"level":"error","message":"❌ Shopify API Error:","timestamp":"2026-06-27T23:41:03.710Z"}
{"level":"error","message":"❌ Failed to update inventory:","timestamp":"2026-06-27T23:41:04.207Z"}
{"level":"error","message":"❌ Shopify API Error:","timestamp":"2026-06-27T23:41:04.208Z"}
{"level":"error","message":"❌ Failed to update inventory:","timestamp":"2026-06-27T23:41:05.536Z"}
{"level":"error","message":"❌ Shopify API Error:","timestamp":"2026-06-27T23:41:05.537Z"}
{"level":"error","message":"❌ Failed to update inventory:","timestamp":"2026-06-27T23:41:06.050Z"}
{"level":"error","message":"❌ Shopify API Error:","timestamp":"2026-06-27T23:41:06.051Z"}
{"level":"error","message":"❌ Failed to update inventory:","timestamp":"2026-06-27T23:41:06.550Z"}
{"level":"error","message":"❌ Shopify API Error:","timestamp":"2026-06-27T23:41:06.551Z"}
{"level":"error","message":"❌ Failed to update inventory:","timestamp":"2026-06-27T23:41:07.066Z"}
{"level":"error","message":"❌ Shopify API Error:","timestamp":"2026-06-27T23:41:07.067Z"}
{"level":"error","message":"❌ Failed to update inventory:","timestamp":"2026-06-27T23:41:07.591Z"}
{"level":"error","message":"❌ Shopify API Error:","timestamp":"2026-06-27T23:41:07.592Z"}
{"level":"error","message":"❌ Failed to update inventory:","timestamp":"2026-06-27T23:41:08.074Z"}
{"level":"error","message":"❌ Shopify API Error:","timestamp":"2026-06-27T23:41:08.075Z"}
{"level":"error","message":"❌ Failed to update inventory:","timestamp":"2026-06-27T23:41:08.571Z"}
{"level":"error","message":"❌ Shopify API Error:","timestamp":"2026-06-27T23:41:08.572Z"}
{"level":"error","message":"❌ Failed to update inventory:","timestamp":"2026-06-27T23:41:09.066Z"}
{"level":"error","message":"❌ Shopify API Error:","timestamp":"2026-06-27T23:41:09.067Z"}
{"level":"error","message":"❌ Failed to update inventory:","timestamp":"2026-06-27T23:41:09.550Z"}
{"level":"error","message":"❌ Shopify API Error:","timestamp":"2026-06-27T23:41:09.550Z"}
{"level":"error","message":"❌ Failed to update inventory:","timestamp":"2026-06-27T23:41:10.070Z"}
{"level":"error","message":"❌ Shopify API Error:","timestamp":"2026-06-27T23:41:10.071Z"}
{"level":"error","message":"❌ Failed to update inventory:","timestamp":"2026-06-27T23:41:10.613Z"}
{"level":"error","message":"❌ Shopify API Error:","timestamp":"2026-06-27T23:41:10.613Z"}
{"level":"error","message":"❌ Failed to update inventory:","timestamp":"2026-06-27T23:41:11.131Z"}
{"level":"error","message":"❌ Shopify API Error:","timestamp":"2026-06-27T23:41:11.132Z"}
{"level":"error","message":"❌ Failed to update inventory:","timestamp":"2026-06-27T23:41:11.643Z"}
{"level":"error","message":"❌ Shopify API Error:","timestamp":"2026-06-27T23:41:11.644Z"}
{"level":"error","message":"❌ Failed to update inventory:","timestamp":"2026-06-27T23:41:12.262Z"}
{"level":"error","message":"❌ Shopify API Error:","timestamp":"2026-06-27T23:41:12.262Z"}
{"level":"error","message":"❌ Failed to update inventory:","timestamp":"2026-06-27T23:41:13.079Z"}
{"level":"error","message":"❌ Shopify API Error:","timestamp":"2026-06-27T23:41:13.079Z"}
{"level":"error","message":"❌ Failed to update inventory:","timestamp":"2026-06-27T23:41:13.592Z"}
{"level":"error","message":"❌ Shopify API Error:","timestamp":"2026-06-27T23:41:13.593Z"}
{"level":"error","message":"❌ Failed to update inventory:","timestamp":"2026-06-27T23:41:14.095Z"}
{"level":"error","message":"❌ Shopify API Error:","timestamp":"2026-06-27T23:41:14.096Z"}
{"level":"error","message":"❌ Failed to update inventory:","timestamp":"2026-06-27T23:41:14.597Z"}
{"level":"error","message":"❌ Shopify API Error:","timestamp":"2026-06-27T23:41:14.598Z"}
{"level":"error","message":"❌ Failed to update inventory:","timestamp":"2026-06-27T23:41:15.079Z"}
{"level":"error","message":"❌ Shopify API Error:","timestamp":"2026-06-27T23:41:15.080Z"}
{"level":"error","message":"❌ Failed to update inventory:","timestamp":"2026-06-27T23:41:15.598Z"}
{"level":"error","message":"❌ Shopify API Error:","timestamp":"2026-06-27T23:41:15.599Z"}
{"level":"error","message":"❌ Failed to update inventory:","timestamp":"2026-06-27T23:41:16.091Z"}
{"level":"error","message":"❌ Shopify API Error:","timestamp":"2026-06-27T23:41:16.091Z"}
{"level":"error","message":"❌ Failed to update inventory:","timestamp":"2026-06-27T23:41:16.648Z"}
{"level":"error","message":"❌ Shopify API Error:","timestamp":"2026-06-27T23:41:16.649Z"}
{"level":"error","message":"❌ Failed to update inventory:","timestamp":"2026-06-27T23:41:17.146Z"}
{"level":"error","message":"❌ Shopify API Error:","timestamp":"2026-06-27T23:41:17.147Z"}
{"level":"error","message":"❌ Failed to update inventory:","timestamp":"2026-06-27T23:41:17.670Z"}
{"level":"error","message":"❌ Shopify API Error:","timestamp":"2026-06-27T23:41:17.671Z"}
{"level":"error","message":"❌ Failed to update inventory:","timestamp":"2026-06-27T23:41:18.159Z"}
{"level":"error","message":"❌ Shopify API Error:","timestamp":"2026-06-27T23:41:18.160Z"}
{"level":"error","message":"❌ Failed to update inventory:","timestamp":"2026-06-27T23:41:18.700Z"}
{"level":"error","message":"❌ Shopify API Error:","timestamp":"2026-06-27T23:41:18.701Z"}
{"level":"error","message":"❌ Failed to update inventory:","timestamp":"2026-06-27T23:41:19.205Z"}
{"level":"error","message":"❌ Shopify API Error:","timestamp":"2026-06-27T23:41:19.206Z"}
{"level":"info","message":"✅ Updated inventory: 167 units","timestamp":"2026-06-27T23:41:50.031Z"}
{"level":"info","message":"✅ Updated inventory: 166 units","timestamp":"2026-06-27T23:41:51.112Z"}
{"level":"info","message":"✅ Updated inventory: 72 units","timestamp":"2026-06-27T23:41:52.427Z"}
{"level":"info","message":"✅ Updated inventory: 172 units","timestamp":"2026-06-27T23:41:53.663Z"}
{"level":"info","message":"✅ Updated inventory: 79 units","timestamp":"2026-06-27T23:42:09.166Z"}
{"level":"info","message":"✅ Updated inventory: 75 units","timestamp":"2026-06-27T23:42:10.253Z"}
{"level":"info","message":"✅ Updated inventory: 24 units","timestamp":"2026-06-27T23:42:11.334Z"}
{"level":"info","message":"✅ Updated inventory: 90 units","timestamp":"2026-06-27T23:42:12.405Z"}
{"level":"info","message":"✅ Updated inventory: 103 units","timestamp":"2026-06-27T23:42:13.466Z"}
{"level":"info","message":"✅ Updated inventory: 79 units","timestamp":"2026-06-27T23:47:17.829Z"}
{"level":"info","message":"✅ Updated inventory: 75 units","timestamp":"2026-06-27T23:47:19.119Z"}
{"level":"info","message":"✅ Updated inventory: 24 units","timestamp":"2026-06-27T23:47:20.428Z"}
{"level":"info","message":"✅ Updated inventory: 90 units","timestamp":"2026-06-27T23:47:21.759Z"}
{"level":"info","message":"✅ Updated inventory: 103 units","timestamp":"2026-06-27T23:47:23.056Z"}
{"level":"info","message":"✅ Fetched 130 products from Shopify","timestamp":"2026-06-27T23:53:03.891Z"}
{"level":"info","message":"✅ Updated inventory: 79 units","timestamp":"2026-06-27T23:53:29.974Z"}
{"level":"info","message":"✅ Updated inventory: 75 units","timestamp":"2026-06-27T23:53:31.271Z"}
{"level":"info","message":"✅ Updated inventory: 24 units","timestamp":"2026-06-27T23:53:32.578Z"}
{"level":"info","message":"✅ Updated inventory: 90 units","timestamp":"2026-06-27T23:53:33.842Z"}
{"level":"info","message":"✅ Updated inventory: 103 units","timestamp":"2026-06-27T23:53:35.122Z"}
{"level":"info","message":"✅ Updated inventory: 167 units","timestamp":"2026-06-27T23:53:39.679Z"}
{"level":"info","message":"✅ Updated inventory: 166 units","timestamp":"2026-06-27T23:53:40.995Z"}
{"level":"info","message":"✅ Updated inventory: 72 units","timestamp":"2026-06-27T23:53:42.271Z"}
{"level":"info","message":"✅ Updated inventory: 172 units","timestamp":"2026-06-27T23:53:43.564Z"}
{"level":"info","message":"✅ Updated inventory: 11 units","timestamp":"2026-06-27T23:53:48.168Z"}
{"level":"info","message":"✅ Updated inventory: 13 units","timestamp":"2026-06-27T23:53:49.460Z"}
{"level":"info","message":"✅ Updated inventory: 14 units","timestamp":"2026-06-27T23:53:50.720Z"}
{"level":"info","message":"✅ Updated inventory: 43 units","timestamp":"2026-06-27T23:53:55.295Z"}
{"level":"info","message":"✅ Updated inventory: 14 units","timestamp":"2026-06-27T23:53:56.564Z"}
{"level":"info","message":"✅ Updated inventory: 32 units","timestamp":"2026-06-27T23:54:01.170Z"}
{"level":"info","message":"✅ Updated inventory: 21 units","timestamp":"2026-06-27T23:54:02.469Z"}
{"level":"info","message":"✅ Updated inventory: 10 units","timestamp":"2026-06-27T23:54:07.366Z"}
{"level":"info","message":"✅ Updated inventory: 43 units","timestamp":"2026-06-27T23:54:08.656Z"}
{"level":"info","message":"✅ Updated inventory: 23 units","timestamp":"2026-06-27T23:54:09.934Z"}
{"level":"info","message":"✅ Updated inventory: 6 units","timestamp":"2026-06-27T23:54:11.242Z"}
{"level":"info","message":"✅ Updated inventory: 18 units","timestamp":"2026-06-27T23:54:15.803Z"}
{"level":"info","message":"✅ Updated inventory: 21 units","timestamp":"2026-06-27T23:54:17.083Z"}
{"level":"info","message":"✅ Updated inventory: 25 units","timestamp":"2026-06-27T23:54:18.390Z"}
{"level":"info","message":"✅ Updated inventory: 29 units","timestamp":"2026-06-27T23:54:19.677Z"}
{"level":"info","message":"✅ Updated inventory: 14 units","timestamp":"2026-06-27T23:54:20.979Z"}
{"level":"info","message":"✅ Updated inventory: 10 units","timestamp":"2026-06-27T23:54:22.265Z"}
{"level":"info","message":"✅ Updated inventory: 51 units","timestamp":"2026-06-27T23:54:27.419Z"}
{"level":"info","message":"✅ Updated inventory: 15 units","timestamp":"2026-06-27T23:54:28.685Z"}
{"level":"info","message":"✅ Updated inventory: 31 units","timestamp":"2026-06-27T23:54:30.260Z"}
{"level":"info","message":"✅ Updated inventory: 15 units","timestamp":"2026-06-27T23:54:31.491Z"}
{"level":"info","message":"✅ Updated inventory: 11 units","timestamp":"2026-06-27T23:54:36.364Z"}
{"level":"info","message":"✅ Updated inventory: 27 units","timestamp":"2026-06-27T23:54:37.867Z"}
{"level":"info","message":"✅ Updated inventory: 54 units","timestamp":"2026-06-27T23:54:39.169Z"}
{"level":"info","message":"✅ Updated inventory: 9 units","timestamp":"2026-06-27T23:54:40.471Z"}
{"level":"info","message":"✅ Updated inventory: 41 units","timestamp":"2026-06-27T23:54:41.764Z"}
{"level":"info","message":"✅ Updated inventory: 25 units","timestamp":"2026-06-27T23:54:43.051Z"}
{"level":"info","message":"✅ Updated inventory: 16 units","timestamp":"2026-06-27T23:54:44.366Z"}
{"level":"info","message":"✅ Updated inventory: 20 units","timestamp":"2026-06-27T23:54:48.944Z"}
{"level":"info","message":"✅ Updated inventory: 20 units","timestamp":"2026-06-27T23:54:50.242Z"}
{"level":"info","message":"✅ Updated inventory: 19 units","timestamp":"2026-06-27T23:54:51.767Z"}
{"level":"info","message":"✅ Updated inventory: 18 units","timestamp":"2026-06-27T23:54:53.121Z"}
{"level":"info","message":"✅ Updated inventory: 10 units","timestamp":"2026-06-27T23:54:54.440Z"}
{"level":"info","message":"✅ Updated inventory: 10 units","timestamp":"2026-06-27T23:54:55.805Z"}
{"level":"info","message":"✅ Updated inventory: 36 units","timestamp":"2026-06-27T23:55:00.465Z"}
{"level":"info","message":"✅ Updated inventory: 30 units","timestamp":"2026-06-27T23:55:01.791Z"}
{"level":"info","message":"✅ Updated inventory: 31 units","timestamp":"2026-06-27T23:55:06.361Z"}
{"level":"info","message":"✅ Updated inventory: 15 units","timestamp":"2026-06-27T23:55:07.651Z"}
{"level":"info","message":"✅ Updated inventory: 45 units","timestamp":"2026-06-27T23:55:08.962Z"}
{"level":"info","message":"✅ Updated inventory: 13 units","timestamp":"2026-06-27T23:55:10.254Z"}
{"level":"info","message":"✅ Updated inventory: 9 units","timestamp":"2026-06-27T23:55:14.897Z"}
{"level":"info","message":"✅ Updated inventory: 13 units","timestamp":"2026-06-27T23:55:16.233Z"}
{"level":"info","message":"✅ Updated inventory: 36 units","timestamp":"2026-06-27T23:55:20.830Z"}
{"level":"info","message":"✅ Updated inventory: 17 units","timestamp":"2026-06-27T23:55:22.156Z"}
{"level":"info","message":"✅ Updated inventory: 12 units","timestamp":"2026-06-27T23:55:23.472Z"}
{"level":"info","message":"✅ Updated inventory: 11 units","timestamp":"2026-06-27T23:55:28.053Z"}
{"level":"info","message":"✅ Updated inventory: 41 units","timestamp":"2026-06-27T23:55:29.335Z"}
{"level":"info","message":"✅ Updated inventory: 27 units","timestamp":"2026-06-27T23:55:30.649Z"}
{"level":"info","message":"✅ Updated inventory: 13 units","timestamp":"2026-06-27T23:55:31.949Z"}
{"level":"info","message":"✅ Updated inventory: 8 units","timestamp":"2026-06-27T23:55:36.498Z"}
{"level":"info","message":"✅ Updated inventory: 12 units","timestamp":"2026-06-27T23:55:37.812Z"}
{"level":"info","message":"✅ Updated inventory: 12 units","timestamp":"2026-06-27T23:55:39.090Z"}
{"level":"info","message":"✅ Updated inventory: 13 units","timestamp":"2026-06-27T23:55:40.402Z"}
{"level":"info","message":"✅ Updated inventory: 10 units","timestamp":"2026-06-27T23:55:41.655Z"}
{"level":"info","message":"✅ Updated inventory: 2 units","timestamp":"2026-06-27T23:55:42.977Z"}
{"level":"info","message":"✅ Updated inventory: 9 units","timestamp":"2026-06-27T23:55:47.537Z"}
{"level":"info","message":"✅ Updated inventory: 5 units","timestamp":"2026-06-27T23:55:48.860Z"}
{"level":"info","message":"✅ Updated inventory: 3 units","timestamp":"2026-06-27T23:55:50.115Z"}
{"level":"info","message":"✅ Updated inventory: 5 units","timestamp":"2026-06-27T23:55:51.422Z"}
{"level":"info","message":"✅ Updated inventory: 6 units","timestamp":"2026-06-27T23:55:52.714Z"}
{"level":"info","message":"✅ Updated inventory: 10 units","timestamp":"2026-06-27T23:55:57.304Z"}
{"level":"info","message":"✅ Updated inventory: 11 units","timestamp":"2026-06-27T23:55:58.592Z"}
{"level":"info","message":"✅ Updated inventory: 10 units","timestamp":"2026-06-27T23:55:59.859Z"}
{"level":"info","message":"✅ Updated inventory: 13 units","timestamp":"2026-06-27T23:56:01.134Z"}
{"level":"info","message":"✅ Updated inventory: 4 units","timestamp":"2026-06-27T23:56:02.372Z"}
{"level":"info","message":"✅ Updated inventory: 14 units","timestamp":"2026-06-27T23:56:03.650Z"}
{"level":"info","message":"✅ Updated inventory: 10 units","timestamp":"2026-06-27T23:56:08.218Z"}
{"level":"info","message":"✅ Updated inventory: 15 units","timestamp":"2026-06-27T23:56:09.480Z"}
{"level":"info","message":"✅ Updated inventory: 14 units","timestamp":"2026-06-27T23:56:10.759Z"}
{"level":"info","message":"✅ Updated inventory: 15 units","timestamp":"2026-06-27T23:56:12.052Z"}
{"level":"info","message":"✅ Updated inventory: 10 units","timestamp":"2026-06-27T23:56:13.319Z"}
{"level":"info","message":"✅ Updated inventory: 5 units","timestamp":"2026-06-27T23:56:14.581Z"}
{"level":"info","message":"✅ Updated inventory: 15 units","timestamp":"2026-06-27T23:56:19.733Z"}
{"level":"info","message":"✅ Updated inventory: 15 units","timestamp":"2026-06-27T23:56:21.105Z"}
{"level":"info","message":"✅ Updated inventory: 15 units","timestamp":"2026-06-27T23:56:22.398Z"}
{"level":"info","message":"✅ Updated inventory: 10 units","timestamp":"2026-06-27T23:56:23.668Z"}
{"level":"info","message":"✅ Updated inventory: 10 units","timestamp":"2026-06-27T23:56:24.923Z"}
{"level":"info","message":"✅ Updated inventory: 5 units","timestamp":"2026-06-27T23:56:26.227Z"}
{"level":"info","message":"✅ Updated inventory: 10 units","timestamp":"2026-06-27T23:56:30.803Z"}
{"level":"info","message":"✅ Updated inventory: 15 units","timestamp":"2026-06-27T23:56:32.140Z"}
{"level":"info","message":"✅ Updated inventory: 14 units","timestamp":"2026-06-27T23:56:33.457Z"}
{"level":"info","message":"✅ Updated inventory: 15 units","timestamp":"2026-06-27T23:56:34.779Z"}
{"level":"info","message":"✅ Updated inventory: 10 units","timestamp":"2026-06-27T23:56:36.084Z"}
{"level":"info","message":"✅ Updated inventory: 5 units","timestamp":"2026-06-27T23:56:37.382Z"}
{"level":"info","message":"✅ Updated inventory: 15 units","timestamp":"2026-06-27T23:56:41.919Z"}
{"level":"info","message":"✅ Updated inventory: 15 units","timestamp":"2026-06-27T23:56:43.275Z"}
{"level":"info","message":"✅ Updated inventory: 14 units","timestamp":"2026-06-27T23:56:44.547Z"}
{"level":"info","message":"✅ Updated inventory: 10 units","timestamp":"2026-06-27T23:56:45.839Z"}
{"level":"info","message":"✅ Updated inventory: 10 units","timestamp":"2026-06-27T23:56:47.096Z"}
{"level":"info","message":"✅ Updated inventory: 5 units","timestamp":"2026-06-27T23:56:48.433Z"}
{"level":"info","message":"✅ Updated inventory: 6 units","timestamp":"2026-06-27T23:56:53.237Z"}
{"level":"info","message":"✅ Updated inventory: 12 units","timestamp":"2026-06-27T23:56:54.518Z"}
{"level":"info","message":"✅ Updated inventory: 12 units","timestamp":"2026-06-27T23:56:55.815Z"}
{"level":"info","message":"✅ Updated inventory: 12 units","timestamp":"2026-06-27T23:56:57.142Z"}
{"level":"info","message":"✅ Updated inventory: 7 units","timestamp":"2026-06-27T23:56:58.429Z"}
{"level":"info","message":"✅ Updated inventory: 3 units","timestamp":"2026-06-27T23:56:59.743Z"}
{"level":"info","message":"✅ Updated inventory: 8 units","timestamp":"2026-06-27T23:57:04.299Z"}
{"level":"info","message":"✅ Updated inventory: 18 units","timestamp":"2026-06-27T23:57:05.598Z"}
{"level":"info","message":"✅ Updated inventory: 16 units","timestamp":"2026-06-27T23:57:06.857Z"}
{"level":"info","message":"✅ Updated inventory: 19 units","timestamp":"2026-06-27T23:57:08.144Z"}
{"level":"info","message":"✅ Updated inventory: 9 units","timestamp":"2026-06-27T23:57:09.419Z"}
{"level":"info","message":"✅ Updated inventory: 4 units","timestamp":"2026-06-27T23:57:10.779Z"}
{"level":"info","message":"✅ Updated inventory: 5 units","timestamp":"2026-06-27T23:57:15.558Z"}
{"level":"info","message":"✅ Updated inventory: 14 units","timestamp":"2026-06-27T23:57:16.845Z"}
{"level":"info","message":"✅ Updated inventory: 11 units","timestamp":"2026-06-27T23:57:18.148Z"}
{"level":"info","message":"✅ Updated inventory: 16 units","timestamp":"2026-06-27T23:57:19.478Z"}
{"level":"info","message":"✅ Updated inventory: 7 units","timestamp":"2026-06-27T23:57:20.821Z"}
{"level":"info","message":"✅ Updated inventory: 5 units","timestamp":"2026-06-27T23:57:22.119Z"}
{"level":"info","message":"✅ Updated inventory: 17 units","timestamp":"2026-06-27T23:57:26.665Z"}
{"level":"info","message":"✅ Updated inventory: 17 units","timestamp":"2026-06-27T23:57:27.986Z"}
{"level":"info","message":"✅ Updated inventory: 16 units","timestamp":"2026-06-27T23:57:29.257Z"}
{"level":"info","message":"✅ Updated inventory: 9 units","timestamp":"2026-06-27T23:57:30.872Z"}
{"level":"info","message":"✅ Updated inventory: 4 units","timestamp":"2026-06-27T23:57:32.222Z"}
{"level":"info","message":"✅ Updated inventory: 7 units","timestamp":"2026-06-27T23:57:33.575Z"}
{"level":"info","message":"✅ Updated inventory: 8 units","timestamp":"2026-06-27T23:57:38.137Z"}
{"level":"info","message":"✅ Updated inventory: 17 units","timestamp":"2026-06-27T23:57:39.443Z"}
{"level":"info","message":"✅ Updated inventory: 17 units","timestamp":"2026-06-27T23:57:40.721Z"}
{"level":"info","message":"✅ Updated inventory: 16 units","timestamp":"2026-06-27T23:57:42.013Z"}
{"level":"info","message":"✅ Updated inventory: 9 units","timestamp":"2026-06-27T23:57:43.247Z"}
{"level":"info","message":"✅ Updated inventory: 4 units","timestamp":"2026-06-27T23:57:44.521Z"}
{"level":"info","message":"✅ Updated inventory: 19 units","timestamp":"2026-06-27T23:57:49.318Z"}
{"level":"info","message":"✅ Updated inventory: 20 units","timestamp":"2026-06-27T23:57:50.593Z"}
{"level":"info","message":"✅ Updated inventory: 19 units","timestamp":"2026-06-27T23:57:51.870Z"}
{"level":"info","message":"✅ Updated inventory: 10 units","timestamp":"2026-06-27T23:57:53.170Z"}
{"level":"info","message":"✅ Updated inventory: 10 units","timestamp":"2026-06-27T23:57:54.469Z"}
{"level":"info","message":"✅ Updated inventory: 5 units","timestamp":"2026-06-27T23:57:55.752Z"}
{"level":"info","message":"✅ Updated inventory: 53 units","timestamp":"2026-06-27T23:58:00.329Z"}
{"level":"info","message":"✅ Updated inventory: 110 units","timestamp":"2026-06-27T23:58:01.590Z"}
{"level":"info","message":"✅ Updated inventory: 117 units","timestamp":"2026-06-27T23:58:02.887Z"}
{"level":"info","message":"✅ Updated inventory: 52 units","timestamp":"2026-06-27T23:58:04.189Z"}
{"level":"info","message":"✅ Updated inventory: 10 units","timestamp":"2026-06-27T23:58:09.315Z"}
{"level":"info","message":"✅ Updated inventory: 169 units","timestamp":"2026-06-27T23:58:10.626Z"}
{"level":"info","message":"✅ Updated inventory: 240 units","timestamp":"2026-06-27T23:58:11.900Z"}
{"level":"info","message":"✅ Updated inventory: 262 units","timestamp":"2026-06-27T23:58:13.205Z"}
{"level":"info","message":"✅ Updated inventory: 72 units","timestamp":"2026-06-27T23:58:14.670Z"}
{"level":"info","message":"✅ Updated inventory: 5 units","timestamp":"2026-06-27T23:58:15.981Z"}
{"level":"info","message":"✅ Updated inventory: 17 units","timestamp":"2026-06-27T23:58:21.317Z"}
{"level":"info","message":"✅ Updated inventory: 38 units","timestamp":"2026-06-27T23:58:22.583Z"}
{"level":"info","message":"✅ Updated inventory: 40 units","timestamp":"2026-06-27T23:58:23.905Z"}
{"level":"info","message":"✅ Updated inventory: 46 units","timestamp":"2026-06-27T23:58:25.227Z"}
{"level":"info","message":"✅ Updated inventory: 46 units","timestamp":"2026-06-27T23:58:26.561Z"}
{"level":"info","message":"✅ Updated inventory: 20 units","timestamp":"2026-06-27T23:58:27.836Z"}
{"level":"info","message":"✅ Updated inventory: 2 units","timestamp":"2026-06-27T23:58:33.422Z"}
{"level":"info","message":"✅ Updated inventory: 123 units","timestamp":"2026-06-27T23:58:34.709Z"}
{"level":"info","message":"✅ Updated inventory: 160 units","timestamp":"2026-06-27T23:58:36.021Z"}
{"level":"info","message":"✅ Updated inventory: 130 units","timestamp":"2026-06-27T23:58:37.338Z"}
{"level":"info","message":"✅ Updated inventory: 39 units","timestamp":"2026-06-27T23:58:38.629Z"}
{"level":"info","message":"✅ Updated inventory: 15 units","timestamp":"2026-06-27T23:58:43.220Z"}
{"level":"info","message":"✅ Updated inventory: 25 units","timestamp":"2026-06-27T23:58:44.510Z"}
{"level":"info","message":"✅ Updated inventory: 29 units","timestamp":"2026-06-27T23:58:45.827Z"}
{"level":"info","message":"✅ Updated inventory: 30 units","timestamp":"2026-06-27T23:58:47.100Z"}
{"level":"info","message":"✅ Updated inventory: 15 units","timestamp":"2026-06-27T23:58:48.378Z"}
{"level":"info","message":"✅ Updated inventory: 15 units","timestamp":"2026-06-27T23:58:52.905Z"}
{"level":"info","message":"✅ Updated inventory: 29 units","timestamp":"2026-06-27T23:58:54.337Z"}
{"level":"info","message":"✅ Updated inventory: 29 units","timestamp":"2026-06-27T23:58:55.621Z"}
{"level":"info","message":"✅ Updated inventory: 25 units","timestamp":"2026-06-27T23:58:56.917Z"}
{"level":"info","message":"✅ Updated inventory: 15 units","timestamp":"2026-06-27T23:58:58.295Z"}
{"level":"info","message":"✅ Updated inventory: 15 units","timestamp":"2026-06-27T23:59:02.970Z"}
{"level":"info","message":"✅ Updated inventory: 29 units","timestamp":"2026-06-27T23:59:04.228Z"}
{"level":"info","message":"✅ Updated inventory: 30 units","timestamp":"2026-06-27T23:59:05.600Z"}
{"level":"info","message":"✅ Updated inventory: 25 units","timestamp":"2026-06-27T23:59:06.933Z"}
{"level":"info","message":"✅ Updated inventory: 15 units","timestamp":"2026-06-27T23:59:08.188Z"}
{"level":"info","message":"✅ Updated inventory: 26 units","timestamp":"2026-06-27T23:59:12.726Z"}
{"level":"info","message":"✅ Updated inventory: 77 units","timestamp":"2026-06-27T23:59:14.015Z"}
{"level":"info","message":"✅ Updated inventory: 76 units","timestamp":"2026-06-27T23:59:15.319Z"}
{"level":"info","message":"✅ Updated inventory: 51 units","timestamp":"2026-06-27T23:59:16.653Z"}
{"level":"info","message":"✅ Updated inventory: 31 units","timestamp":"2026-06-27T23:59:17.921Z"}
{"level":"info","message":"✅ Updated inventory: 15 units","timestamp":"2026-06-27T23:59:23.349Z"}
{"level":"info","message":"✅ Updated inventory: 29 units","timestamp":"2026-06-27T23:59:24.622Z"}
{"level":"info","message":"✅ Updated inventory: 30 units","timestamp":"2026-06-27T23:59:25.953Z"}
{"level":"info","message":"✅ Updated inventory: 25 units","timestamp":"2026-06-27T23:59:27.246Z"}
{"level":"info","message":"✅ Updated inventory: 15 units","timestamp":"2026-06-27T23:59:28.534Z"}
{"level":"info","message":"✅ Updated inventory: 29 units","timestamp":"2026-06-27T23:59:33.337Z"}
{"level":"info","message":"✅ Updated inventory: 87 units","timestamp":"2026-06-27T23:59:34.607Z"}
{"level":"info","message":"✅ Updated inventory: 89 units","timestamp":"2026-06-27T23:59:35.901Z"}
{"level":"info","message":"✅ Updated inventory: 60 units","timestamp":"2026-06-27T23:59:37.157Z"}
{"level":"info","message":"✅ Updated inventory: 30 units","timestamp":"2026-06-27T23:59:38.435Z"}
{"level":"info","message":"✅ Updated inventory: 15 units","timestamp":"2026-06-27T23:59:43.312Z"}
{"level":"info","message":"✅ Updated inventory: 30 units","timestamp":"2026-06-27T23:59:44.603Z"}
{"level":"info","message":"✅ Updated inventory: 30 units","timestamp":"2026-06-27T23:59:45.884Z"}
{"level":"info","message":"✅ Updated inventory: 25 units","timestamp":"2026-06-27T23:59:47.140Z"}
{"level":"info","message":"✅ Updated inventory: 15 units","timestamp":"2026-06-27T23:59:48.411Z"}
{"level":"info","message":"✅ Updated inventory: 30 units","timestamp":"2026-06-27T23:59:53.318Z"}
{"level":"info","message":"✅ Updated inventory: 50 units","timestamp":"2026-06-27T23:59:54.624Z"}
{"level":"info","message":"✅ Updated inventory: 50 units","timestamp":"2026-06-27T23:59:56.009Z"}
{"level":"info","message":"✅ Updated inventory: 50 units","timestamp":"2026-06-27T23:59:57.321Z"}
{"level":"info","message":"✅ Updated inventory: 30 units","timestamp":"2026-06-27T23:59:58.619Z"}
{"level":"info","message":"✅ Updated inventory: 30 units","timestamp":"2026-06-28T00:00:03.683Z"}
{"level":"info","message":"✅ Updated inventory: 50 units","timestamp":"2026-06-28T00:00:05.007Z"}
{"level":"info","message":"✅ Updated inventory: 50 units","timestamp":"2026-06-28T00:00:06.275Z"}
{"level":"info","message":"✅ Updated inventory: 50 units","timestamp":"2026-06-28T00:00:07.586Z"}
{"level":"info","message":"✅ Updated inventory: 30 units","timestamp":"2026-06-28T00:00:08.880Z"}
{"level":"info","message":"✅ Updated inventory: 15 units","timestamp":"2026-06-28T00:00:14.353Z"}
{"level":"info","message":"✅ Updated inventory: 30 units","timestamp":"2026-06-28T00:00:15.644Z"}
{"level":"info","message":"✅ Updated inventory: 30 units","timestamp":"2026-06-28T00:00:17.042Z"}
{"level":"info","message":"✅ Updated inventory: 25 units","timestamp":"2026-06-28T00:00:18.382Z"}
{"level":"info","message":"✅ Updated inventory: 15 units","timestamp":"2026-06-28T00:00:19.740Z"}
{"level":"error","message":"❌ Failed to update inventory:","timestamp":"2026-06-28T00:00:24.569Z"}
{"level":"error","message":"❌ Shopify API Error:","timestamp":"2026-06-28T00:00:24.571Z"}
{"level":"error","message":"❌ Failed to update inventory:","timestamp":"2026-06-28T00:00:29.673Z"}
{"level":"error","message":"❌ Shopify API Error:","timestamp":"2026-06-28T00:00:29.674Z"}
{"level":"error","message":"❌ Failed to update inventory:","timestamp":"2026-06-28T00:00:34.339Z"}
{"level":"error","message":"❌ Shopify API Error:","timestamp":"2026-06-28T00:00:34.340Z"}
{"level":"error","message":"❌ Failed to update inventory:","timestamp":"2026-06-28T00:00:39.298Z"}
{"level":"error","message":"❌ Shopify API Error:","timestamp":"2026-06-28T00:00:39.299Z"}
{"level":"error","message":"❌ Failed to update inventory:","timestamp":"2026-06-28T00:00:44.373Z"}
{"level":"error","message":"❌ Shopify API Error:","timestamp":"2026-06-28T00:00:44.374Z"}
{"level":"error","message":"❌ Failed to update inventory:","timestamp":"2026-06-28T00:00:49.436Z"}
{"level":"error","message":"❌ Shopify API Error:","timestamp":"2026-06-28T00:00:49.437Z"}
{"level":"info","message":"✅ Updated inventory: 15 units","timestamp":"2026-06-28T00:00:54.420Z"}
{"level":"info","message":"✅ Updated inventory: 20 units","timestamp":"2026-06-28T00:00:55.888Z"}
{"level":"info","message":"✅ Updated inventory: 19 units","timestamp":"2026-06-28T00:00:57.323Z"}
{"level":"info","message":"✅ Updated inventory: 20 units","timestamp":"2026-06-28T00:00:58.755Z"}
{"level":"info","message":"✅ Updated inventory: 18 units","timestamp":"2026-06-28T00:01:00.073Z"}
{"level":"error","message":"❌ Failed to update inventory:","timestamp":"2026-06-28T00:01:05.413Z"}
{"level":"error","message":"❌ Shopify API Error:","timestamp":"2026-06-28T00:01:05.414Z"}
{"level":"error","message":"❌ Failed to update inventory:","timestamp":"2026-06-28T00:01:10.382Z"}
{"level":"error","message":"❌ Shopify API Error:","timestamp":"2026-06-28T00:01:10.387Z"}
{"level":"error","message":"❌ Failed to update inventory:","timestamp":"2026-06-28T00:01:15.448Z"}
{"level":"error","message":"❌ Shopify API Error:","timestamp":"2026-06-28T00:01:15.449Z"}
{"level":"error","message":"❌ Failed to update inventory:","timestamp":"2026-06-28T00:01:20.455Z"}
{"level":"error","message":"❌ Shopify API Error:","timestamp":"2026-06-28T00:01:20.456Z"}
{"level":"error","message":"❌ Failed to update inventory:","timestamp":"2026-06-28T00:01:25.584Z"}
{"level":"error","message":"❌ Shopify API Error:","timestamp":"2026-06-28T00:01:25.585Z"}
{"level":"info","message":"✅ Updated inventory: 58 units","timestamp":"2026-06-28T00:01:30.490Z"}
{"level":"info","message":"✅ Updated inventory: 74 units","timestamp":"2026-06-28T00:01:31.935Z"}
{"level":"info","message":"✅ Updated inventory: 85 units","timestamp":"2026-06-28T00:01:33.262Z"}
{"level":"info","message":"✅ Updated inventory: 3 units","timestamp":"2026-06-28T00:01:34.663Z"}
{"level":"info","message":"✅ Updated inventory: 15 units","timestamp":"2026-06-28T00:01:39.825Z"}
{"level":"info","message":"✅ Updated inventory: 177 units","timestamp":"2026-06-28T00:01:41.191Z"}
{"level":"info","message":"✅ Updated inventory: 142 units","timestamp":"2026-06-28T00:01:42.612Z"}
{"level":"info","message":"✅ Updated inventory: 102 units","timestamp":"2026-06-28T00:01:43.915Z"}
{"level":"info","message":"✅ Updated inventory: 7 units","timestamp":"2026-06-28T00:01:45.757Z"}
{"level":"info","message":"✅ Updated inventory: 2 units","timestamp":"2026-06-28T00:01:50.467Z"}
{"level":"info","message":"✅ Updated inventory: 32 units","timestamp":"2026-06-28T00:01:51.917Z"}
{"level":"info","message":"✅ Updated inventory: 84 units","timestamp":"2026-06-28T00:01:53.335Z"}
{"level":"info","message":"✅ Updated inventory: 8 units","timestamp":"2026-06-28T00:01:54.737Z"}
{"level":"info","message":"✅ Updated inventory: 2 units","timestamp":"2026-06-28T00:01:56.104Z"}
{"level":"info","message":"✅ Updated inventory: 21 units","timestamp":"2026-06-28T00:02:00.939Z"}
{"level":"info","message":"✅ Updated inventory: 29 units","timestamp":"2026-06-28T00:02:02.307Z"}
{"level":"info","message":"✅ Updated inventory: 68 units","timestamp":"2026-06-28T00:02:03.647Z"}
{"level":"info","message":"✅ Updated inventory: 108 units","timestamp":"2026-06-28T00:02:04.909Z"}
{"level":"info","message":"✅ Updated inventory: 10 units","timestamp":"2026-06-28T00:02:06.237Z"}
{"level":"info","message":"✅ Updated inventory: 102 units","timestamp":"2026-06-28T00:02:10.845Z"}
{"level":"info","message":"✅ Updated inventory: 143 units","timestamp":"2026-06-28T00:02:12.176Z"}
{"level":"info","message":"✅ Updated inventory: 127 units","timestamp":"2026-06-28T00:02:13.620Z"}
{"level":"info","message":"✅ Updated inventory: 66 units","timestamp":"2026-06-28T00:02:15.043Z"}
{"level":"info","message":"✅ Updated inventory: 8 units","timestamp":"2026-06-28T00:02:16.481Z"}
{"level":"info","message":"✅ Updated inventory: 14 units","timestamp":"2026-06-28T00:02:21.495Z"}
{"level":"info","message":"✅ Updated inventory: 113 units","timestamp":"2026-06-28T00:02:22.929Z"}
{"level":"info","message":"✅ Updated inventory: 198 units","timestamp":"2026-06-28T00:02:24.365Z"}
{"level":"info","message":"✅ Updated inventory: 97 units","timestamp":"2026-06-28T00:02:25.796Z"}
{"level":"info","message":"✅ Updated inventory: 16 units","timestamp":"2026-06-28T00:02:27.085Z"}
{"level":"info","message":"✅ Updated inventory: 28 units","timestamp":"2026-06-28T00:02:31.692Z"}
{"level":"info","message":"✅ Updated inventory: 151 units","timestamp":"2026-06-28T00:02:33.196Z"}
{"level":"info","message":"✅ Updated inventory: 146 units","timestamp":"2026-06-28T00:02:34.465Z"}
{"level":"info","message":"✅ Updated inventory: 111 units","timestamp":"2026-06-28T00:02:35.746Z"}
{"level":"info","message":"✅ Updated inventory: 57 units","timestamp":"2026-06-28T00:02:37.012Z"}
{"level":"info","message":"✅ Updated inventory: 39 units","timestamp":"2026-06-28T00:02:42.356Z"}
{"level":"info","message":"✅ Updated inventory: 171 units","timestamp":"2026-06-28T00:02:43.672Z"}
{"level":"info","message":"✅ Updated inventory: 172 units","timestamp":"2026-06-28T00:02:44.952Z"}
{"level":"info","message":"✅ Updated inventory: 134 units","timestamp":"2026-06-28T00:02:46.235Z"}
{"level":"info","message":"✅ Updated inventory: 36 units","timestamp":"2026-06-28T00:02:47.535Z"}
{"level":"info","message":"✅ Updated inventory: 43 units","timestamp":"2026-06-28T00:02:52.370Z"}
{"level":"info","message":"✅ Updated inventory: 195 units","timestamp":"2026-06-28T00:02:53.659Z"}
{"level":"info","message":"✅ Updated inventory: 124 units","timestamp":"2026-06-28T00:02:54.945Z"}
{"level":"info","message":"✅ Updated inventory: 129 units","timestamp":"2026-06-28T00:02:56.249Z"}
{"level":"info","message":"✅ Updated inventory: 43 units","timestamp":"2026-06-28T00:02:57.566Z"}
{"level":"info","message":"✅ Updated inventory: 35 units","timestamp":"2026-06-28T00:03:02.240Z"}
{"level":"info","message":"✅ Updated inventory: 191 units","timestamp":"2026-06-28T00:03:03.635Z"}
{"level":"info","message":"✅ Updated inventory: 177 units","timestamp":"2026-06-28T00:03:04.955Z"}
{"level":"info","message":"✅ Updated inventory: 140 units","timestamp":"2026-06-28T00:03:06.282Z"}
{"level":"info","message":"✅ Updated inventory: 35 units","timestamp":"2026-06-28T00:03:07.611Z"}
{"level":"info","message":"✅ Updated inventory: 13 units","timestamp":"2026-06-28T00:03:12.236Z"}
{"level":"info","message":"✅ Updated inventory: 7 units","timestamp":"2026-06-28T00:03:13.564Z"}
{"level":"info","message":"✅ Updated inventory: 14 units","timestamp":"2026-06-28T00:03:14.846Z"}
{"level":"info","message":"✅ Updated inventory: 18 units","timestamp":"2026-06-28T00:03:16.189Z"}
{"level":"info","message":"✅ Updated inventory: 4 units","timestamp":"2026-06-28T00:03:20.987Z"}
{"level":"info","message":"✅ Updated inventory: 7 units","timestamp":"2026-06-28T00:03:22.302Z"}
{"level":"info","message":"✅ Updated inventory: 8 units","timestamp":"2026-06-28T00:03:23.617Z"}
{"level":"info","message":"✅ Updated inventory: 11 units","timestamp":"2026-06-28T00:03:25.110Z"}
{"level":"info","message":"✅ Updated inventory: 3 units","timestamp":"2026-06-28T00:03:26.427Z"}
{"level":"info","message":"✅ Updated inventory: 8 units","timestamp":"2026-06-28T00:03:27.721Z"}
{"level":"info","message":"✅ Updated inventory: 9 units","timestamp":"2026-06-28T00:03:32.282Z"}
{"level":"info","message":"✅ Updated inventory: 6 units","timestamp":"2026-06-28T00:03:33.584Z"}
{"level":"info","message":"✅ Updated inventory: 3 units","timestamp":"2026-06-28T00:03:34.863Z"}
{"level":"info","message":"✅ Updated inventory: 6 units","timestamp":"2026-06-28T00:03:36.212Z"}
{"level":"info","message":"✅ Updated inventory: 9 units","timestamp":"2026-06-28T00:03:37.489Z"}
{"level":"info","message":"✅ Updated inventory: 3 units","timestamp":"2026-06-28T00:03:38.781Z"}
{"level":"info","message":"✅ Updated inventory: 3 units","timestamp":"2026-06-28T00:03:44.346Z"}
{"level":"info","message":"✅ Updated inventory: 3 units","timestamp":"2026-06-28T00:03:45.655Z"}
{"level":"info","message":"✅ Updated inventory: 3 units","timestamp":"2026-06-28T00:03:46.963Z"}
{"level":"info","message":"✅ Updated inventory: 4 units","timestamp":"2026-06-28T00:03:48.278Z"}
{"level":"info","message":"✅ Updated inventory: 4 units","timestamp":"2026-06-28T00:03:49.796Z"}
{"level":"info","message":"✅ Updated inventory: 6 units","timestamp":"2026-06-28T00:03:55.366Z"}
{"level":"info","message":"✅ Updated inventory: 3 units","timestamp":"2026-06-28T00:03:56.902Z"}
{"level":"info","message":"✅ Updated inventory: 12 units","timestamp":"2026-06-28T00:03:58.214Z"}
{"level":"info","message":"✅ Updated inventory: 12 units","timestamp":"2026-06-28T00:03:59.545Z"}
{"level":"info","message":"✅ Updated inventory: 3 units","timestamp":"2026-06-28T00:04:00.840Z"}
{"level":"info","message":"✅ Updated inventory: 6 units","timestamp":"2026-06-28T00:04:05.477Z"}
{"level":"info","message":"✅ Updated inventory: 9 units","timestamp":"2026-06-28T00:04:06.784Z"}
{"level":"info","message":"✅ Updated inventory: 9 units","timestamp":"2026-06-28T00:04:08.392Z"}
{"level":"info","message":"✅ Updated inventory: 9 units","timestamp":"2026-06-28T00:04:09.892Z"}
{"level":"info","message":"✅ Updated inventory: 3 units","timestamp":"2026-06-28T00:04:11.219Z"}
{"level":"info","message":"✅ Updated inventory: 2 units","timestamp":"2026-06-28T00:04:12.481Z"}
{"level":"info","message":"✅ Updated inventory: 8 units","timestamp":"2026-06-28T00:04:17.069Z"}
{"level":"info","message":"✅ Updated inventory: 12 units","timestamp":"2026-06-28T00:04:18.350Z"}
{"level":"info","message":"✅ Updated inventory: 11 units","timestamp":"2026-06-28T00:04:19.666Z"}
{"level":"info","message":"✅ Updated inventory: 12 units","timestamp":"2026-06-28T00:04:20.937Z"}
{"level":"info","message":"✅ Updated inventory: 3 units","timestamp":"2026-06-28T00:04:22.256Z"}
{"level":"info","message":"✅ Updated inventory: 2 units","timestamp":"2026-06-28T00:04:23.508Z"}
{"level":"info","message":"✅ Updated inventory: 2 units","timestamp":"2026-06-28T00:04:28.415Z"}
{"level":"info","message":"✅ Updated inventory: 3 units","timestamp":"2026-06-28T00:04:29.718Z"}
{"level":"info","message":"✅ Updated inventory: 12 units","timestamp":"2026-06-28T00:04:30.987Z"}
{"level":"info","message":"✅ Updated inventory: 12 units","timestamp":"2026-06-28T00:04:32.276Z"}
{"level":"info","message":"✅ Updated inventory: 2 units","timestamp":"2026-06-28T00:04:33.553Z"}
{"level":"info","message":"✅ Updated inventory: 4 units","timestamp":"2026-06-28T00:04:38.360Z"}
{"level":"info","message":"✅ Updated inventory: 6 units","timestamp":"2026-06-28T00:04:39.830Z"}
{"level":"info","message":"✅ Updated inventory: 6 units","timestamp":"2026-06-28T00:04:41.157Z"}
{"level":"info","message":"✅ Updated inventory: 6 units","timestamp":"2026-06-28T00:04:42.602Z"}
{"level":"info","message":"✅ Updated inventory: 1 units","timestamp":"2026-06-28T00:04:43.906Z"}
{"level":"info","message":"✅ Updated inventory: 5 units","timestamp":"2026-06-28T00:04:48.613Z"}
{"level":"info","message":"✅ Updated inventory: 10 units","timestamp":"2026-06-28T00:04:50.040Z"}
{"level":"info","message":"✅ Updated inventory: 8 units","timestamp":"2026-06-28T00:04:51.376Z"}
{"level":"info","message":"✅ Updated inventory: 10 units","timestamp":"2026-06-28T00:04:52.787Z"}
{"level":"info","message":"✅ Updated inventory: 3 units","timestamp":"2026-06-28T00:04:57.347Z"}
{"level":"info","message":"✅ Updated inventory: 6 units","timestamp":"2026-06-28T00:04:58.785Z"}
{"level":"info","message":"✅ Updated inventory: 6 units","timestamp":"2026-06-28T00:05:00.274Z"}
{"level":"info","message":"✅ Updated inventory: 6 units","timestamp":"2026-06-28T00:05:01.648Z"}
{"level":"info","message":"✅ Updated inventory: 8 units","timestamp":"2026-06-28T00:05:02.951Z"}
{"level":"info","message":"✅ Updated inventory: 1 units","timestamp":"2026-06-28T00:05:04.320Z"}
{"level":"info","message":"✅ Updated inventory: 152 units","timestamp":"2026-06-28T00:05:09.350Z"}
{"level":"info","message":"✅ Updated inventory: 246 units","timestamp":"2026-06-28T00:05:10.844Z"}
{"level":"info","message":"✅ Updated inventory: 30 units","timestamp":"2026-06-28T00:05:12.309Z"}
{"level":"info","message":"✅ Updated inventory: 70 units","timestamp":"2026-06-28T00:05:17.114Z"}
{"level":"info","message":"✅ Updated inventory: 70 units","timestamp":"2026-06-28T00:05:18.526Z"}
{"level":"info","message":"✅ Updated inventory: 70 units","timestamp":"2026-06-28T00:05:19.843Z"}
{"level":"info","message":"✅ Updated inventory: 70 units","timestamp":"2026-06-28T00:05:21.276Z"}
{"level":"info","message":"✅ Updated inventory: 33 units","timestamp":"2026-06-28T00:05:25.989Z"}
{"level":"info","message":"✅ Updated inventory: 50 units","timestamp":"2026-06-28T00:05:27.360Z"}
{"level":"info","message":"✅ Updated inventory: 58 units","timestamp":"2026-06-28T00:05:28.685Z"}
{"level":"info","message":"✅ Updated inventory: 46 units","timestamp":"2026-06-28T00:05:30.333Z"}
{"level":"info","message":"✅ Updated inventory: 9 units","timestamp":"2026-06-28T00:05:31.731Z"}
{"level":"info","message":"✅ Updated inventory: 45 units","timestamp":"2026-06-28T00:05:36.365Z"}
{"level":"info","message":"✅ Updated inventory: 190 units","timestamp":"2026-06-28T00:05:37.799Z"}
{"level":"info","message":"✅ Updated inventory: 191 units","timestamp":"2026-06-28T00:05:39.232Z"}
{"level":"info","message":"✅ Updated inventory: 78 units","timestamp":"2026-06-28T00:05:40.666Z"}
{"level":"info","message":"✅ Updated inventory: 39 units","timestamp":"2026-06-28T00:05:42.005Z"}
{"level":"info","message":"✅ Updated inventory: 44 units","timestamp":"2026-06-28T00:05:47.631Z"}
{"level":"info","message":"✅ Updated inventory: 240 units","timestamp":"2026-06-28T00:05:48.945Z"}
{"level":"info","message":"✅ Updated inventory: 226 units","timestamp":"2026-06-28T00:05:50.280Z"}
{"level":"info","message":"✅ Updated inventory: 171 units","timestamp":"2026-06-28T00:05:51.625Z"}
{"level":"info","message":"✅ Updated inventory: 44 units","timestamp":"2026-06-28T00:05:52.952Z"}
{"level":"info","message":"✅ Updated inventory: 26 units","timestamp":"2026-06-28T00:05:58.402Z"}
{"level":"info","message":"✅ Updated inventory: 142 units","timestamp":"2026-06-28T00:05:59.816Z"}
{"level":"info","message":"✅ Updated inventory: 147 units","timestamp":"2026-06-28T00:06:01.249Z"}
{"level":"info","message":"✅ Updated inventory: 108 units","timestamp":"2026-06-28T00:06:02.559Z"}
{"level":"info","message":"✅ Updated inventory: 13 units","timestamp":"2026-06-28T00:06:04.013Z"}
{"level":"info","message":"✅ Updated inventory: 51 units","timestamp":"2026-06-28T00:06:08.724Z"}
{"level":"info","message":"✅ Updated inventory: 194 units","timestamp":"2026-06-28T00:06:10.236Z"}
{"level":"info","message":"✅ Updated inventory: 116 units","timestamp":"2026-06-28T00:06:11.592Z"}
{"level":"info","message":"✅ Updated inventory: 157 units","timestamp":"2026-06-28T00:06:12.879Z"}
{"level":"info","message":"✅ Updated inventory: 29 units","timestamp":"2026-06-28T00:06:14.255Z"}
{"level":"info","message":"✅ Updated inventory: 19 units","timestamp":"2026-06-28T00:06:19.362Z"}
{"level":"info","message":"✅ Updated inventory: 109 units","timestamp":"2026-06-28T00:06:20.630Z"}
{"level":"info","message":"✅ Updated inventory: 138 units","timestamp":"2026-06-28T00:06:22.038Z"}
{"level":"info","message":"✅ Updated inventory: 114 units","timestamp":"2026-06-28T00:06:23.364Z"}
{"level":"info","message":"✅ Updated inventory: 48 units","timestamp":"2026-06-28T00:06:24.668Z"}
{"level":"info","message":"✅ Updated inventory: 80 units","timestamp":"2026-06-28T00:06:29.488Z"}
{"level":"info","message":"✅ Updated inventory: 85 units","timestamp":"2026-06-28T00:06:30.815Z"}
{"level":"info","message":"✅ Updated inventory: 39 units","timestamp":"2026-06-28T00:06:32.120Z"}
{"level":"info","message":"✅ Updated inventory: 75 units","timestamp":"2026-06-28T00:06:33.446Z"}
{"level":"info","message":"✅ Updated inventory: 65 units","timestamp":"2026-06-28T00:06:34.897Z"}
{"level":"info","message":"✅ Updated inventory: 77 units","timestamp":"2026-06-28T00:06:36.260Z"}
{"level":"info","message":"✅ Updated inventory: 18 units","timestamp":"2026-06-28T00:06:41.381Z"}
{"level":"info","message":"✅ Updated inventory: 18 units","timestamp":"2026-06-28T00:06:42.672Z"}
{"level":"info","message":"✅ Updated inventory: 2 units","timestamp":"2026-06-28T00:06:43.957Z"}
{"level":"info","message":"✅ Updated inventory: 10 units","timestamp":"2026-06-28T00:06:45.273Z"}
{"level":"info","message":"✅ Updated inventory: 21 units","timestamp":"2026-06-28T00:06:46.556Z"}
{"level":"info","message":"✅ Updated inventory: 5 units","timestamp":"2026-06-28T00:06:47.839Z"}
{"level":"info","message":"✅ Updated inventory: 60 units","timestamp":"2026-06-28T00:06:53.457Z"}
{"level":"info","message":"✅ Updated inventory: 55 units","timestamp":"2026-06-28T00:06:54.717Z"}
{"level":"info","message":"✅ Updated inventory: 24 units","timestamp":"2026-06-28T00:06:56.018Z"}
{"level":"info","message":"✅ Updated inventory: 23 units","timestamp":"2026-06-28T00:06:57.303Z"}
{"level":"info","message":"✅ Updated inventory: 58 units","timestamp":"2026-06-28T00:06:58.784Z"}
{"level":"info","message":"✅ Updated inventory: 17 units","timestamp":"2026-06-28T00:07:00.348Z"}
{"level":"info","message":"✅ Updated inventory: 40 units","timestamp":"2026-06-28T00:07:05.374Z"}
{"level":"info","message":"✅ Updated inventory: 40 units","timestamp":"2026-06-28T00:07:06.635Z"}
{"level":"info","message":"✅ Updated inventory: 7 units","timestamp":"2026-06-28T00:07:07.918Z"}
{"level":"info","message":"✅ Updated inventory: 20 units","timestamp":"2026-06-28T00:07:09.243Z"}
{"level":"info","message":"✅ Updated inventory: 40 units","timestamp":"2026-06-28T00:07:10.515Z"}
{"level":"info","message":"✅ Updated inventory: 50 units","timestamp":"2026-06-28T00:07:11.907Z"}
{"level":"info","message":"✅ Updated inventory: 50 units","timestamp":"2026-06-28T00:07:13.238Z"}
{"level":"info","message":"✅ Updated inventory: 10 units","timestamp":"2026-06-28T00:07:18.417Z"}
{"level":"info","message":"✅ Updated inventory: 20 units","timestamp":"2026-06-28T00:07:19.791Z"}
{"level":"info","message":"✅ Updated inventory: 10 units","timestamp":"2026-06-28T00:07:21.119Z"}
{"level":"info","message":"✅ Updated inventory: 20 units","timestamp":"2026-06-28T00:07:22.556Z"}
{"level":"info","message":"✅ Updated inventory: 15 units","timestamp":"2026-06-28T00:07:23.891Z"}
{"level":"info","message":"✅ Updated inventory: 20 units","timestamp":"2026-06-28T00:07:25.219Z"}
{"level":"info","message":"✅ Updated inventory: 40 units","timestamp":"2026-06-28T00:07:29.996Z"}
{"level":"info","message":"✅ Updated inventory: 20 units","timestamp":"2026-06-28T00:07:31.275Z"}
{"level":"info","message":"✅ Updated inventory: 10 units","timestamp":"2026-06-28T00:07:32.592Z"}
{"level":"info","message":"✅ Updated inventory: 10 units","timestamp":"2026-06-28T00:07:33.923Z"}
{"level":"info","message":"✅ Updated inventory: 10 units","timestamp":"2026-06-28T00:07:35.254Z"}
{"level":"info","message":"✅ Updated inventory: 10 units","timestamp":"2026-06-28T00:07:36.646Z"}
{"level":"info","message":"✅ Updated inventory: 10 units","timestamp":"2026-06-28T00:07:38.018Z"}
{"level":"info","message":"✅ Updated inventory: 56 units","timestamp":"2026-06-28T00:07:43.476Z"}
{"level":"info","message":"✅ Updated inventory: 18 units","timestamp":"2026-06-28T00:07:44.778Z"}
{"level":"info","message":"✅ Updated inventory: 18 units","timestamp":"2026-06-28T00:07:46.082Z"}
{"level":"info","message":"✅ Updated inventory: 39 units","timestamp":"2026-06-28T00:07:47.397Z"}
{"level":"info","message":"✅ Updated inventory: 69 units","timestamp":"2026-06-28T00:07:48.746Z"}
{"level":"info","message":"✅ Updated inventory: 61 units","timestamp":"2026-06-28T00:07:50.028Z"}
{"level":"info","message":"✅ Updated inventory: 95 units","timestamp":"2026-06-28T00:07:55.399Z"}
{"level":"info","message":"✅ Updated inventory: 48 units","timestamp":"2026-06-28T00:07:56.897Z"}
{"level":"info","message":"✅ Updated inventory: 23 units","timestamp":"2026-06-28T00:07:58.229Z"}
{"level":"info","message":"✅ Updated inventory: 63 units","timestamp":"2026-06-28T00:07:59.523Z"}
{"level":"info","message":"✅ Updated inventory: 102 units","timestamp":"2026-06-28T00:08:00.793Z"}
{"level":"info","message":"✅ Updated inventory: 112 units","timestamp":"2026-06-28T00:08:02.121Z"}
{"level":"info","message":"✅ Updated inventory: 19 units","timestamp":"2026-06-28T00:08:07.343Z"}
{"level":"info","message":"✅ Updated inventory: 21 units","timestamp":"2026-06-28T00:08:08.672Z"}
{"level":"info","message":"✅ Updated inventory: 22 units","timestamp":"2026-06-28T00:08:09.909Z"}
{"level":"info","message":"✅ Updated inventory: 10 units","timestamp":"2026-06-28T00:08:11.173Z"}
{"level":"info","message":"✅ Updated inventory: 101 units","timestamp":"2026-06-28T00:08:16.332Z"}
{"level":"info","message":"✅ Updated inventory: 54 units","timestamp":"2026-06-28T00:08:17.833Z"}
{"level":"info","message":"✅ Updated inventory: 12 units","timestamp":"2026-06-28T00:08:19.107Z"}
{"level":"info","message":"✅ Updated inventory: 11 units","timestamp":"2026-06-28T00:08:20.406Z"}
{"level":"info","message":"✅ Updated inventory: 56 units","timestamp":"2026-06-28T00:08:21.713Z"}
{"level":"info","message":"✅ Updated inventory: 97 units","timestamp":"2026-06-28T00:08:23.047Z"}
{"level":"info","message":"✅ Updated inventory: 119 units","timestamp":"2026-06-28T00:08:24.344Z"}
{"level":"info","message":"✅ Updated inventory: 49 units","timestamp":"2026-06-28T00:08:29.353Z"}
{"level":"info","message":"✅ Updated inventory: 30 units","timestamp":"2026-06-28T00:08:30.633Z"}
{"level":"info","message":"✅ Updated inventory: 9 units","timestamp":"2026-06-28T00:08:31.929Z"}
{"level":"info","message":"✅ Updated inventory: 6 units","timestamp":"2026-06-28T00:08:33.279Z"}
{"level":"info","message":"✅ Updated inventory: 23 units","timestamp":"2026-06-28T00:08:34.582Z"}
{"level":"info","message":"✅ Updated inventory: 48 units","timestamp":"2026-06-28T00:08:35.892Z"}
{"level":"info","message":"✅ Updated inventory: 11 units","timestamp":"2026-06-28T00:08:41.324Z"}
{"level":"info","message":"✅ Updated inventory: 16 units","timestamp":"2026-06-28T00:08:42.624Z"}
{"level":"info","message":"✅ Updated inventory: 47 units","timestamp":"2026-06-28T00:08:43.942Z"}
{"level":"info","message":"✅ Updated inventory: 50 units","timestamp":"2026-06-28T00:08:45.230Z"}
{"level":"info","message":"✅ Updated inventory: 47 units","timestamp":"2026-06-28T00:08:46.553Z"}
{"level":"info","message":"✅ Updated inventory: 41 units","timestamp":"2026-06-28T00:08:47.883Z"}
{"level":"info","message":"✅ Updated inventory: 48 units","timestamp":"2026-06-28T00:08:49.160Z"}
{"level":"info","message":"✅ Updated inventory: 9 units","timestamp":"2026-06-28T00:08:50.428Z"}
{"level":"info","message":"✅ Updated inventory: 9 units","timestamp":"2026-06-28T00:08:51.737Z"}
{"level":"info","message":"✅ Updated inventory: 9 units","timestamp":"2026-06-28T00:08:53.054Z"}
{"level":"info","message":"✅ Updated inventory: 106 units","timestamp":"2026-06-28T00:08:58.363Z"}
{"level":"info","message":"✅ Updated inventory: 59 units","timestamp":"2026-06-28T00:08:59.655Z"}
{"level":"info","message":"✅ Updated inventory: 15 units","timestamp":"2026-06-28T00:09:00.948Z"}
{"level":"info","message":"✅ Updated inventory: 25 units","timestamp":"2026-06-28T00:09:02.246Z"}
{"level":"info","message":"✅ Updated inventory: 71 units","timestamp":"2026-06-28T00:09:03.576Z"}
{"level":"info","message":"✅ Updated inventory: 118 units","timestamp":"2026-06-28T00:09:04.869Z"}
{"level":"info","message":"✅ Updated inventory: 133 units","timestamp":"2026-06-28T00:09:06.179Z"}
{"level":"info","message":"✅ Updated inventory: 91 units","timestamp":"2026-06-28T00:09:11.327Z"}
{"level":"info","message":"✅ Updated inventory: 35 units","timestamp":"2026-06-28T00:09:12.615Z"}
{"level":"info","message":"✅ Updated inventory: 141 units","timestamp":"2026-06-28T00:09:13.886Z"}
{"level":"info","message":"✅ Updated inventory: 34 units","timestamp":"2026-06-28T00:09:15.183Z"}
{"level":"info","message":"✅ Updated inventory: 86 units","timestamp":"2026-06-28T00:09:16.525Z"}
{"level":"info","message":"✅ Updated inventory: 136 units","timestamp":"2026-06-28T00:09:17.899Z"}
{"level":"error","message":"❌ Failed to update inventory:","timestamp":"2026-06-28T00:09:23.331Z"}
{"level":"error","message":"❌ Shopify API Error:","timestamp":"2026-06-28T00:09:23.332Z"}
{"level":"error","message":"❌ Failed to update inventory:","timestamp":"2026-06-28T00:09:28.338Z"}
{"level":"error","message":"❌ Shopify API Error:","timestamp":"2026-06-28T00:09:28.339Z"}
{"level":"error","message":"❌ Failed to update inventory:","timestamp":"2026-06-28T00:09:33.349Z"}
{"level":"error","message":"❌ Shopify API Error:","timestamp":"2026-06-28T00:09:33.350Z"}
{"level":"error","message":"❌ Failed to update inventory:","timestamp":"2026-06-28T00:09:38.307Z"}
{"level":"error","message":"❌ Shopify API Error:","timestamp":"2026-06-28T00:09:38.308Z"}
{"level":"error","message":"❌ Failed to update inventory:","timestamp":"2026-06-28T00:09:43.327Z"}
{"level":"error","message":"❌ Shopify API Error:","timestamp":"2026-06-28T00:09:43.328Z"}
{"level":"error","message":"❌ Failed to update inventory:","timestamp":"2026-06-28T00:09:48.337Z"}
{"level":"error","message":"❌ Shopify API Error:","timestamp":"2026-06-28T00:09:48.338Z"}
{"level":"error","message":"❌ Failed to update inventory:","timestamp":"2026-06-28T00:09:52.874Z"}
{"level":"error","message":"❌ Shopify API Error:","timestamp":"2026-06-28T00:09:52.875Z"}
{"level":"error","message":"❌ Failed to update inventory:","timestamp":"2026-06-28T00:09:57.432Z"}
{"level":"error","message":"❌ Shopify API Error:","timestamp":"2026-06-28T00:09:57.433Z"}
{"level":"error","message":"❌ Failed to update inventory:","timestamp":"2026-06-28T00:10:02.043Z"}
{"level":"error","message":"❌ Shopify API Error:","timestamp":"2026-06-28T00:10:02.043Z"}
{"level":"error","message":"❌ Failed to update inventory:","timestamp":"2026-06-28T00:10:06.593Z"}
{"level":"error","message":"❌ Shopify API Error:","timestamp":"2026-06-28T00:10:06.594Z"}
{"level":"error","message":"❌ Failed to update inventory:","timestamp":"2026-06-28T00:10:11.183Z"}
{"level":"error","message":"❌ Shopify API Error:","timestamp":"2026-06-28T00:10:11.183Z"}
{"level":"error","message":"❌ Failed to update inventory:","timestamp":"2026-06-28T00:10:15.717Z"}
{"level":"error","message":"❌ Shopify API Error:","timestamp":"2026-06-28T00:10:15.717Z"}
{"level":"error","message":"❌ Failed to update inventory:","timestamp":"2026-06-28T00:10:20.307Z"}
{"level":"error","message":"❌ Shopify API Error:","timestamp":"2026-06-28T00:10:20.308Z"}
{"level":"error","message":"❌ Failed to update inventory:","timestamp":"2026-06-28T00:10:24.851Z"}
{"level":"error","message":"❌ Shopify API Error:","timestamp":"2026-06-28T00:10:24.852Z"}
{"level":"error","message":"❌ Failed to update inventory:","timestamp":"2026-06-28T00:10:29.424Z"}
{"level":"error","message":"❌ Shopify API Error:","timestamp":"2026-06-28T00:10:29.425Z"}
{"level":"error","message":"❌ Failed to update inventory:","timestamp":"2026-06-28T00:10:34.000Z"}
{"level":"error","message":"❌ Shopify API Error:","timestamp":"2026-06-28T00:10:34.001Z"}
{"level":"error","message":"❌ Failed to update inventory:","timestamp":"2026-06-28T00:10:39.335Z"}
{"level":"error","message":"❌ Shopify API Error:","timestamp":"2026-06-28T00:10:39.336Z"}
{"level":"error","message":"❌ Failed to update inventory:","timestamp":"2026-06-28T00:10:43.937Z"}
{"level":"error","message":"❌ Shopify API Error:","timestamp":"2026-06-28T00:10:43.938Z"}
{"level":"error","message":"❌ Failed to update inventory:","timestamp":"2026-06-28T00:10:49.307Z"}
{"level":"error","message":"❌ Shopify API Error:","timestamp":"2026-06-28T00:10:49.308Z"}
{"level":"error","message":"❌ Failed to update inventory:","timestamp":"2026-06-28T00:10:54.325Z"}
{"level":"error","message":"❌ Shopify API Error:","timestamp":"2026-06-28T00:10:54.326Z"}
{"level":"error","message":"❌ Failed to update inventory:","timestamp":"2026-06-28T00:10:59.293Z"}
{"level":"error","message":"❌ Shopify API Error:","timestamp":"2026-06-28T00:10:59.294Z"}
{"level":"error","message":"❌ Failed to update inventory:","timestamp":"2026-06-28T00:11:04.294Z"}
{"level":"error","message":"❌ Shopify API Error:","timestamp":"2026-06-28T00:11:04.295Z"}
{"level":"error","message":"❌ Failed to update inventory:","timestamp":"2026-06-28T00:11:08.808Z"}
{"level":"error","message":"❌ Shopify API Error:","timestamp":"2026-06-28T00:11:08.809Z"}
{"level":"error","message":"❌ Failed to update inventory:","timestamp":"2026-06-28T00:11:14.316Z"}
{"level":"error","message":"❌ Shopify API Error:","timestamp":"2026-06-28T00:11:14.316Z"}
{"level":"error","message":"❌ Failed to update inventory:","timestamp":"2026-06-28T00:11:19.403Z"}
{"level":"error","message":"❌ Shopify API Error:","timestamp":"2026-06-28T00:11:19.404Z"}
{"level":"error","message":"❌ Failed to update inventory:","timestamp":"2026-06-28T00:11:24.285Z"}
{"level":"error","message":"❌ Shopify API Error:","timestamp":"2026-06-28T00:11:24.286Z"}
{"level":"error","message":"❌ Failed to update inventory:","timestamp":"2026-06-28T00:11:29.298Z"}
{"level":"error","message":"❌ Shopify API Error:","timestamp":"2026-06-28T00:11:29.299Z"}
{"level":"info","message":"✅ Updated inventory: 100 units","timestamp":"2026-06-28T00:11:34.370Z"}
{"level":"info","message":"✅ Updated inventory: 50 units","timestamp":"2026-06-28T00:11:35.709Z"}
{"level":"info","message":"✅ Updated inventory: 50 units","timestamp":"2026-06-28T00:11:37.030Z"}
{"level":"info","message":"✅ Updated inventory: 50 units","timestamp":"2026-06-28T00:11:38.368Z"}
{"level":"info","message":"✅ Updated inventory: 50 units","timestamp":"2026-06-28T00:11:39.678Z"}
{"level":"info","message":"✅ Updated inventory: 50 units","timestamp":"2026-06-28T00:11:40.979Z"}
{"level":"error","message":"❌ Failed to update inventory:","timestamp":"2026-06-28T00:11:45.499Z"}
{"level":"error","message":"❌ Shopify API Error:","timestamp":"2026-06-28T00:11:45.500Z"}
{"level":"error","message":"❌ Failed to update inventory:","timestamp":"2026-06-28T00:11:50.304Z"}
{"level":"error","message":"❌ Shopify API Error:","timestamp":"2026-06-28T00:11:50.304Z"}
{"level":"error","message":"❌ Failed to update inventory:","timestamp":"2026-06-28T00:11:55.302Z"}
{"level":"error","message":"❌ Shopify API Error:","timestamp":"2026-06-28T00:11:55.303Z"}
{"level":"error","message":"❌ Failed to update inventory:","timestamp":"2026-06-28T00:12:00.337Z"}
{"level":"error","message":"❌ Shopify API Error:","timestamp":"2026-06-28T00:12:00.340Z"}
{"level":"info","message":"✅ Updated inventory: 66 units","timestamp":"2026-06-28T00:12:05.631Z"}
{"level":"info","message":"✅ Updated inventory: 31 units","timestamp":"2026-06-28T00:12:06.920Z"}
{"level":"info","message":"✅ Updated inventory: 63 units","timestamp":"2026-06-28T00:12:08.209Z"}
{"level":"info","message":"✅ Updated inventory: 96 units","timestamp":"2026-06-28T00:12:09.486Z"}
{"level":"info","message":"✅ Updated inventory: 99 units","timestamp":"2026-06-28T00:12:10.776Z"}
{"level":"info","message":"✅ Updated inventory: 16 units","timestamp":"2026-06-28T00:12:12.075Z"}
{"level":"error","message":"❌ GraphQL Errors:","timestamp":"2026-06-28T13:32:17.219Z"}
{"level":"error","message":"❌ GraphQL Request Failed:","timestamp":"2026-06-28T13:32:17.227Z"}
{"level":"error","message":"Status:","timestamp":"2026-06-28T13:32:17.230Z"}
{"level":"error","message":"Response:","timestamp":"2026-06-28T13:32:17.231Z"}
{"level":"error","message":"❌ GraphQL Errors:","timestamp":"2026-06-28T13:32:20.074Z"}
{"level":"error","message":"❌ GraphQL Request Failed:","timestamp":"2026-06-28T13:32:20.076Z"}
{"level":"error","message":"Status:","timestamp":"2026-06-28T13:32:20.077Z"}
{"level":"error","message":"Response:","timestamp":"2026-06-28T13:32:20.078Z"}
{"level":"info","message":"✅ Fetched 130 products from Shopify","timestamp":"2026-06-28T13:34:27.640Z"}
{"level":"info","message":"✅ Fetched 130 products from Shopify","timestamp":"2026-06-28T13:34:36.445Z"}
{"level":"info","message":"✅ Fetched 130 products from Shopify","timestamp":"2026-06-28T13:34:47.226Z"}
{"level":"info","message":"Browser initialized","timestamp":"2026-06-28T13:40:52.519Z"}
{"level":"info","message":"Logging in to Kimland (attempt 1)...","timestamp":"2026-06-28T13:40:52.526Z"}
{"level":"info","message":"✅ Email filled using selector: input[type=\"email\"]","timestamp":"2026-06-28T13:40:57.670Z"}
{"level":"info","message":"✅ Username filled using selector: input[name=\"username\"]","timestamp":"2026-06-28T13:40:57.709Z"}
{"level":"info","message":"✅ Password filled using selector: input[type=\"password\"]","timestamp":"2026-06-28T13:40:57.744Z"}
{"level":"info","message":"✅ Login clicked using selector: button[type=\"submit\"]","timestamp":"2026-06-28T13:40:57.881Z"}
{"level":"info","message":"Current URL after login: https://kimland.dz/app/client/index.php","timestamp":"2026-06-28T13:40:58.955Z"}
{"level":"info","message":"✅ Login successful!","timestamp":"2026-06-28T13:40:58.956Z"}
{"level":"info","message":"📋 Extracting product from: https://kimland.dz/product/7235/essentials-single-jersey-3-stripes-shorts/","timestamp":"2026-06-28T13:40:58.957Z"}
{"level":"info","message":"✅ Extracted: Essentials Single Jersey 3-Stripes Shorts","timestamp":"2026-06-28T13:41:05.634Z"}
{"level":"info","message":"   📸 Images: 6","timestamp":"2026-06-28T13:41:05.636Z"}
{"level":"info","message":"   💰 Selling Price: 6900 DA","timestamp":"2026-06-28T13:41:05.636Z"}
{"level":"info","message":"   💰 Cost Price: 5700 DA","timestamp":"2026-06-28T13:41:05.637Z"}
{"level":"info","message":"   📏 Variant Type: Taille (taille)","timestamp":"2026-06-28T13:41:05.637Z"}
{"level":"info","message":"   📏 Variants: 4","timestamp":"2026-06-28T13:41:05.638Z"}
{"level":"info","message":"   📦 Total stock: 55","timestamp":"2026-06-28T13:41:05.638Z"}
{"level":"info","message":"   📏 Tailles:","timestamp":"2026-06-28T13:41:05.639Z"}
{"level":"info","message":"      M: 15 pieces","timestamp":"2026-06-28T13:41:05.639Z"}
{"level":"info","message":"      L: 26 pieces","timestamp":"2026-06-28T13:41:05.639Z"}
{"level":"info","message":"      XL: 12 pieces","timestamp":"2026-06-28T13:41:05.640Z"}
{"level":"info","message":"      2XL: 2 pieces","timestamp":"2026-06-28T13:41:05.640Z"}
{"level":"info","message":"💾 Product saved to product-7235.json","timestamp":"2026-06-28T13:41:05.643Z"}
{"level":"info","message":"Browser closed","timestamp":"2026-06-28T13:41:05.801Z"}
{"level":"info","message":"📂 Loaded 2 mappings","timestamp":"2026-06-28T13:41:21.193Z"}
{"errors":{"base":["Cannot set name for an option value linked to a metafield"]},"level":"error","message":"❌ Failed to update product 10278980550939:","timestamp":"2026-06-28T13:41:30.557Z"}
{"level":"error","message":"❌ Upload error:","timestamp":"2026-06-28T13:41:30.559Z"}
{"level":"info","message":"📂 Loaded 2 mappings","timestamp":"2026-06-28T13:43:52.841Z"}
{"level":"info","message":"🛍️ Creating product in Shopify: Essentials Single Jersey 3-Stripes Shorts","timestamp":"2026-06-28T13:43:53.665Z"}
{"level":"info","message":"✅ Created product: Essentials Single Jersey 3-Stripes Shorts - IC9390 (ID: 10285611680027)","timestamp":"2026-06-28T13:44:02.426Z"}
{"level":"info","message":"✅ Mapped Kimland 7235 → Shopify 10285611680027","timestamp":"2026-06-28T13:44:02.428Z"}
{"level":"info","message":"Browser initialized","timestamp":"2026-06-28T13:46:28.860Z"}
{"level":"info","message":"Logging in to Kimland (attempt 1)...","timestamp":"2026-06-28T13:46:28.869Z"}
{"level":"info","message":"✅ Email filled using selector: input[type=\"email\"]","timestamp":"2026-06-28T13:46:30.676Z"}
{"level":"info","message":"✅ Username filled using selector: input[name=\"username\"]","timestamp":"2026-06-28T13:46:30.711Z"}
{"level":"info","message":"✅ Password filled using selector: input[type=\"password\"]","timestamp":"2026-06-28T13:46:30.747Z"}
{"level":"info","message":"✅ Login clicked using selector: button[type=\"submit\"]","timestamp":"2026-06-28T13:46:30.832Z"}
{"level":"info","message":"Current URL after login: https://kimland.dz/app/client/index.php","timestamp":"2026-06-28T13:46:31.600Z"}
{"level":"info","message":"✅ Login successful!","timestamp":"2026-06-28T13:46:31.602Z"}
{"level":"info","message":"📋 Extracting product from: https://kimland.dz/product/11197/american-college-t-shirt-pour-homme/","timestamp":"2026-06-28T13:46:31.604Z"}
{"level":"info","message":"✅ Extracted: American College t-shirt pour Homme","timestamp":"2026-06-28T13:46:38.438Z"}
{"level":"info","message":"   📸 Images: 6","timestamp":"2026-06-28T13:46:38.439Z"}
{"level":"info","message":"   💰 Selling Price: 2900 DA","timestamp":"2026-06-28T13:46:38.440Z"}
{"level":"info","message":"   💰 Cost Price: 2106 DA","timestamp":"2026-06-28T13:46:38.441Z"}
{"level":"info","message":"   📏 Variant Type: Taille (taille)","timestamp":"2026-06-28T13:46:38.441Z"}
{"level":"info","message":"   📏 Variants: 2","timestamp":"2026-06-28T13:46:38.441Z"}
{"level":"info","message":"   📦 Total stock: 57","timestamp":"2026-06-28T13:46:38.442Z"}
{"level":"info","message":"   📏 Tailles:","timestamp":"2026-06-28T13:46:38.442Z"}
{"level":"info","message":"      L: 43 pieces","timestamp":"2026-06-28T13:46:38.443Z"}
{"level":"info","message":"      XL: 14 pieces","timestamp":"2026-06-28T13:46:38.444Z"}
{"level":"info","message":"💾 Product saved to product-11197.json","timestamp":"2026-06-28T13:46:38.445Z"}
{"level":"info","message":"Browser closed","timestamp":"2026-06-28T13:46:38.594Z"}
{"level":"info","message":"📂 Loaded 3 mappings","timestamp":"2026-06-28T13:47:14.448Z"}
{"level":"info","message":"🛍️ Creating product in Shopify: American College t-shirt pour Homme","timestamp":"2026-06-28T13:47:15.280Z"}
{"level":"info","message":"✅ Created product: American College t-shirt pour Homme - TS260103-NAVY (ID: 10285612826907)","timestamp":"2026-06-28T13:47:23.839Z"}
{"level":"info","message":"✅ Mapped Kimland 11197 → Shopify 10285612826907","timestamp":"2026-06-28T13:47:23.843Z"}
{"level":"info","message":"Browser initialized","timestamp":"2026-06-28T13:51:32.254Z"}
{"level":"info","message":"Logging in to Kimland (attempt 1)...","timestamp":"2026-06-28T13:51:32.265Z"}
{"level":"info","message":"✅ Email filled using selector: input[type=\"email\"]","timestamp":"2026-06-28T13:51:34.629Z"}
{"level":"info","message":"✅ Username filled using selector: input[name=\"username\"]","timestamp":"2026-06-28T13:51:34.661Z"}
{"level":"info","message":"✅ Password filled using selector: input[type=\"password\"]","timestamp":"2026-06-28T13:51:34.699Z"}
{"level":"info","message":"✅ Login clicked using selector: button[type=\"submit\"]","timestamp":"2026-06-28T13:51:34.785Z"}
{"level":"info","message":"Current URL after login: https://kimland.dz/app/client/index.php","timestamp":"2026-06-28T13:51:35.802Z"}
{"level":"info","message":"✅ Login successful!","timestamp":"2026-06-28T13:51:35.806Z"}
{"level":"info","message":"📋 Extracting product from: https://kimland.dz/product/11197/american-college-t-shirt-pour-homme/","timestamp":"2026-06-28T13:51:35.807Z"}
{"level":"info","message":"✅ Extracted: American College t-shirt pour Homme","timestamp":"2026-06-28T13:51:42.745Z"}
{"level":"info","message":"   📸 Images: 6","timestamp":"2026-06-28T13:51:42.746Z"}
{"level":"info","message":"   💰 Selling Price: 2900 DA","timestamp":"2026-06-28T13:51:42.746Z"}
{"level":"info","message":"   💰 Cost Price: 2106 DA","timestamp":"2026-06-28T13:51:42.747Z"}
{"level":"info","message":"   📏 Variant Type: Taille (taille)","timestamp":"2026-06-28T13:51:42.747Z"}
{"level":"info","message":"   📏 Variants: 2","timestamp":"2026-06-28T13:51:42.747Z"}
{"level":"info","message":"   📦 Total stock: 57","timestamp":"2026-06-28T13:51:42.748Z"}
{"level":"info","message":"   📏 Tailles:","timestamp":"2026-06-28T13:51:42.748Z"}
{"level":"info","message":"      L: 43 pieces","timestamp":"2026-06-28T13:51:42.749Z"}
{"level":"info","message":"      XL: 14 pieces","timestamp":"2026-06-28T13:51:42.750Z"}
{"level":"info","message":"💾 Product saved to product-11197.json","timestamp":"2026-06-28T13:51:42.751Z"}
{"level":"info","message":"Browser closed","timestamp":"2026-06-28T13:51:42.902Z"}
{"level":"info","message":"📂 Loaded 4 mappings","timestamp":"2026-06-28T13:51:51.784Z"}
{"level":"error","message":"❌ Failed to get product 10285612826907:","timestamp":"2026-06-28T13:51:52.340Z"}
{"level":"info","message":"💾 Saved 3 mappings","timestamp":"2026-06-28T13:51:52.344Z"}
{"level":"info","message":"🗑️ Deleted mapping for 11197","timestamp":"2026-06-28T13:51:52.345Z"}
{"level":"info","message":"🛍️ Creating product in Shopify: American College t-shirt pour Homme","timestamp":"2026-06-28T13:51:54.184Z"}
{"level":"info","message":"✅ Created product: American College t-shirt pour Homme - TS260103-NAVY (ID: 10285613613339)","timestamp":"2026-06-28T13:52:02.258Z"}
{"level":"info","message":"💾 Saved 4 mappings","timestamp":"2026-06-28T13:52:02.262Z"}
{"level":"info","message":"✅ Mapped Kimland 11197 → Shopify 10285613613339","timestamp":"2026-06-28T13:52:02.263Z"}
{"level":"info","message":"✅ Updated inventory: 168 units","timestamp":"2026-06-28T14:05:10.944Z"}
{"level":"info","message":"✅ Updated inventory: 166 units","timestamp":"2026-06-28T14:05:12.178Z"}
{"level":"info","message":"✅ Updated inventory: 72 units","timestamp":"2026-06-28T14:05:13.408Z"}
{"level":"info","message":"✅ Updated inventory: 172 units","timestamp":"2026-06-28T14:05:14.761Z"}
{"level":"info","message":"✅ Updated inventory: 11 units","timestamp":"2026-06-28T14:05:25.093Z"}
{"level":"info","message":"✅ Updated inventory: 13 units","timestamp":"2026-06-28T14:05:26.312Z"}
{"level":"info","message":"✅ Updated inventory: 14 units","timestamp":"2026-06-28T14:05:27.653Z"}
{"level":"info","message":"Browser initialized","timestamp":"2026-06-28T14:06:06.876Z"}
{"level":"info","message":"Logging in to Kimland (attempt 1)...","timestamp":"2026-06-28T14:06:06.877Z"}
{"level":"info","message":"✅ Email filled using selector: input[type=\"email\"]","timestamp":"2026-06-28T14:06:11.457Z"}
{"level":"info","message":"✅ Username filled using selector: input[name=\"username\"]","timestamp":"2026-06-28T14:06:11.495Z"}
{"level":"info","message":"✅ Password filled using selector: input[type=\"password\"]","timestamp":"2026-06-28T14:06:11.533Z"}
{"level":"info","message":"✅ Login clicked using selector: button[type=\"submit\"]","timestamp":"2026-06-28T14:06:11.655Z"}
{"level":"info","message":"Current URL after login: https://kimland.dz/app/client/index.php","timestamp":"2026-06-28T14:06:12.671Z"}
{"level":"info","message":"✅ Login successful!","timestamp":"2026-06-28T14:06:12.672Z"}
{"level":"info","message":"📋 Extracting product from: https://kimland.dz/product/7235/essentials-single-jersey-3-stripes-shorts/","timestamp":"2026-06-28T14:06:12.673Z"}
{"level":"info","message":"✅ Extracted: Essentials Single Jersey 3-Stripes Shorts","timestamp":"2026-06-28T14:06:19.441Z"}
{"level":"info","message":"   📸 Images: 6","timestamp":"2026-06-28T14:06:19.443Z"}
{"level":"info","message":"   💰 Selling Price: 6900 DA","timestamp":"2026-06-28T14:06:19.443Z"}
{"level":"info","message":"   💰 Cost Price: 5700 DA","timestamp":"2026-06-28T14:06:19.444Z"}
{"level":"info","message":"   📏 Variant Type: Taille (taille)","timestamp":"2026-06-28T14:06:19.444Z"}
{"level":"info","message":"   📏 Variants: 4","timestamp":"2026-06-28T14:06:19.445Z"}
{"level":"info","message":"   📦 Total stock: 55","timestamp":"2026-06-28T14:06:19.445Z"}
{"level":"info","message":"   📏 Tailles:","timestamp":"2026-06-28T14:06:19.446Z"}
{"level":"info","message":"      M: 15 pieces","timestamp":"2026-06-28T14:06:19.447Z"}
{"level":"info","message":"      L: 26 pieces","timestamp":"2026-06-28T14:06:19.447Z"}
{"level":"info","message":"      XL: 12 pieces","timestamp":"2026-06-28T14:06:19.448Z"}
{"level":"info","message":"      2XL: 2 pieces","timestamp":"2026-06-28T14:06:19.448Z"}
{"level":"info","message":"💾 Product saved to product-7235.json","timestamp":"2026-06-28T14:06:19.452Z"}
{"level":"info","message":"Browser closed","timestamp":"2026-06-28T14:06:19.613Z"}
{"level":"info","message":"📂 Loaded 4 mappings","timestamp":"2026-06-28T14:06:53.519Z"}
{"level":"info","message":"✅ Updated product: Essentials Single Jersey 3-Stripes Shorts - IC9390","timestamp":"2026-06-28T14:07:03.488Z"}
{"level":"info","message":"💾 Saved 4 mappings","timestamp":"2026-06-28T14:07:03.490Z"}
{"level":"info","message":"✅ Mapped Kimland 7235 → Shopify 10285611680027","timestamp":"2026-06-28T14:07:03.491Z"}
{"level":"info","message":"📂 Loaded 4 mappings","timestamp":"2026-06-28T14:07:47.575Z"}
{"level":"info","message":"✅ Updated product: Peak Outdoor Taichi Sports\nEXT261317H-X880 - Peak Outdoor Taichi Sports\nEXT-10285209846043","timestamp":"2026-06-28T14:08:01.244Z"}
{"level":"info","message":"💾 Saved 5 mappings","timestamp":"2026-06-28T14:08:01.247Z"}
{"level":"info","message":"✅ Mapped Kimland 10285209846043 → Shopify 10285209846043","timestamp":"2026-06-28T14:08:01.247Z"}
{"level":"info","message":"📂 Loaded 5 mappings","timestamp":"2026-06-28T14:43:28.281Z"}
{"level":"info","message":"✅ Updated product: Peak Outdoor Taichi Sports\nEXT261317H-X880 - Peak Outdoor Taichi Sports\nEXT-10285209846043","timestamp":"2026-06-28T14:43:40.753Z"}
{"level":"info","message":"💾 Saved 5 mappings","timestamp":"2026-06-28T14:43:40.757Z"}
{"level":"info","message":"✅ Mapped Kimland 10285209846043 → Shopify 10285209846043","timestamp":"2026-06-28T14:43:40.757Z"}
{"level":"info","message":"Browser initialized","timestamp":"2026-06-28T14:44:19.578Z"}
{"level":"info","message":"Logging in to Kimland (attempt 1)...","timestamp":"2026-06-28T14:44:19.579Z"}
{"level":"info","message":"✅ Email filled using selector: input[type=\"email\"]","timestamp":"2026-06-28T14:44:24.701Z"}
{"level":"info","message":"✅ Username filled using selector: input[name=\"username\"]","timestamp":"2026-06-28T14:44:24.736Z"}
{"level":"info","message":"✅ Password filled using selector: input[type=\"password\"]","timestamp":"2026-06-28T14:44:24.766Z"}
{"level":"info","message":"✅ Login clicked using selector: button[type=\"submit\"]","timestamp":"2026-06-28T14:44:24.896Z"}
{"level":"info","message":"Current URL after login: https://kimland.dz/app/client/index.php","timestamp":"2026-06-28T14:44:26.198Z"}
{"level":"info","message":"✅ Login successful!","timestamp":"2026-06-28T14:44:26.199Z"}
{"level":"info","message":"📋 Extracting product from: https://kimland.dz/product/11016/peak-outdoor-taichi-sports/","timestamp":"2026-06-28T14:44:26.199Z"}
{"level":"info","message":"✅ Extracted: Peak Outdoor Taichi Sports","timestamp":"2026-06-28T14:44:34.337Z"}
{"level":"info","message":"   📸 Images: 10","timestamp":"2026-06-28T14:44:34.338Z"}
{"level":"info","message":"   💰 Selling Price: 8600 DA","timestamp":"2026-06-28T14:44:34.338Z"}
{"level":"info","message":"   💰 Cost Price: 6390 DA","timestamp":"2026-06-28T14:44:34.338Z"}
{"level":"info","message":"   📏 Variant Type: Pointure (pointure)","timestamp":"2026-06-28T14:44:34.339Z"}
{"level":"info","message":"   📏 Variants: 5","timestamp":"2026-06-28T14:44:34.339Z"}
{"level":"info","message":"   📦 Total stock: 23","timestamp":"2026-06-28T14:44:34.339Z"}
{"level":"info","message":"   📏 Pointures:","timestamp":"2026-06-28T14:44:34.340Z"}
{"level":"info","message":"      40: 4 pieces","timestamp":"2026-06-28T14:44:34.340Z"}
{"level":"info","message":"      41: 6 pieces","timestamp":"2026-06-28T14:44:34.340Z"}
{"level":"info","message":"      42: 6 pieces","timestamp":"2026-06-28T14:44:34.340Z"}
{"level":"info","message":"      43: 6 pieces","timestamp":"2026-06-28T14:44:34.340Z"}
{"level":"info","message":"      44: 1 pieces","timestamp":"2026-06-28T14:44:34.341Z"}
{"level":"info","message":"💾 Product saved to product-11016.json","timestamp":"2026-06-28T14:44:34.344Z"}
{"level":"info","message":"Browser closed","timestamp":"2026-06-28T14:44:34.488Z"}
{"level":"info","message":"📂 Loaded 5 mappings","timestamp":"2026-06-28T14:44:49.847Z"}
{"level":"info","message":"🛍️ Creating product in Shopify: Peak Outdoor Taichi Sports","timestamp":"2026-06-28T14:44:50.497Z"}
{"level":"info","message":"✅ Created product: Peak Outdoor Taichi Sports - EXT261317H-X880 (ID: 10285628850459)","timestamp":"2026-06-28T14:45:03.012Z"}
{"level":"info","message":"💾 Saved 6 mappings","timestamp":"2026-06-28T14:45:03.016Z"}
{"level":"info","message":"✅ Mapped Kimland 11016 → Shopify 10285628850459","timestamp":"2026-06-28T14:45:03.017Z"}
{"level":"info","message":"📂 Loaded 6 mappings","timestamp":"2026-06-28T14:47:02.519Z"}
{"level":"error","message":"❌ Failed to get product 10285628850459:","timestamp":"2026-06-28T14:47:03.429Z"}
{"level":"info","message":"🛍️ Creating product in Shopify: Peak Outdoor Taichi Sports","timestamp":"2026-06-28T14:47:03.431Z"}
{"level":"info","message":"✅ Created product: Peak Outdoor Taichi Sports - EXT261317H-X880 (ID: 10285630751003)","timestamp":"2026-06-28T14:47:16.327Z"}
{"level":"info","message":"💾 Saved 6 mappings","timestamp":"2026-06-28T14:47:16.330Z"}
{"level":"info","message":"✅ Mapped Kimland 11016 → Shopify 10285630751003","timestamp":"2026-06-28T14:47:16.330Z"}
{"level":"info","message":"Browser initialized","timestamp":"2026-06-28T14:58:27.093Z"}
{"level":"info","message":"Logging in to Kimland (attempt 1)...","timestamp":"2026-06-28T14:58:27.103Z"}
{"level":"info","message":"✅ Email filled using selector: input[type=\"email\"]","timestamp":"2026-06-28T14:58:34.958Z"}
{"level":"info","message":"✅ Username filled using selector: input[name=\"username\"]","timestamp":"2026-06-28T14:58:34.999Z"}
{"level":"info","message":"✅ Password filled using selector: input[type=\"password\"]","timestamp":"2026-06-28T14:58:35.033Z"}
{"level":"info","message":"✅ Login clicked using selector: button[type=\"submit\"]","timestamp":"2026-06-28T14:58:35.136Z"}
{"level":"info","message":"Current URL after login: https://kimland.dz/app/client/index.php","timestamp":"2026-06-28T14:58:36.212Z"}
{"level":"info","message":"✅ Login successful!","timestamp":"2026-06-28T14:58:36.213Z"}
{"level":"info","message":"📋 Extracting product from: https://kimland.dz/product/11016/peak-outdoor-taichi-sports/","timestamp":"2026-06-28T14:58:36.216Z"}
{"level":"info","message":"✅ Extracted: Peak Outdoor Taichi Sports","timestamp":"2026-06-28T14:58:43.516Z"}
{"level":"info","message":"   📸 Images: 10","timestamp":"2026-06-28T14:58:43.517Z"}
{"level":"info","message":"   💰 Selling Price: 8600 DA","timestamp":"2026-06-28T14:58:43.518Z"}
{"level":"info","message":"   💰 Cost Price: 6390 DA","timestamp":"2026-06-28T14:58:43.518Z"}
{"level":"info","message":"   📏 Variant Type: Pointure (pointure)","timestamp":"2026-06-28T14:58:43.518Z"}
{"level":"info","message":"   📏 Variants: 5","timestamp":"2026-06-28T14:58:43.518Z"}
{"level":"info","message":"   📦 Total stock: 23","timestamp":"2026-06-28T14:58:43.519Z"}
{"level":"info","message":"   📏 Pointures:","timestamp":"2026-06-28T14:58:43.519Z"}
{"level":"info","message":"      40: 4 pieces","timestamp":"2026-06-28T14:58:43.519Z"}
{"level":"info","message":"      41: 6 pieces","timestamp":"2026-06-28T14:58:43.519Z"}
{"level":"info","message":"      42: 6 pieces","timestamp":"2026-06-28T14:58:43.519Z"}
{"level":"info","message":"      43: 6 pieces","timestamp":"2026-06-28T14:58:43.521Z"}
{"level":"info","message":"      44: 1 pieces","timestamp":"2026-06-28T14:58:43.522Z"}
{"level":"info","message":"💾 Product saved to product-11016.json","timestamp":"2026-06-28T14:58:43.524Z"}
{"level":"info","message":"Browser closed","timestamp":"2026-06-28T14:58:43.654Z"}
{"level":"info","message":"Browser initialized","timestamp":"2026-06-28T15:06:05.396Z"}
{"level":"info","message":"Logging in to Kimland (attempt 1)...","timestamp":"2026-06-28T15:06:05.403Z"}
{"level":"info","message":"✅ Email filled using selector: input[type=\"email\"]","timestamp":"2026-06-28T15:06:10.283Z"}
{"level":"info","message":"✅ Username filled using selector: input[name=\"username\"]","timestamp":"2026-06-28T15:06:10.325Z"}
{"level":"info","message":"✅ Password filled using selector: input[type=\"password\"]","timestamp":"2026-06-28T15:06:10.363Z"}
{"level":"info","message":"✅ Login clicked using selector: button[type=\"submit\"]","timestamp":"2026-06-28T15:06:10.495Z"}
{"level":"info","message":"Current URL after login: https://kimland.dz/app/client/index.php","timestamp":"2026-06-28T15:06:11.562Z"}
{"level":"info","message":"✅ Login successful!","timestamp":"2026-06-28T15:06:11.563Z"}
{"level":"info","message":"📋 Extracting product from: https://kimland.dz/product/11016/peak-outdoor-taichi-sports/","timestamp":"2026-06-28T15:06:11.565Z"}
{"level":"info","message":"✅ Extracted: Peak Outdoor Taichi Sports","timestamp":"2026-06-28T15:06:18.788Z"}
{"level":"info","message":"   📸 Images: 10","timestamp":"2026-06-28T15:06:18.790Z"}
{"level":"info","message":"   💰 Selling Price: 8600 DA","timestamp":"2026-06-28T15:06:18.790Z"}
{"level":"info","message":"   💰 Cost Price: 6390 DA","timestamp":"2026-06-28T15:06:18.791Z"}
{"level":"info","message":"   📏 Variant Type: Pointure (pointure)","timestamp":"2026-06-28T15:06:18.791Z"}
{"level":"info","message":"   📏 Variants: 5","timestamp":"2026-06-28T15:06:18.792Z"}
{"level":"info","message":"   📦 Total stock: 23","timestamp":"2026-06-28T15:06:18.792Z"}
{"level":"info","message":"   📏 Pointures:","timestamp":"2026-06-28T15:06:18.793Z"}
{"level":"info","message":"      40: 4 pieces","timestamp":"2026-06-28T15:06:18.794Z"}
{"level":"info","message":"      41: 6 pieces","timestamp":"2026-06-28T15:06:18.794Z"}
{"level":"info","message":"      42: 6 pieces","timestamp":"2026-06-28T15:06:18.794Z"}
{"level":"info","message":"      43: 6 pieces","timestamp":"2026-06-28T15:06:18.795Z"}
{"level":"info","message":"      44: 1 pieces","timestamp":"2026-06-28T15:06:18.795Z"}
{"level":"info","message":"💾 Product saved to product-11016.json","timestamp":"2026-06-28T15:06:18.809Z"}
{"level":"info","message":"Browser closed","timestamp":"2026-06-28T15:06:18.953Z"}
{"level":"info","message":"Browser initialized","timestamp":"2026-06-28T15:13:13.291Z"}
{"level":"info","message":"Logging in to Kimland (attempt 1)...","timestamp":"2026-06-28T15:13:13.292Z"}
{"level":"info","message":"✅ Email filled using selector: input[type=\"email\"]","timestamp":"2026-06-28T15:13:14.943Z"}
{"level":"info","message":"✅ Username filled using selector: input[name=\"username\"]","timestamp":"2026-06-28T15:13:14.962Z"}
{"level":"info","message":"✅ Password filled using selector: input[type=\"password\"]","timestamp":"2026-06-28T15:13:14.982Z"}
{"level":"info","message":"✅ Login clicked using selector: button[type=\"submit\"]","timestamp":"2026-06-28T15:13:15.048Z"}
{"level":"info","message":"Current URL after login: https://kimland.dz/app/client/index.php","timestamp":"2026-06-28T15:13:15.753Z"}
{"level":"info","message":"✅ Login successful!","timestamp":"2026-06-28T15:13:15.753Z"}
{"level":"info","message":"📋 Extracting product from: https://kimland.dz/product/11016/peak-outdoor-taichi-sports/","timestamp":"2026-06-28T15:13:15.754Z"}
{"level":"info","message":"✅ Extracted: Peak Outdoor Taichi Sports","timestamp":"2026-06-28T15:13:22.953Z"}
{"level":"info","message":"   📸 Images: 10","timestamp":"2026-06-28T15:13:22.954Z"}
{"level":"info","message":"   💰 Selling Price: 8600 DA","timestamp":"2026-06-28T15:13:22.955Z"}
{"level":"info","message":"   💰 Cost Price: 6390 DA","timestamp":"2026-06-28T15:13:22.955Z"}
{"level":"info","message":"   📏 Variant Type: Pointure (pointure)","timestamp":"2026-06-28T15:13:22.956Z"}
{"level":"info","message":"   📏 Variants: 5","timestamp":"2026-06-28T15:13:22.956Z"}
{"level":"info","message":"   📦 Total stock: 23","timestamp":"2026-06-28T15:13:22.957Z"}
{"level":"info","message":"   📏 Pointures:","timestamp":"2026-06-28T15:13:22.957Z"}
{"level":"info","message":"      40: 4 pieces","timestamp":"2026-06-28T15:13:22.957Z"}
{"level":"info","message":"      41: 6 pieces","timestamp":"2026-06-28T15:13:22.957Z"}
{"level":"info","message":"      42: 6 pieces","timestamp":"2026-06-28T15:13:22.958Z"}
{"level":"info","message":"      43: 6 pieces","timestamp":"2026-06-28T15:13:22.958Z"}
{"level":"info","message":"      44: 1 pieces","timestamp":"2026-06-28T15:13:22.959Z"}
{"level":"info","message":"💾 Product saved to product-11016.json","timestamp":"2026-06-28T15:13:22.961Z"}
{"level":"info","message":"Browser closed","timestamp":"2026-06-28T15:13:23.097Z"}
{"level":"info","message":"Browser initialized","timestamp":"2026-06-28T16:24:39.343Z"}
{"level":"info","message":"Logging in to Kimland (attempt 1)...","timestamp":"2026-06-28T16:24:39.346Z"}
{"level":"info","message":"✅ Email filled using selector: input[type=\"email\"]","timestamp":"2026-06-28T16:24:44.263Z"}
{"level":"info","message":"✅ Username filled using selector: input[name=\"username\"]","timestamp":"2026-06-28T16:24:44.295Z"}
{"level":"info","message":"✅ Password filled using selector: input[type=\"password\"]","timestamp":"2026-06-28T16:24:44.314Z"}
{"level":"info","message":"✅ Login clicked using selector: button[type=\"submit\"]","timestamp":"2026-06-28T16:24:44.397Z"}
{"level":"info","message":"Current URL after login: https://kimland.dz/app/client/index.php","timestamp":"2026-06-28T16:24:45.371Z"}
{"level":"info","message":"✅ Login successful!","timestamp":"2026-06-28T16:24:45.371Z"}
{"level":"info","message":"📋 Extracting product from: https://kimland.dz/product/7463/nike-air-max-plus/","timestamp":"2026-06-28T16:24:45.372Z"}
{"level":"info","message":"✅ Extracted: Nike Air Max Plus","timestamp":"2026-06-28T16:24:52.680Z"}
{"level":"info","message":"   📸 Images: 4","timestamp":"2026-06-28T16:24:52.681Z"}
{"level":"info","message":"   💰 Selling Price: 14500 DA","timestamp":"2026-06-28T16:24:52.681Z"}
{"level":"info","message":"   💰 Cost Price: 10800 DA","timestamp":"2026-06-28T16:24:52.681Z"}
{"level":"info","message":"   📏 Variant Type: Pointure (pointure)","timestamp":"2026-06-28T16:24:52.681Z"}
{"level":"info","message":"   📏 Variants: 2","timestamp":"2026-06-28T16:24:52.682Z"}
{"level":"info","message":"   📦 Total stock: 8","timestamp":"2026-06-28T16:24:52.682Z"}
{"level":"info","message":"   📏 Pointures:","timestamp":"2026-06-28T16:24:52.682Z"}
{"level":"info","message":"      41: 1 pieces","timestamp":"2026-06-28T16:24:52.682Z"}
{"level":"info","message":"      42: 7 pieces","timestamp":"2026-06-28T16:24:52.682Z"}
{"level":"info","message":"💾 Product saved to product-7463.json","timestamp":"2026-06-28T16:24:52.684Z"}
{"level":"info","message":"Browser closed","timestamp":"2026-06-28T16:24:52.782Z"}
{"level":"info","message":"📂 Loaded 6 mappings","timestamp":"2026-06-28T16:25:02.103Z"}
{"level":"info","message":"🛍️ Creating product in Shopify: Nike Air Max Plus","timestamp":"2026-06-28T16:25:02.648Z"}
{"level":"info","message":"✅ Created product: Nike Air Max Plus - FQ2860-001WB (ID: 10285687767323)","timestamp":"2026-06-28T16:25:09.071Z"}
{"level":"info","message":"💾 Saved 7 mappings","timestamp":"2026-06-28T16:25:09.072Z"}
{"level":"info","message":"✅ Mapped Kimland 7463 → Shopify 10285687767323","timestamp":"2026-06-28T16:25:09.073Z"}
{"level":"info","message":"Browser initialized","timestamp":"2026-06-28T16:27:37.425Z"}
{"level":"info","message":"Logging in to Kimland (attempt 1)...","timestamp":"2026-06-28T16:27:37.426Z"}
{"level":"info","message":"✅ Email filled using selector: input[type=\"email\"]","timestamp":"2026-06-28T16:27:39.312Z"}
{"level":"info","message":"✅ Username filled using selector: input[name=\"username\"]","timestamp":"2026-06-28T16:27:39.328Z"}
{"level":"info","message":"✅ Password filled using selector: input[type=\"password\"]","timestamp":"2026-06-28T16:27:39.344Z"}
{"level":"info","message":"✅ Login clicked using selector: button[type=\"submit\"]","timestamp":"2026-06-28T16:27:39.408Z"}
{"level":"info","message":"Current URL after login: https://kimland.dz/app/client/index.php","timestamp":"2026-06-28T16:27:40.146Z"}
{"level":"info","message":"✅ Login successful!","timestamp":"2026-06-28T16:27:40.146Z"}
{"level":"info","message":"📋 Extracting product from: https://kimland.dz/product/7463/nike-air-max-plus/","timestamp":"2026-06-28T16:27:40.147Z"}
{"level":"info","message":"✅ Extracted: Nike Air Max Plus","timestamp":"2026-06-28T16:27:47.022Z"}
{"level":"info","message":"   📸 Images: 4","timestamp":"2026-06-28T16:27:47.023Z"}
{"level":"info","message":"   💰 Selling Price: 14500 DA","timestamp":"2026-06-28T16:27:47.023Z"}
{"level":"info","message":"   💰 Cost Price: 10800 DA","timestamp":"2026-06-28T16:27:47.024Z"}
{"level":"info","message":"   📏 Variant Type: Pointure (pointure)","timestamp":"2026-06-28T16:27:47.024Z"}
{"level":"info","message":"   📏 Variants: 2","timestamp":"2026-06-28T16:27:47.024Z"}
{"level":"info","message":"   📦 Total stock: 8","timestamp":"2026-06-28T16:27:47.024Z"}
{"level":"info","message":"   📏 Pointures:","timestamp":"2026-06-28T16:27:47.024Z"}
{"level":"info","message":"      41: 1 pieces","timestamp":"2026-06-28T16:27:47.024Z"}
{"level":"info","message":"      42: 7 pieces","timestamp":"2026-06-28T16:27:47.025Z"}
{"level":"info","message":"💾 Product saved to product-7463.json","timestamp":"2026-06-28T16:27:47.026Z"}
{"level":"info","message":"Browser closed","timestamp":"2026-06-28T16:27:47.101Z"}
{"level":"info","message":"📂 Loaded 7 mappings","timestamp":"2026-06-28T16:28:52.663Z"}
{"level":"error","message":"❌ Failed to get product 10285687767323:","timestamp":"2026-06-28T16:28:53.800Z"}
{"level":"info","message":"🛍️ Creating product in Shopify: Nike Air Max Plus","timestamp":"2026-06-28T16:28:53.801Z"}
{"level":"info","message":"✅ Created product: Nike Air Max Plus - FQ2860-001WB (ID: 10285689110811)","timestamp":"2026-06-28T16:29:00.177Z"}
{"level":"info","message":"💾 Saved 7 mappings","timestamp":"2026-06-28T16:29:00.179Z"}
{"level":"info","message":"✅ Mapped Kimland 7463 → Shopify 10285689110811","timestamp":"2026-06-28T16:29:00.179Z"}
{"level":"info","message":"Browser initialized","timestamp":"2026-06-28T22:20:29.142Z"}
{"level":"info","message":"Logging in to Kimland (attempt 1)...","timestamp":"2026-06-28T22:20:29.146Z"}
{"level":"info","message":"✅ Email filled using selector: input[type=\"email\"]","timestamp":"2026-06-28T22:20:36.885Z"}
{"level":"info","message":"✅ Username filled using selector: input[name=\"username\"]","timestamp":"2026-06-28T22:20:36.926Z"}
{"level":"info","message":"✅ Password filled using selector: input[type=\"password\"]","timestamp":"2026-06-28T22:20:36.961Z"}
{"level":"info","message":"✅ Login clicked using selector: button[type=\"submit\"]","timestamp":"2026-06-28T22:20:37.092Z"}
{"level":"info","message":"Current URL after login: https://kimland.dz/app/client/index.php","timestamp":"2026-06-28T22:20:38.186Z"}
{"level":"info","message":"✅ Login successful!","timestamp":"2026-06-28T22:20:38.187Z"}
{"level":"info","message":"📋 Extracting product from: https://kimland.dz/product/10471/lumberjack-polo/","timestamp":"2026-06-28T22:20:38.191Z"}
{"level":"info","message":"✅ Extracted: LUMBERJACK POLO","timestamp":"2026-06-28T22:20:45.114Z"}
{"level":"info","message":"   📸 Images: 5","timestamp":"2026-06-28T22:20:45.115Z"}
{"level":"info","message":"   💰 Selling Price: 3200 DA","timestamp":"2026-06-28T22:20:45.116Z"}
{"level":"info","message":"   💰 Cost Price: 1740 DA","timestamp":"2026-06-28T22:20:45.116Z"}
{"level":"info","message":"   📏 Variant Type: Taille (taille)","timestamp":"2026-06-28T22:20:45.116Z"}
{"level":"info","message":"   📏 Variants: 5","timestamp":"2026-06-28T22:20:45.117Z"}
{"level":"info","message":"   📦 Total stock: 347","timestamp":"2026-06-28T22:20:45.117Z"}
{"level":"info","message":"   📏 Tailles:","timestamp":"2026-06-28T22:20:45.117Z"}
{"level":"info","message":"      S: 139 pieces","timestamp":"2026-06-28T22:20:45.118Z"}
{"level":"info","message":"      M: 74 pieces","timestamp":"2026-06-28T22:20:45.119Z"}
{"level":"info","message":"      L: 106 pieces","timestamp":"2026-06-28T22:20:45.119Z"}
{"level":"info","message":"      XL: 12 pieces","timestamp":"2026-06-28T22:20:45.120Z"}
{"level":"info","message":"      XXL: 16 pieces","timestamp":"2026-06-28T22:20:45.120Z"}
{"level":"info","message":"💾 Product saved to product-10471.json","timestamp":"2026-06-28T22:20:45.124Z"}
{"level":"info","message":"Browser closed","timestamp":"2026-06-28T22:20:45.305Z"}
{"level":"info","message":"Browser initialized","timestamp":"2026-06-28T22:22:03.031Z"}
{"level":"info","message":"Logging in to Kimland (attempt 1)...","timestamp":"2026-06-28T22:22:03.040Z"}
{"level":"info","message":"✅ Email filled using selector: input[type=\"email\"]","timestamp":"2026-06-28T22:22:06.444Z"}
{"level":"info","message":"✅ Username filled using selector: input[name=\"username\"]","timestamp":"2026-06-28T22:22:06.497Z"}
{"level":"info","message":"✅ Password filled using selector: input[type=\"password\"]","timestamp":"2026-06-28T22:22:06.545Z"}
{"level":"info","message":"✅ Login clicked using selector: button[type=\"submit\"]","timestamp":"2026-06-28T22:22:06.637Z"}
{"level":"info","message":"Current URL after login: https://kimland.dz/app/client/index.php","timestamp":"2026-06-28T22:22:07.840Z"}
{"level":"info","message":"✅ Login successful!","timestamp":"2026-06-28T22:22:07.841Z"}
{"level":"info","message":"📋 Extracting product from: https://kimland.dz/product/10471/lumberjack-polo/","timestamp":"2026-06-28T22:22:07.844Z"}
{"level":"info","message":"✅ Extracted: LUMBERJACK POLO","timestamp":"2026-06-28T22:22:14.753Z"}
{"level":"info","message":"   📸 Images: 5","timestamp":"2026-06-28T22:22:14.754Z"}
{"level":"info","message":"   💰 Selling Price: 3200 DA","timestamp":"2026-06-28T22:22:14.754Z"}
{"level":"info","message":"   💰 Cost Price: 1740 DA","timestamp":"2026-06-28T22:22:14.755Z"}
{"level":"info","message":"   📏 Variant Type: Taille (taille)","timestamp":"2026-06-28T22:22:14.755Z"}
{"level":"info","message":"   📏 Variants: 5","timestamp":"2026-06-28T22:22:14.755Z"}
{"level":"info","message":"   📦 Total stock: 347","timestamp":"2026-06-28T22:22:14.755Z"}
{"level":"info","message":"   📏 Tailles:","timestamp":"2026-06-28T22:22:14.756Z"}
{"level":"info","message":"      S: 139 pieces","timestamp":"2026-06-28T22:22:14.756Z"}
{"level":"info","message":"      M: 74 pieces","timestamp":"2026-06-28T22:22:14.756Z"}
{"level":"info","message":"      L: 106 pieces","timestamp":"2026-06-28T22:22:14.756Z"}
{"level":"info","message":"      XL: 12 pieces","timestamp":"2026-06-28T22:22:14.757Z"}
{"level":"info","message":"      XXL: 16 pieces","timestamp":"2026-06-28T22:22:14.757Z"}
{"level":"info","message":"💾 Product saved to product-10471.json","timestamp":"2026-06-28T22:22:14.758Z"}
{"level":"info","message":"Browser closed","timestamp":"2026-06-28T22:22:14.910Z"}
{"level":"info","message":"📂 Loaded 7 mappings","timestamp":"2026-06-28T22:22:25.534Z"}
{"level":"info","message":"🛍️ Creating product in Shopify: LUMBERJACK POLO","timestamp":"2026-06-28T22:22:26.241Z"}
{"level":"info","message":"✅ Created product: LUMBERJACK POLO - LBJ69009-WHT (ID: 10285786464539)","timestamp":"2026-06-28T22:22:33.851Z"}
{"level":"info","message":"💾 Saved 8 mappings","timestamp":"2026-06-28T22:22:33.853Z"}
{"level":"info","message":"✅ Mapped Kimland 10471 → Shopify 10285786464539","timestamp":"2026-06-28T22:22:33.854Z"}
{"level":"info","message":"✅ Updated inventory: 79 units","timestamp":"2026-06-28T22:33:46.404Z"}
{"level":"info","message":"✅ Updated inventory: 75 units","timestamp":"2026-06-28T22:33:47.621Z"}
{"level":"info","message":"✅ Updated inventory: 24 units","timestamp":"2026-06-28T22:33:48.884Z"}
{"level":"info","message":"✅ Updated inventory: 90 units","timestamp":"2026-06-28T22:33:50.215Z"}
{"level":"info","message":"✅ Updated inventory: 103 units","timestamp":"2026-06-28T22:33:51.453Z"}
{"level":"info","message":"✅ Updated inventory: 168 units","timestamp":"2026-06-28T22:34:00.251Z"}
{"level":"info","message":"✅ Updated inventory: 166 units","timestamp":"2026-06-28T22:34:01.479Z"}
{"level":"info","message":"✅ Updated inventory: 72 units","timestamp":"2026-06-28T22:34:02.668Z"}
{"level":"info","message":"✅ Updated inventory: 172 units","timestamp":"2026-06-28T22:34:03.939Z"}
{"level":"info","message":"Browser initialized","timestamp":"2026-06-28T22:48:42.296Z"}
{"level":"info","message":"Logging in to Kimland (attempt 1)...","timestamp":"2026-06-28T22:48:42.303Z"}
{"level":"info","message":"✅ Email filled using selector: input[type=\"email\"]","timestamp":"2026-06-28T22:48:47.234Z"}
{"level":"info","message":"✅ Username filled using selector: input[name=\"username\"]","timestamp":"2026-06-28T22:48:47.275Z"}
{"level":"info","message":"✅ Password filled using selector: input[type=\"password\"]","timestamp":"2026-06-28T22:48:47.305Z"}
{"level":"info","message":"✅ Login clicked using selector: button[type=\"submit\"]","timestamp":"2026-06-28T22:48:47.413Z"}
{"level":"info","message":"Current URL after login: https://kimland.dz/app/client/index.php","timestamp":"2026-06-28T22:48:48.636Z"}
{"level":"info","message":"✅ Login successful!","timestamp":"2026-06-28T22:48:48.636Z"}
{"level":"info","message":"📋 Extracting product from: https://kimland.dz/product/2478/t-shirt-vert-china-logo-/","timestamp":"2026-06-28T22:48:48.639Z"}
{"level":"info","message":"✅ Extracted: T-shirt VERT *CHINA LOGO *","timestamp":"2026-06-28T22:48:55.517Z"}
{"level":"info","message":"   📸 Images: 5","timestamp":"2026-06-28T22:48:55.518Z"}
{"level":"info","message":"   💰 Selling Price: 1200 DA","timestamp":"2026-06-28T22:48:55.519Z"}
{"level":"info","message":"   💰 Cost Price: 950 DA","timestamp":"2026-06-28T22:48:55.519Z"}
{"level":"info","message":"   📏 Variant Type: Taille (taille)","timestamp":"2026-06-28T22:48:55.520Z"}
{"level":"info","message":"   📏 Variants: 1","timestamp":"2026-06-28T22:48:55.520Z"}
{"level":"info","message":"   📦 Total stock: 1","timestamp":"2026-06-28T22:48:55.521Z"}
{"level":"info","message":"   📏 Tailles:","timestamp":"2026-06-28T22:48:55.521Z"}
{"level":"info","message":"      S: 1 pieces","timestamp":"2026-06-28T22:48:55.522Z"}
{"level":"info","message":"💾 Product saved to product-2478.json","timestamp":"2026-06-28T22:48:55.536Z"}
{"level":"info","message":"Browser closed","timestamp":"2026-06-28T22:48:55.717Z"}
{"level":"info","message":"Browser initialized","timestamp":"2026-06-28T22:52:52.704Z"}
{"level":"info","message":"Logging in to Kimland (attempt 1)...","timestamp":"2026-06-28T22:52:52.705Z"}
{"level":"info","message":"✅ Email filled using selector: input[type=\"email\"]","timestamp":"2026-06-28T22:52:54.833Z"}
{"level":"info","message":"✅ Username filled using selector: input[name=\"username\"]","timestamp":"2026-06-28T22:52:54.857Z"}
{"level":"info","message":"✅ Password filled using selector: input[type=\"password\"]","timestamp":"2026-06-28T22:52:54.894Z"}
{"level":"info","message":"✅ Login clicked using selector: button[type=\"submit\"]","timestamp":"2026-06-28T22:52:54.974Z"}
{"level":"info","message":"Current URL after login: https://kimland.dz/app/client/index.php","timestamp":"2026-06-28T22:52:56.045Z"}
{"level":"info","message":"✅ Login successful!","timestamp":"2026-06-28T22:52:56.046Z"}
{"level":"info","message":"📋 Extracting product from: https://kimland.dz/product/2478/t-shirt-vert-china-logo-/","timestamp":"2026-06-28T22:52:56.046Z"}
{"level":"info","message":"✅ Extracted: T-shirt VERT *CHINA LOGO *","timestamp":"2026-06-28T22:53:02.861Z"}
{"level":"info","message":"   📸 Images: 5","timestamp":"2026-06-28T22:53:02.861Z"}
{"level":"info","message":"   💰 Selling Price: 1200 DA","timestamp":"2026-06-28T22:53:02.862Z"}
{"level":"info","message":"   💰 Cost Price: 950 DA","timestamp":"2026-06-28T22:53:02.862Z"}
{"level":"info","message":"   📏 Variant Type: Taille (taille)","timestamp":"2026-06-28T22:53:02.863Z"}
{"level":"info","message":"   📏 Variants: 1","timestamp":"2026-06-28T22:53:02.863Z"}
{"level":"info","message":"   📦 Total stock: 1","timestamp":"2026-06-28T22:53:02.864Z"}
{"level":"info","message":"   📏 Tailles:","timestamp":"2026-06-28T22:53:02.864Z"}
{"level":"info","message":"      S: 1 pieces","timestamp":"2026-06-28T22:53:02.865Z"}
{"level":"info","message":"💾 Product saved to product-2478.json","timestamp":"2026-06-28T22:53:02.867Z"}
{"level":"info","message":"Browser closed","timestamp":"2026-06-28T22:53:03.000Z"}
{"level":"info","message":"📂 Loaded 8 mappings","timestamp":"2026-06-28T22:55:12.361Z"}
{"level":"info","message":"🛍️ Creating product in Shopify: T-shirt VERT *CHINA LOGO *","timestamp":"2026-06-28T22:55:12.915Z"}
{"level":"info","message":"✅ Created product: T-shirt VERT *CHINA LOGO * - 5572 (ID: 10285795148059)","timestamp":"2026-06-28T22:55:20.641Z"}
{"level":"info","message":"💾 Saved 9 mappings","timestamp":"2026-06-28T22:55:20.643Z"}
{"level":"info","message":"✅ Mapped Kimland 2478 → Shopify 10285795148059","timestamp":"2026-06-28T22:55:20.644Z"}
{"level":"info","message":"Browser initialized","timestamp":"2026-06-30T11:47:10.186Z"}
{"level":"info","message":"Logging in to Kimland (attempt 1)...","timestamp":"2026-06-30T11:47:10.189Z"}
{"level":"info","message":"✅ Email filled using selector: input[type=\"email\"]","timestamp":"2026-06-30T11:47:14.771Z"}
{"level":"info","message":"✅ Username filled using selector: input[name=\"username\"]","timestamp":"2026-06-30T11:47:14.793Z"}
{"level":"info","message":"✅ Password filled using selector: input[type=\"password\"]","timestamp":"2026-06-30T11:47:14.810Z"}
{"level":"info","message":"✅ Login clicked using selector: button[type=\"submit\"]","timestamp":"2026-06-30T11:47:14.888Z"}
{"level":"info","message":"Current URL after login: https://kimland.dz/app/client/index.php","timestamp":"2026-06-30T11:47:15.722Z"}
{"level":"info","message":"✅ Login successful!","timestamp":"2026-06-30T11:47:15.723Z"}
{"level":"info","message":"📋 Extracting product from: https://kimland.dz/product/7882/adidas-adilette-aqua/","timestamp":"2026-06-30T11:47:15.725Z"}
{"level":"info","message":"✅ Extracted: ADIDAS ADILETTE AQUA","timestamp":"2026-06-30T11:47:22.260Z"}
{"level":"info","message":"   📸 Images: 8","timestamp":"2026-06-30T11:47:22.261Z"}
{"level":"info","message":"   💰 Selling Price: 4800 DA","timestamp":"2026-06-30T11:47:22.261Z"}
{"level":"info","message":"   💰 Cost Price: 3600 DA","timestamp":"2026-06-30T11:47:22.261Z"}
{"level":"info","message":"   📏 Variant Type: Pointure (pointure)","timestamp":"2026-06-30T11:47:22.261Z"}
{"level":"info","message":"   📏 Variants: 5","timestamp":"2026-06-30T11:47:22.261Z"}
{"level":"info","message":"   📦 Total stock: 13","timestamp":"2026-06-30T11:47:22.261Z"}
{"level":"info","message":"   📏 Pointures:","timestamp":"2026-06-30T11:47:22.262Z"}
{"level":"info","message":"      40.5: 2 pieces","timestamp":"2026-06-30T11:47:22.262Z"}
{"level":"info","message":"      42: 4 pieces","timestamp":"2026-06-30T11:47:22.262Z"}
{"level":"info","message":"      43: 4 pieces","timestamp":"2026-06-30T11:47:22.262Z"}
{"level":"info","message":"      44.5: 2 pieces","timestamp":"2026-06-30T11:47:22.262Z"}
{"level":"info","message":"      46: 1 pieces","timestamp":"2026-06-30T11:47:22.262Z"}
{"level":"info","message":"💾 Product saved to product-7882.json","timestamp":"2026-06-30T11:47:22.264Z"}
{"level":"info","message":"Browser closed","timestamp":"2026-06-30T11:47:22.362Z"}
{"level":"info","message":"✅ Updated inventory: 79 units","timestamp":"2026-07-01T01:18:08.607Z"}
{"level":"info","message":"✅ Updated inventory: 75 units","timestamp":"2026-07-01T01:18:09.709Z"}
{"level":"info","message":"✅ Updated inventory: 24 units","timestamp":"2026-07-01T01:18:10.985Z"}
{"level":"info","message":"✅ Updated inventory: 90 units","timestamp":"2026-07-01T01:18:12.218Z"}
{"level":"info","message":"✅ Updated inventory: 103 units","timestamp":"2026-07-01T01:18:13.319Z"}
{"level":"info","message":"✅ Updated inventory: 0 units","timestamp":"2026-07-01T01:29:34.402Z"}
{"level":"info","message":"✅ Updated inventory: 0 units","timestamp":"2026-07-01T01:29:35.546Z"}
{"level":"info","message":"✅ Updated inventory: 0 units","timestamp":"2026-07-01T01:29:36.754Z"}
{"level":"info","message":"✅ Updated inventory: 0 units","timestamp":"2026-07-01T01:29:37.949Z"}
{"level":"info","message":"✅ Updated inventory: 0 units","timestamp":"2026-07-01T01:29:39.196Z"}
{"level":"info","message":"✅ Updated inventory: 0 units","timestamp":"2026-07-01T01:29:40.407Z"}
{"level":"info","message":"✅ Updated inventory: 0 units","timestamp":"2026-07-01T01:29:59.541Z"}
{"level":"info","message":"✅ Updated inventory: 0 units","timestamp":"2026-07-01T01:30:00.653Z"}
{"level":"info","message":"✅ Updated inventory: 0 units","timestamp":"2026-07-01T01:30:01.774Z"}
{"level":"info","message":"✅ Updated inventory: 0 units","timestamp":"2026-07-01T01:30:03.002Z"}
{"level":"info","message":"✅ Updated inventory: 0 units","timestamp":"2026-07-01T01:30:04.116Z"}
{"level":"info","message":"✅ Updated inventory: 0 units","timestamp":"2026-07-01T01:30:05.282Z"}
{"level":"info","message":"Browser initialized","timestamp":"2026-07-01T06:08:08.095Z"}
{"level":"info","message":"Logging in to Kimland (attempt 1)...","timestamp":"2026-07-01T06:08:08.102Z"}
{"level":"info","message":"✅ Email filled using selector: input[type=\"email\"]","timestamp":"2026-07-01T06:08:13.055Z"}
{"level":"info","message":"✅ Username filled using selector: input[name=\"username\"]","timestamp":"2026-07-01T06:08:13.091Z"}
{"level":"info","message":"✅ Password filled using selector: input[type=\"password\"]","timestamp":"2026-07-01T06:08:13.124Z"}
{"level":"info","message":"✅ Login clicked using selector: button[type=\"submit\"]","timestamp":"2026-07-01T06:08:13.221Z"}
{"level":"info","message":"Current URL after login: https://kimland.dz/app/client/index.php","timestamp":"2026-07-01T06:08:14.197Z"}
{"level":"info","message":"✅ Login successful!","timestamp":"2026-07-01T06:08:14.198Z"}
{"level":"info","message":"📦 Fetching Shopify products to find matches...","timestamp":"2026-07-01T06:08:14.200Z"}
{"level":"info","message":"🛠️ Fixing 1/1: https://kimland.dz/product/11202/american-college-t-shirt-pour-homme/","timestamp":"2026-07-01T06:08:15.103Z"}
{"level":"info","message":"📋 Extracting product from: https://kimland.dz/product/11202/american-college-t-shirt-pour-homme/","timestamp":"2026-07-01T06:08:15.107Z"}
{"level":"info","message":"✅ Extracted: American College t-shirt pour Homme","timestamp":"2026-07-01T06:08:21.908Z"}
{"level":"info","message":"   📸 Images: 6","timestamp":"2026-07-01T06:08:21.909Z"}
{"level":"info","message":"   💰 Selling Price: 2900 DA","timestamp":"2026-07-01T06:08:21.910Z"}
{"level":"info","message":"   💰 Cost Price: 2106 DA","timestamp":"2026-07-01T06:08:21.910Z"}
{"level":"info","message":"   📏 Variant Type: Taille (taille)","timestamp":"2026-07-01T06:08:21.911Z"}
{"level":"info","message":"   📏 Variants: 0","timestamp":"2026-07-01T06:08:21.911Z"}
{"level":"info","message":"   📦 Total stock: 0","timestamp":"2026-07-01T06:08:21.912Z"}
{"level":"info","message":"💾 Product saved to product-11202.json","timestamp":"2026-07-01T06:08:21.913Z"}
{"errors":{"base":["could not update variants to []"]},"level":"error","message":"❌ Failed to update product 10287290646811:","timestamp":"2026-07-01T06:08:22.552Z"}
{"level":"error","message":"❌ Failed to fix https://kimland.dz/product/11202/american-college-t-shirt-pour-homme/: Request failed with status code 422","timestamp":"2026-07-01T06:08:22.553Z"}
{"level":"info","message":"Browser closed","timestamp":"2026-07-01T06:08:22.652Z"}
{"level":"info","message":"Browser initialized","timestamp":"2026-07-01T06:11:05.416Z"}
{"level":"info","message":"Logging in to Kimland (attempt 1)...","timestamp":"2026-07-01T06:11:05.425Z"}
{"level":"info","message":"✅ Email filled using selector: input[type=\"email\"]","timestamp":"2026-07-01T06:11:07.596Z"}
{"level":"info","message":"✅ Username filled using selector: input[name=\"username\"]","timestamp":"2026-07-01T06:11:07.629Z"}
{"level":"info","message":"✅ Password filled using selector: input[type=\"password\"]","timestamp":"2026-07-01T06:11:07.665Z"}
{"level":"info","message":"✅ Login clicked using selector: button[type=\"submit\"]","timestamp":"2026-07-01T06:11:07.754Z"}
{"level":"info","message":"Current URL after login: https://kimland.dz/app/client/index.php","timestamp":"2026-07-01T06:11:08.519Z"}
{"level":"info","message":"✅ Login successful!","timestamp":"2026-07-01T06:11:08.519Z"}
{"level":"info","message":"📦 Fetching Shopify products to find matches...","timestamp":"2026-07-01T06:11:08.520Z"}
{"level":"info","message":"🛠️ Fixing 1/1: https://kimland.dz/product/11202/american-college-t-shirt-pour-homme/","timestamp":"2026-07-01T06:11:09.417Z"}
{"level":"info","message":"📋 Extracting product from: https://kimland.dz/product/11202/american-college-t-shirt-pour-homme/","timestamp":"2026-07-01T06:11:09.418Z"}
{"level":"info","message":"✅ Extracted: American College t-shirt pour Homme","timestamp":"2026-07-01T06:11:15.744Z"}
{"level":"info","message":"   📸 Images: 6","timestamp":"2026-07-01T06:11:15.744Z"}
{"level":"info","message":"   💰 Selling Price: 2900 DA","timestamp":"2026-07-01T06:11:15.745Z"}
{"level":"info","message":"   💰 Cost Price: 2106 DA","timestamp":"2026-07-01T06:11:15.745Z"}
{"level":"info","message":"   📏 Variant Type: Taille (taille)","timestamp":"2026-07-01T06:11:15.745Z"}
{"level":"info","message":"   📏 Variants: 0","timestamp":"2026-07-01T06:11:15.745Z"}
{"level":"info","message":"   📦 Total stock: 0","timestamp":"2026-07-01T06:11:15.746Z"}
{"level":"info","message":"💾 Product saved to product-11202.json","timestamp":"2026-07-01T06:11:15.747Z"}
{"level":"warn","message":"⚠️ No variants provided for product 10287290646811, keeping existing variants","timestamp":"2026-07-01T06:11:15.749Z"}
{"level":"info","message":"✅ Keeping 3 existing variants","timestamp":"2026-07-01T06:11:16.036Z"}
{"level":"info","message":"✅ Updated product: American College t-shirt pour Homme - TS260103-BLAK/BORD","timestamp":"2026-07-01T06:11:25.318Z"}
{"level":"info","message":"Browser closed","timestamp":"2026-07-01T06:11:25.488Z"}
{"level":"info","message":"Browser initialized","timestamp":"2026-07-01T06:15:25.395Z"}
{"level":"info","message":"Logging in to Kimland...","timestamp":"2026-07-01T06:15:25.402Z"}
{"level":"info","message":"✅ Email filled","timestamp":"2026-07-01T06:15:28.740Z"}
{"level":"info","message":"✅ Username filled","timestamp":"2026-07-01T06:15:28.780Z"}
{"level":"info","message":"✅ Password filled","timestamp":"2026-07-01T06:15:28.806Z"}
{"level":"info","message":"Current URL after login: https://kimland.dz/app/client/index.php","timestamp":"2026-07-01T06:15:29.975Z"}
{"level":"info","message":"✅ Login successful!","timestamp":"2026-07-01T06:15:29.977Z"}
{"level":"info","message":"📦 Fetching Shopify products to find matches...","timestamp":"2026-07-01T06:15:29.978Z"}
{"level":"info","message":"🛠️ Fixing 1/1: https://kimland.dz/product/11202/american-college-t-shirt-pour-homme/","timestamp":"2026-07-01T06:15:30.820Z"}
{"level":"info","message":"📋 Extracting from: https://kimland.dz/product/11202/american-college-t-shirt-pour-homme/","timestamp":"2026-07-01T06:15:30.823Z"}
{"level":"info","message":"📋 Extracted reference: TS260103-BLAK/BORD","timestamp":"2026-07-01T06:15:35.646Z"}
{"level":"info","message":"✅ Extracted: American College t-shirt pour Homme","timestamp":"2026-07-01T06:15:35.647Z"}
{"level":"info","message":"   📋 Reference: TS260103-BLAK/BORD","timestamp":"2026-07-01T06:15:35.647Z"}
{"level":"info","message":"   💰 Price: 2900 DA","timestamp":"2026-07-01T06:15:35.648Z"}
{"level":"info","message":"   📦 Stock: 34","timestamp":"2026-07-01T06:15:35.648Z"}
{"level":"info","message":"   📏 Variants: 4","timestamp":"2026-07-01T06:15:35.648Z"}
{"level":"info","message":"💾 Saved to product-11202.json","timestamp":"2026-07-01T06:15:35.650Z"}
{"level":"info","message":"✅ Updated product: American College t-shirt pour Homme - TS260103-BLAK/BORD","timestamp":"2026-07-01T06:15:37.085Z"}
{"level":"info","message":"Browser closed","timestamp":"2026-07-01T06:15:37.210Z"}
{"level":"info","message":"✅ Updated inventory: 7 units","timestamp":"2026-07-01T06:20:21.597Z"}
{"level":"info","message":"✅ Updated inventory: 7 units","timestamp":"2026-07-01T06:20:22.923Z"}
{"level":"info","message":"✅ Updated inventory: 7 units","timestamp":"2026-07-01T06:20:24.255Z"}
{"level":"info","message":"✅ Updated inventory: 7 units","timestamp":"2026-07-01T06:20:25.585Z"}
{"level":"info","message":"✅ Updated inventory: 7 units","timestamp":"2026-07-01T06:20:57.230Z"}
{"level":"info","message":"✅ Updated inventory: 18 units","timestamp":"2026-07-01T06:20:58.459Z"}
{"level":"info","message":"✅ Updated inventory: 2 units","timestamp":"2026-07-01T06:20:59.788Z"}
{"level":"info","message":"✅ Updated inventory: 222 units","timestamp":"2026-07-01T06:21:01.066Z"}
{"level":"info","message":"Browser initialized","timestamp":"2026-07-01T06:29:56.697Z"}
{"level":"info","message":"Logging in to Kimland...","timestamp":"2026-07-01T06:29:56.706Z"}
{"level":"info","message":"✅ Email filled","timestamp":"2026-07-01T06:30:01.845Z"}
{"level":"info","message":"✅ Username filled","timestamp":"2026-07-01T06:30:01.885Z"}
{"level":"info","message":"✅ Password filled","timestamp":"2026-07-01T06:30:01.924Z"}
{"level":"info","message":"Current URL after login: https://kimland.dz/app/client/index.php","timestamp":"2026-07-01T06:30:03.039Z"}
{"level":"info","message":"✅ Login successful!","timestamp":"2026-07-01T06:30:03.041Z"}
{"level":"info","message":"📦 Fetching Shopify products to find matches...","timestamp":"2026-07-01T06:30:03.042Z"}
{"level":"info","message":"🛠️ Fixing 1/1: https://kimland.dz/product/11202/american-college-t-shirt-pour-homme/","timestamp":"2026-07-01T06:30:04.121Z"}
{"level":"info","message":"📋 Extracting from: https://kimland.dz/product/11202/american-college-t-shirt-pour-homme/","timestamp":"2026-07-01T06:30:04.124Z"}
{"level":"error","message":"❌ Failed to extract product:","timestamp":"2026-07-01T06:30:04.125Z"}
{"level":"error","message":"❌ Failed to fix https://kimland.dz/product/11202/american-college-t-shirt-pour-homme/: waitUntil: expected one of (load|domcontentloaded|networkidle|commit)","timestamp":"2026-07-01T06:30:04.357Z"}
{"level":"info","message":"Browser closed","timestamp":"2026-07-01T06:30:04.488Z"}
{"level":"error","message":"❌ Failed to get product 10287290646811:","timestamp":"2026-07-01T06:31:14.098Z"}
{"level":"info","message":"✅ Updated inventory: 20 units","timestamp":"2026-07-01T06:31:59.528Z"}
{"level":"info","message":"✅ Updated inventory: 20 units","timestamp":"2026-07-01T06:32:00.815Z"}
{"level":"info","message":"✅ Updated inventory: 20 units","timestamp":"2026-07-01T06:32:02.019Z"}
{"level":"info","message":"✅ Updated inventory: 20 units","timestamp":"2026-07-01T06:32:03.453Z"}
{"level":"info","message":"✅ Updated inventory: 20 units","timestamp":"2026-07-01T06:32:04.682Z"}
{"level":"info","message":"✅ Updated inventory: 20 units","timestamp":"2026-07-01T06:35:43.925Z"}
{"level":"info","message":"✅ Updated inventory: 17 units","timestamp":"2026-07-01T06:35:45.050Z"}
{"level":"info","message":"✅ Updated inventory: 17 units","timestamp":"2026-07-01T06:35:46.211Z"}
{"level":"info","message":"✅ Updated inventory: 9 units","timestamp":"2026-07-01T06:35:47.495Z"}
{"level":"info","message":"✅ Updated inventory: 8 units","timestamp":"2026-07-01T06:35:48.726Z"}
{"level":"info","message":"✅ Updated inventory: 0 units","timestamp":"2026-07-01T06:36:08.068Z"}
{"level":"info","message":"✅ Updated inventory: 0 units","timestamp":"2026-07-01T06:36:09.319Z"}
{"level":"info","message":"✅ Updated inventory: 0 units","timestamp":"2026-07-01T06:36:10.669Z"}
{"level":"info","message":"✅ Updated inventory: 0 units","timestamp":"2026-07-01T06:36:11.776Z"}
{"level":"info","message":"✅ Updated inventory: 0 units","timestamp":"2026-07-01T06:36:13.005Z"}
{"level":"info","message":"✅ Updated inventory: 0 units","timestamp":"2026-07-01T06:36:14.212Z"}
{"level":"info","message":"✅ Updated inventory: 20 units","timestamp":"2026-07-01T06:40:43.861Z"}
{"level":"info","message":"✅ Updated inventory: 17 units","timestamp":"2026-07-01T06:40:44.952Z"}
{"level":"info","message":"✅ Updated inventory: 17 units","timestamp":"2026-07-01T06:40:46.106Z"}
{"level":"info","message":"✅ Updated inventory: 9 units","timestamp":"2026-07-01T06:40:47.182Z"}
{"level":"info","message":"✅ Updated inventory: 8 units","timestamp":"2026-07-01T06:40:48.270Z"}
{"level":"info","message":"✅ Updated inventory: 0 units","timestamp":"2026-07-01T06:40:59.217Z"}
{"level":"info","message":"✅ Updated inventory: 0 units","timestamp":"2026-07-01T06:41:00.306Z"}
{"level":"info","message":"✅ Updated inventory: 0 units","timestamp":"2026-07-01T06:41:01.422Z"}
{"level":"info","message":"✅ Updated inventory: 0 units","timestamp":"2026-07-01T06:41:02.525Z"}
{"level":"info","message":"✅ Updated inventory: 0 units","timestamp":"2026-07-01T06:41:03.609Z"}
{"level":"info","message":"✅ Updated inventory: 0 units","timestamp":"2026-07-01T06:41:04.699Z"}
{"level":"info","message":"✅ Updated inventory: 0 units","timestamp":"2026-07-01T06:43:58.939Z"}
{"level":"info","message":"✅ Updated inventory: 0 units","timestamp":"2026-07-01T06:44:00.058Z"}
{"level":"info","message":"✅ Updated inventory: 0 units","timestamp":"2026-07-01T06:44:01.156Z"}
{"level":"info","message":"✅ Updated inventory: 0 units","timestamp":"2026-07-01T06:44:02.243Z"}
{"level":"info","message":"✅ Updated inventory: 0 units","timestamp":"2026-07-01T06:44:03.326Z"}
{"level":"info","message":"✅ Updated inventory: 0 units","timestamp":"2026-07-01T06:44:04.442Z"}
{"level":"info","message":"✅ Updated inventory: 0 units","timestamp":"2026-07-01T06:51:10.999Z"}
{"level":"info","message":"✅ Updated inventory: 0 units","timestamp":"2026-07-01T06:51:12.178Z"}
{"level":"info","message":"✅ Updated inventory: 0 units","timestamp":"2026-07-01T06:51:13.285Z"}
{"level":"info","message":"✅ Updated inventory: 0 units","timestamp":"2026-07-01T06:51:14.374Z"}
{"level":"info","message":"✅ Updated inventory: 0 units","timestamp":"2026-07-01T06:51:15.454Z"}
{"level":"info","message":"✅ Updated inventory: 0 units","timestamp":"2026-07-01T06:51:16.541Z"}
{"level":"info","message":"✅ Updated inventory: 0 units","timestamp":"2026-07-01T06:58:06.010Z"}
{"level":"info","message":"✅ Updated inventory: 0 units","timestamp":"2026-07-01T06:58:07.119Z"}
{"level":"info","message":"✅ Updated inventory: 0 units","timestamp":"2026-07-01T06:58:20.487Z"}
{"level":"info","message":"✅ Updated inventory: 0 units","timestamp":"2026-07-01T06:58:21.559Z"}
{"level":"info","message":"✅ Updated inventory: 0 units","timestamp":"2026-07-01T06:58:22.628Z"}
{"level":"info","message":"✅ Updated inventory: 0 units","timestamp":"2026-07-01T06:58:23.716Z"}
{"level":"info","message":"✅ Updated inventory: 0 units","timestamp":"2026-07-01T06:58:24.905Z"}
{"level":"info","message":"✅ Updated inventory: 0 units","timestamp":"2026-07-01T06:58:26.146Z"}
{"level":"info","message":"\\n🔍 [SYNC-BY-ID START] Sync inventory by ID","timestamp":"2026-07-01T06:59:33.154Z"}
{"level":"info","message":"   productId: 10247418413339","timestamp":"2026-07-01T06:59:33.159Z"}
{"level":"info","message":"   product title: UMBRO POLO. UAA241M011-001","timestamp":"2026-07-01T06:59:33.160Z"}
{"level":"info","message":"\\n🔍 [SYNC-BY-ID] Full product object received:","timestamp":"2026-07-01T06:59:33.161Z"}
{"level":"info","message":"{\n  \"kimlandId\": \"10247418413339\",\n  \"shopifyId\": \"10247418413339\",\n  \"title\": \"UMBRO POLO. UAA241M011-001\",\n  \"reference\": \"UAA241M011-001\",\n  \"price\": 3900,\n  \"costPrice\": 0,\n  \"images\": [\n    \"https://cdn.shopify.com/s/files/1/1026/9546/9339/files/0A0E7CD0-0685-4269-AED9-54CD3E23F9E2.jpg?v=1779838621\",\n    \"https://cdn.shopify.com/s/files/1/1026/9546/9339/files/080750F6-39D8-4B53-9043-530A91691CB5.jpg?v=1779838622\",\n    \"https://cdn.shopify.com/s/files/1/1026/9546/9339/files/FC9B91CF-F7C2-45C8-9E0C-332DB74DBD6B.jpg?v=1779838621\",\n    \"https://cdn.shopify.com/s/files/1/1026/9546/9339/files/317B1A8F-85E3-4769-B61F-0EF5BC8E09F2.jpg?v=1779838621\"\n  ],\n  \"variants\": [\n    {\n      \"value\": \"xs\",\n      \"quantity\": 0\n    },\n    {\n      \"value\": \"s\",\n      \"quantity\": 0\n    },\n    {\n      \"value\": \"m\",\n      \"quantity\": 0\n    },\n    {\n      \"value\": \"l\",\n      \"quantity\": 0\n    },\n    {\n      \"value\": \"xl\",\n      \"quantity\": 0\n    },\n    {\n      \"value\": \"xxl\",\n      \"quantity\": 0\n    }\n  ],\n  \"sizes\": [\n    {\n      \"value\": \"xs\",\n      \"quantity\": 0\n    },\n    {\n      \"value\": \"s\",\n      \"quantity\": 0\n    },\n    {\n      \"value\": \"m\",\n      \"quantity\": 0\n    },\n    {\n      \"value\": \"l\",\n      \"quantity\": 0\n    },\n    {\n      \"value\": \"xl\",\n      \"quantity\": 0\n    },\n    {\n      \"value\": \"xxl\",\n      \"quantity\": 0\n    }\n  ],\n  \"totalStock\": 0,\n  \"uploaded\": true,\n  \"_isNew\": false,\n  \"createdAt\": \"2026-05-27T00:36:58+01:00\"\n}","timestamp":"2026-07-01T06:59:33.161Z"}
{"level":"info","message":"\\n🔍 [SYNC-BY-ID] Fetching product from Shopify: 10247418413339","timestamp":"2026-07-01T06:59:33.162Z"}
{"level":"info","message":"✅ Found product in Shopify: UMBRO POLO. UAA241M011-001","timestamp":"2026-07-01T06:59:33.552Z"}
{"level":"info","message":"✅ Product is up to date, no repair needed.","timestamp":"2026-07-01T06:59:33.553Z"}
{"level":"info","message":"\\n🔍 [SYNC-BY-ID] Inventory sync starting","timestamp":"2026-07-01T06:59:33.553Z"}
{"level":"info","message":"📏 Shopify variants: 6","timestamp":"2026-07-01T06:59:33.554Z"}
{"level":"info","message":"📏 Kimland variants: 6","timestamp":"2026-07-01T06:59:33.554Z"}
{"level":"info","message":"\\n🔍 [SYNC-BY-ID] Kimland variants details:","timestamp":"2026-07-01T06:59:33.554Z"}
{"level":"info","message":"  Kimland[0]: value=\"xs\" quantity=0 sku=\"\" cost=undefined","timestamp":"2026-07-01T06:59:33.555Z"}
{"level":"info","message":"  Kimland[1]: value=\"s\" quantity=0 sku=\"\" cost=undefined","timestamp":"2026-07-01T06:59:33.555Z"}
{"level":"info","message":"  Kimland[2]: value=\"m\" quantity=0 sku=\"\" cost=undefined","timestamp":"2026-07-01T06:59:33.555Z"}
{"level":"info","message":"  Kimland[3]: value=\"l\" quantity=0 sku=\"\" cost=undefined","timestamp":"2026-07-01T06:59:33.555Z"}
{"level":"info","message":"  Kimland[4]: value=\"xl\" quantity=0 sku=\"\" cost=undefined","timestamp":"2026-07-01T06:59:33.555Z"}
{"level":"info","message":"  Kimland[5]: value=\"xxl\" quantity=0 sku=\"\" cost=undefined","timestamp":"2026-07-01T06:59:33.555Z"}
{"level":"info","message":"\\n🔄 [SYNC-BY-ID] Starting variant matching and inventory update...","timestamp":"2026-07-01T06:59:33.555Z"}
{"level":"info","message":"\\n🔍 [SYNC-BY-ID] Starting variant matching loop:","timestamp":"2026-07-01T06:59:33.556Z"}
{"current_inventory":0,"level":"info","message":"\\n  📍 Processing Shopify variant[0]:","option1":"xs","sku":"UAA241M011-001","timestamp":"2026-07-01T06:59:33.556Z"}
{"level":"info","message":"    🔍 Trying SKU match: \"UAA241M011-001\"","timestamp":"2026-07-01T06:59:33.556Z"}
{"level":"info","message":"    🔍 Trying option/value match: \"XS\"","timestamp":"2026-07-01T06:59:33.556Z"}
{"level":"info","message":"    ✅ Option matched with kimland variant: xs (qty=0)","timestamp":"2026-07-01T06:59:33.557Z"}
{"level":"info","message":"    📦 Updating Shopify variant[0] \"xs\" → 0 units","timestamp":"2026-07-01T06:59:33.558Z"}
{"level":"info","message":"✅ Updated inventory: 0 units","timestamp":"2026-07-01T06:59:34.329Z"}
{"current_inventory":0,"level":"info","message":"\\n  📍 Processing Shopify variant[1]:","option1":"s","sku":"UAA241M011-001-2","timestamp":"2026-07-01T06:59:34.634Z"}
{"level":"info","message":"    🔍 Trying SKU match: \"UAA241M011-001-2\"","timestamp":"2026-07-01T06:59:34.634Z"}
{"level":"info","message":"    🔍 Trying option/value match: \"S\"","timestamp":"2026-07-01T06:59:34.634Z"}
{"level":"info","message":"    ✅ Option matched with kimland variant: s (qty=0)","timestamp":"2026-07-01T06:59:34.634Z"}
{"level":"info","message":"    📦 Updating Shopify variant[1] \"s\" → 0 units","timestamp":"2026-07-01T06:59:34.635Z"}
{"level":"info","message":"✅ Updated inventory: 0 units","timestamp":"2026-07-01T06:59:35.436Z"}
{"current_inventory":0,"level":"info","message":"\\n  📍 Processing Shopify variant[2]:","option1":"m","sku":"UAA241M011-001-3","timestamp":"2026-07-01T06:59:35.749Z"}
{"level":"info","message":"    🔍 Trying SKU match: \"UAA241M011-001-3\"","timestamp":"2026-07-01T06:59:35.750Z"}
{"level":"info","message":"    🔍 Trying option/value match: \"M\"","timestamp":"2026-07-01T06:59:35.750Z"}
{"level":"info","message":"    ✅ Option matched with kimland variant: m (qty=0)","timestamp":"2026-07-01T06:59:35.751Z"}
{"level":"info","message":"    📦 Updating Shopify variant[2] \"m\" → 0 units","timestamp":"2026-07-01T06:59:35.751Z"}
{"level":"info","message":"✅ Updated inventory: 0 units","timestamp":"2026-07-01T06:59:36.750Z"}
{"current_inventory":0,"level":"info","message":"\\n  📍 Processing Shopify variant[3]:","option1":"l","sku":"UAA241M011-001-4","timestamp":"2026-07-01T06:59:37.051Z"}
{"level":"info","message":"    🔍 Trying SKU match: \"UAA241M011-001-4\"","timestamp":"2026-07-01T06:59:37.051Z"}
{"level":"info","message":"    🔍 Trying option/value match: \"L\"","timestamp":"2026-07-01T06:59:37.051Z"}
{"level":"info","message":"    ✅ Option matched with kimland variant: l (qty=0)","timestamp":"2026-07-01T06:59:37.051Z"}
{"level":"info","message":"    📦 Updating Shopify variant[3] \"l\" → 0 units","timestamp":"2026-07-01T06:59:37.051Z"}
{"level":"info","message":"✅ Updated inventory: 0 units","timestamp":"2026-07-01T06:59:37.824Z"}
{"current_inventory":0,"level":"info","message":"\\n  📍 Processing Shopify variant[4]:","option1":"xl","sku":"UAA241M011-001-5","timestamp":"2026-07-01T06:59:38.127Z"}
{"level":"info","message":"    🔍 Trying SKU match: \"UAA241M011-001-5\"","timestamp":"2026-07-01T06:59:38.128Z"}
{"level":"info","message":"    🔍 Trying option/value match: \"XL\"","timestamp":"2026-07-01T06:59:38.128Z"}
{"level":"info","message":"    ✅ Option matched with kimland variant: xl (qty=0)","timestamp":"2026-07-01T06:59:38.128Z"}
{"level":"info","message":"    📦 Updating Shopify variant[4] \"xl\" → 0 units","timestamp":"2026-07-01T06:59:38.128Z"}
{"level":"info","message":"✅ Updated inventory: 0 units","timestamp":"2026-07-01T06:59:38.894Z"}
{"current_inventory":0,"level":"info","message":"\\n  📍 Processing Shopify variant[5]:","option1":"xxl","sku":"UAA241M011-001-6","timestamp":"2026-07-01T06:59:39.197Z"}
{"level":"info","message":"    🔍 Trying SKU match: \"UAA241M011-001-6\"","timestamp":"2026-07-01T06:59:39.198Z"}
{"level":"info","message":"    🔍 Trying option/value match: \"XXL\"","timestamp":"2026-07-01T06:59:39.198Z"}
{"level":"info","message":"    ✅ Option matched with kimland variant: xxl (qty=0)","timestamp":"2026-07-01T06:59:39.198Z"}
{"level":"info","message":"    📦 Updating Shopify variant[5] \"xxl\" → 0 units","timestamp":"2026-07-01T06:59:39.198Z"}
{"level":"info","message":"✅ Updated inventory: 0 units","timestamp":"2026-07-01T06:59:39.969Z"}
{"level":"info","message":"\\n✅ [SYNC-BY-ID COMPLETE] Sync complete! Updated 6/6 variants","timestamp":"2026-07-01T06:59:40.278Z"}
{"level":"info","message":"   📊 Total stock from Kimland: 0","timestamp":"2026-07-01T06:59:40.278Z"}
{"level":"info","message":"\\n🔍 [SYNC-BY-ID START] Sync inventory by ID","timestamp":"2026-07-01T06:59:53.914Z"}
{"level":"info","message":"   productId: 10247418413339","timestamp":"2026-07-01T06:59:53.920Z"}
{"level":"info","message":"   product title: UMBRO POLO. UAA241M011-001","timestamp":"2026-07-01T06:59:53.920Z"}
{"level":"info","message":"\\n🔍 [SYNC-BY-ID] Full product object received:","timestamp":"2026-07-01T06:59:53.921Z"}
{"level":"info","message":"{\n  \"kimlandId\": \"10247418413339\",\n  \"shopifyId\": \"10247418413339\",\n  \"title\": \"UMBRO POLO. UAA241M011-001\",\n  \"reference\": \"UAA241M011-001\",\n  \"price\": 3900,\n  \"costPrice\": 0,\n  \"images\": [\n    \"https://cdn.shopify.com/s/files/1/1026/9546/9339/files/0A0E7CD0-0685-4269-AED9-54CD3E23F9E2.jpg?v=1779838621\",\n    \"https://cdn.shopify.com/s/files/1/1026/9546/9339/files/080750F6-39D8-4B53-9043-530A91691CB5.jpg?v=1779838622\",\n    \"https://cdn.shopify.com/s/files/1/1026/9546/9339/files/FC9B91CF-F7C2-45C8-9E0C-332DB74DBD6B.jpg?v=1779838621\",\n    \"https://cdn.shopify.com/s/files/1/1026/9546/9339/files/317B1A8F-85E3-4769-B61F-0EF5BC8E09F2.jpg?v=1779838621\"\n  ],\n  \"variants\": [\n    {\n      \"value\": \"xs\",\n      \"quantity\": 0\n    },\n    {\n      \"value\": \"s\",\n      \"quantity\": 0\n    },\n    {\n      \"value\": \"m\",\n      \"quantity\": 0\n    },\n    {\n      \"value\": \"l\",\n      \"quantity\": 0\n    },\n    {\n      \"value\": \"xl\",\n      \"quantity\": 0\n    },\n    {\n      \"value\": \"xxl\",\n      \"quantity\": 0\n    }\n  ],\n  \"sizes\": [\n    {\n      \"value\": \"xs\",\n      \"quantity\": 0\n    },\n    {\n      \"value\": \"s\",\n      \"quantity\": 0\n    },\n    {\n      \"value\": \"m\",\n      \"quantity\": 0\n    },\n    {\n      \"value\": \"l\",\n      \"quantity\": 0\n    },\n    {\n      \"value\": \"xl\",\n      \"quantity\": 0\n    },\n    {\n      \"value\": \"xxl\",\n      \"quantity\": 0\n    }\n  ],\n  \"totalStock\": 0,\n  \"uploaded\": true,\n  \"_isNew\": false,\n  \"createdAt\": \"2026-05-27T00:36:58+01:00\"\n}","timestamp":"2026-07-01T06:59:53.921Z"}
{"level":"info","message":"\\n🔍 [SYNC-BY-ID] Fetching product from Shopify: 10247418413339","timestamp":"2026-07-01T06:59:53.927Z"}
{"level":"info","message":"✅ Found product in Shopify: UMBRO POLO. UAA241M011-001","timestamp":"2026-07-01T06:59:54.322Z"}
{"level":"info","message":"✅ Product is up to date, no repair needed.","timestamp":"2026-07-01T06:59:54.323Z"}
{"level":"info","message":"\\n🔍 [SYNC-BY-ID] Inventory sync starting","timestamp":"2026-07-01T06:59:54.324Z"}
{"level":"info","message":"📏 Shopify variants: 6","timestamp":"2026-07-01T06:59:54.325Z"}
{"level":"info","message":"📏 Kimland variants: 6","timestamp":"2026-07-01T06:59:54.326Z"}
{"level":"info","message":"\\n🔍 [SYNC-BY-ID] Kimland variants details:","timestamp":"2026-07-01T06:59:54.326Z"}
{"level":"info","message":"  Kimland[0]: value=\"xs\" quantity=0 sku=\"\" cost=undefined","timestamp":"2026-07-01T06:59:54.326Z"}
{"level":"info","message":"  Kimland[1]: value=\"s\" quantity=0 sku=\"\" cost=undefined","timestamp":"2026-07-01T06:59:54.327Z"}
{"level":"info","message":"  Kimland[2]: value=\"m\" quantity=0 sku=\"\" cost=undefined","timestamp":"2026-07-01T06:59:54.327Z"}
{"level":"info","message":"  Kimland[3]: value=\"l\" quantity=0 sku=\"\" cost=undefined","timestamp":"2026-07-01T06:59:54.327Z"}
{"level":"info","message":"  Kimland[4]: value=\"xl\" quantity=0 sku=\"\" cost=undefined","timestamp":"2026-07-01T06:59:54.328Z"}
{"level":"info","message":"  Kimland[5]: value=\"xxl\" quantity=0 sku=\"\" cost=undefined","timestamp":"2026-07-01T06:59:54.328Z"}
{"level":"info","message":"\\n🔄 [SYNC-BY-ID] Starting variant matching and inventory update...","timestamp":"2026-07-01T06:59:54.328Z"}
{"level":"info","message":"\\n🔍 [SYNC-BY-ID] Starting variant matching loop:","timestamp":"2026-07-01T06:59:54.328Z"}
{"current_inventory":0,"level":"info","message":"\\n  📍 Processing Shopify variant[0]:","option1":"xs","sku":"UAA241M011-001","timestamp":"2026-07-01T06:59:54.329Z"}
{"level":"info","message":"    🔍 Trying SKU match: \"UAA241M011-001\"","timestamp":"2026-07-01T06:59:54.330Z"}
{"level":"info","message":"    🔍 Trying option/value match: \"XS\"","timestamp":"2026-07-01T06:59:54.330Z"}
{"level":"info","message":"    ✅ Option matched with kimland variant: xs (qty=0)","timestamp":"2026-07-01T06:59:54.330Z"}
{"level":"info","message":"    📦 Updating Shopify variant[0] \"xs\" → 0 units","timestamp":"2026-07-01T06:59:54.331Z"}
{"level":"info","message":"✅ Updated inventory: 0 units","timestamp":"2026-07-01T06:59:55.171Z"}
{"current_inventory":0,"level":"info","message":"\\n  📍 Processing Shopify variant[1]:","option1":"s","sku":"UAA241M011-001-2","timestamp":"2026-07-01T06:59:55.486Z"}
{"level":"info","message":"    🔍 Trying SKU match: \"UAA241M011-001-2\"","timestamp":"2026-07-01T06:59:55.487Z"}
{"level":"info","message":"    🔍 Trying option/value match: \"S\"","timestamp":"2026-07-01T06:59:55.487Z"}
{"level":"info","message":"    ✅ Option matched with kimland variant: s (qty=0)","timestamp":"2026-07-01T06:59:55.487Z"}
{"level":"info","message":"    📦 Updating Shopify variant[1] \"s\" → 0 units","timestamp":"2026-07-01T06:59:55.488Z"}
{"level":"info","message":"✅ Updated inventory: 0 units","timestamp":"2026-07-01T06:59:56.278Z"}
{"current_inventory":0,"level":"info","message":"\\n  📍 Processing Shopify variant[2]:","option1":"m","sku":"UAA241M011-001-3","timestamp":"2026-07-01T06:59:56.585Z"}
{"level":"info","message":"    🔍 Trying SKU match: \"UAA241M011-001-3\"","timestamp":"2026-07-01T06:59:56.585Z"}
{"level":"info","message":"    🔍 Trying option/value match: \"M\"","timestamp":"2026-07-01T06:59:56.585Z"}
{"level":"info","message":"    ✅ Option matched with kimland variant: m (qty=0)","timestamp":"2026-07-01T06:59:56.586Z"}
{"level":"info","message":"    📦 Updating Shopify variant[2] \"m\" → 0 units","timestamp":"2026-07-01T06:59:56.586Z"}
{"level":"info","message":"✅ Updated inventory: 0 units","timestamp":"2026-07-01T06:59:57.386Z"}
{"current_inventory":0,"level":"info","message":"\\n  📍 Processing Shopify variant[3]:","option1":"l","sku":"UAA241M011-001-4","timestamp":"2026-07-01T06:59:57.695Z"}
{"level":"info","message":"    🔍 Trying SKU match: \"UAA241M011-001-4\"","timestamp":"2026-07-01T06:59:57.696Z"}
{"level":"info","message":"    🔍 Trying option/value match: \"L\"","timestamp":"2026-07-01T06:59:57.696Z"}
{"level":"info","message":"    ✅ Option matched with kimland variant: l (qty=0)","timestamp":"2026-07-01T06:59:57.696Z"}
{"level":"info","message":"    📦 Updating Shopify variant[3] \"l\" → 0 units","timestamp":"2026-07-01T06:59:57.697Z"}
{"level":"info","message":"\\n🔍 [SYNC-BY-ID START] Sync inventory by ID","timestamp":"2026-07-01T07:00:08.168Z"}
{"level":"info","message":"   productId: 10247418413339","timestamp":"2026-07-01T07:00:08.171Z"}
{"level":"info","message":"   product title: UMBRO POLO. UAA241M011-001","timestamp":"2026-07-01T07:00:08.172Z"}
{"level":"info","message":"\\n🔍 [SYNC-BY-ID] Full product object received:","timestamp":"2026-07-01T07:00:08.173Z"}
{"level":"info","message":"{\n  \"kimlandId\": \"10247418413339\",\n  \"shopifyId\": \"10247418413339\",\n  \"title\": \"UMBRO POLO. UAA241M011-001\",\n  \"reference\": \"UAA241M011-001\",\n  \"price\": 3900,\n  \"costPrice\": 0,\n  \"images\": [\n    \"https://cdn.shopify.com/s/files/1/1026/9546/9339/files/0A0E7CD0-0685-4269-AED9-54CD3E23F9E2.jpg?v=1779838621\",\n    \"https://cdn.shopify.com/s/files/1/1026/9546/9339/files/080750F6-39D8-4B53-9043-530A91691CB5.jpg?v=1779838622\",\n    \"https://cdn.shopify.com/s/files/1/1026/9546/9339/files/FC9B91CF-F7C2-45C8-9E0C-332DB74DBD6B.jpg?v=1779838621\",\n    \"https://cdn.shopify.com/s/files/1/1026/9546/9339/files/317B1A8F-85E3-4769-B61F-0EF5BC8E09F2.jpg?v=1779838621\"\n  ],\n  \"variants\": [\n    {\n      \"value\": \"xs\",\n      \"quantity\": 0\n    },\n    {\n      \"value\": \"s\",\n      \"quantity\": 0\n    },\n    {\n      \"value\": \"m\",\n      \"quantity\": 0\n    },\n    {\n      \"value\": \"l\",\n      \"quantity\": 0\n    },\n    {\n      \"value\": \"xl\",\n      \"quantity\": 0\n    },\n    {\n      \"value\": \"xxl\",\n      \"quantity\": 0\n    }\n  ],\n  \"sizes\": [\n    {\n      \"value\": \"xs\",\n      \"quantity\": 0\n    },\n    {\n      \"value\": \"s\",\n      \"quantity\": 0\n    },\n    {\n      \"value\": \"m\",\n      \"quantity\": 0\n    },\n    {\n      \"value\": \"l\",\n      \"quantity\": 0\n    },\n    {\n      \"value\": \"xl\",\n      \"quantity\": 0\n    },\n    {\n      \"value\": \"xxl\",\n      \"quantity\": 0\n    }\n  ],\n  \"totalStock\": 0,\n  \"uploaded\": true,\n  \"_isNew\": false,\n  \"createdAt\": \"2026-05-27T00:36:58+01:00\"\n}","timestamp":"2026-07-01T07:00:08.173Z"}
{"level":"info","message":"\\n🔍 [SYNC-BY-ID] Fetching product from Shopify: 10247418413339","timestamp":"2026-07-01T07:00:08.174Z"}
{"level":"info","message":"✅ Found product in Shopify: UMBRO POLO. UAA241M011-001","timestamp":"2026-07-01T07:00:08.538Z"}
{"level":"info","message":"✅ Product is up to date, no repair needed.","timestamp":"2026-07-01T07:00:08.539Z"}
{"level":"info","message":"\\n🔍 [SYNC-BY-ID] Inventory sync starting","timestamp":"2026-07-01T07:00:08.540Z"}
{"level":"info","message":"📏 Shopify variants: 6","timestamp":"2026-07-01T07:00:08.540Z"}
{"level":"info","message":"📏 Kimland variants: 6","timestamp":"2026-07-01T07:00:08.546Z"}
{"level":"info","message":"\\n🔍 [SYNC-BY-ID] Kimland variants details:","timestamp":"2026-07-01T07:00:08.547Z"}
{"level":"info","message":"  Kimland[0]: value=\"xs\" quantity=0 sku=\"\" cost=undefined","timestamp":"2026-07-01T07:00:08.551Z"}
{"level":"info","message":"  Kimland[1]: value=\"s\" quantity=0 sku=\"\" cost=undefined","timestamp":"2026-07-01T07:00:08.551Z"}
{"level":"info","message":"  Kimland[2]: value=\"m\" quantity=0 sku=\"\" cost=undefined","timestamp":"2026-07-01T07:00:08.551Z"}
{"level":"info","message":"  Kimland[3]: value=\"l\" quantity=0 sku=\"\" cost=undefined","timestamp":"2026-07-01T07:00:08.551Z"}
{"level":"info","message":"  Kimland[4]: value=\"xl\" quantity=0 sku=\"\" cost=undefined","timestamp":"2026-07-01T07:00:08.551Z"}
{"level":"info","message":"  Kimland[5]: value=\"xxl\" quantity=0 sku=\"\" cost=undefined","timestamp":"2026-07-01T07:00:08.552Z"}
{"level":"info","message":"\\n🔄 [SYNC-BY-ID] Starting variant matching and inventory update...","timestamp":"2026-07-01T07:00:08.552Z"}
{"level":"info","message":"\\n🔍 [SYNC-BY-ID] Starting variant matching loop:","timestamp":"2026-07-01T07:00:08.552Z"}
{"current_inventory":0,"level":"info","message":"\\n  📍 Processing Shopify variant[0]:","option1":"xs","sku":"UAA241M011-001","timestamp":"2026-07-01T07:00:08.553Z"}
{"level":"info","message":"    🔍 Trying SKU match: \"UAA241M011-001\"","timestamp":"2026-07-01T07:00:08.553Z"}
{"level":"info","message":"    🔍 Trying option/value match: \"XS\"","timestamp":"2026-07-01T07:00:08.553Z"}
{"level":"info","message":"    ✅ Option matched with kimland variant: xs (qty=0)","timestamp":"2026-07-01T07:00:08.554Z"}
{"level":"info","message":"    📦 Updating Shopify variant[0] \"xs\" → 0 units","timestamp":"2026-07-01T07:00:08.554Z"}
{"level":"info","message":"✅ Updated inventory: 0 units","timestamp":"2026-07-01T07:00:09.379Z"}
{"current_inventory":0,"level":"info","message":"\\n  📍 Processing Shopify variant[1]:","option1":"s","sku":"UAA241M011-001-2","timestamp":"2026-07-01T07:00:09.680Z"}
{"level":"info","message":"    🔍 Trying SKU match: \"UAA241M011-001-2\"","timestamp":"2026-07-01T07:00:09.680Z"}
{"level":"info","message":"    🔍 Trying option/value match: \"S\"","timestamp":"2026-07-01T07:00:09.680Z"}
{"level":"info","message":"    ✅ Option matched with kimland variant: s (qty=0)","timestamp":"2026-07-01T07:00:09.681Z"}
{"level":"info","message":"    📦 Updating Shopify variant[1] \"s\" → 0 units","timestamp":"2026-07-01T07:00:09.681Z"}
{"level":"info","message":"✅ Updated inventory: 0 units","timestamp":"2026-07-01T07:00:10.452Z"}
{"current_inventory":0,"level":"info","message":"\\n  📍 Processing Shopify variant[2]:","option1":"m","sku":"UAA241M011-001-3","timestamp":"2026-07-01T07:00:10.756Z"}
{"level":"info","message":"    🔍 Trying SKU match: \"UAA241M011-001-3\"","timestamp":"2026-07-01T07:00:10.757Z"}
{"level":"info","message":"    🔍 Trying option/value match: \"M\"","timestamp":"2026-07-01T07:00:10.757Z"}
{"level":"info","message":"    ✅ Option matched with kimland variant: m (qty=0)","timestamp":"2026-07-01T07:00:10.757Z"}
{"level":"info","message":"    📦 Updating Shopify variant[2] \"m\" → 0 units","timestamp":"2026-07-01T07:00:10.758Z"}
{"level":"info","message":"✅ Updated inventory: 0 units","timestamp":"2026-07-01T07:00:11.560Z"}
{"current_inventory":0,"level":"info","message":"\\n  📍 Processing Shopify variant[3]:","option1":"l","sku":"UAA241M011-001-4","timestamp":"2026-07-01T07:00:11.870Z"}
{"level":"info","message":"    🔍 Trying SKU match: \"UAA241M011-001-4\"","timestamp":"2026-07-01T07:00:11.871Z"}
{"level":"info","message":"    🔍 Trying option/value match: \"L\"","timestamp":"2026-07-01T07:00:11.872Z"}
{"level":"info","message":"    ✅ Option matched with kimland variant: l (qty=0)","timestamp":"2026-07-01T07:00:11.872Z"}
{"level":"info","message":"    📦 Updating Shopify variant[3] \"l\" → 0 units","timestamp":"2026-07-01T07:00:11.873Z"}
{"level":"info","message":"✅ Updated inventory: 0 units","timestamp":"2026-07-01T07:00:12.652Z"}
{"current_inventory":0,"level":"info","message":"\\n  📍 Processing Shopify variant[4]:","option1":"xl","sku":"UAA241M011-001-5","timestamp":"2026-07-01T07:00:12.956Z"}
{"level":"info","message":"    🔍 Trying SKU match: \"UAA241M011-001-5\"","timestamp":"2026-07-01T07:00:12.957Z"}
{"level":"info","message":"    🔍 Trying option/value match: \"XL\"","timestamp":"2026-07-01T07:00:12.958Z"}
{"level":"info","message":"    ✅ Option matched with kimland variant: xl (qty=0)","timestamp":"2026-07-01T07:00:12.959Z"}
{"level":"info","message":"    📦 Updating Shopify variant[4] \"xl\" → 0 units","timestamp":"2026-07-01T07:00:12.959Z"}
{"level":"info","message":"✅ Updated inventory: 0 units","timestamp":"2026-07-01T07:00:13.965Z"}
{"current_inventory":0,"level":"info","message":"\\n  📍 Processing Shopify variant[5]:","option1":"xxl","sku":"UAA241M011-001-6","timestamp":"2026-07-01T07:00:14.277Z"}
{"level":"info","message":"    🔍 Trying SKU match: \"UAA241M011-001-6\"","timestamp":"2026-07-01T07:00:14.278Z"}
{"level":"info","message":"    🔍 Trying option/value match: \"XXL\"","timestamp":"2026-07-01T07:00:14.278Z"}
{"level":"info","message":"    ✅ Option matched with kimland variant: xxl (qty=0)","timestamp":"2026-07-01T07:00:14.279Z"}
{"level":"info","message":"    📦 Updating Shopify variant[5] \"xxl\" → 0 units","timestamp":"2026-07-01T07:00:14.279Z"}
{"level":"info","message":"✅ Updated inventory: 0 units","timestamp":"2026-07-01T07:00:15.119Z"}
{"level":"info","message":"\\n✅ [SYNC-BY-ID COMPLETE] Sync complete! Updated 6/6 variants","timestamp":"2026-07-01T07:00:15.432Z"}
{"level":"info","message":"   📊 Total stock from Kimland: 0","timestamp":"2026-07-01T07:00:15.433Z"}
{"level":"info","message":"\\n🔍 [SYNC-BY-ID START] Sync inventory by ID","timestamp":"2026-07-01T07:01:05.437Z"}
{"level":"info","message":"   productId: 10247418413339","timestamp":"2026-07-01T07:01:05.441Z"}
{"level":"info","message":"   product title: UMBRO POLO. UAA241M011-001","timestamp":"2026-07-01T07:01:05.442Z"}
{"level":"info","message":"\\n🔍 [SYNC-BY-ID] Full product object received:","timestamp":"2026-07-01T07:01:05.443Z"}
{"level":"info","message":"{\n  \"kimlandId\": \"10247418413339\",\n  \"shopifyId\": \"10247418413339\",\n  \"title\": \"UMBRO POLO. UAA241M011-001\",\n  \"reference\": \"UAA241M011-001\",\n  \"price\": 3900,\n  \"costPrice\": 0,\n  \"images\": [\n    \"https://cdn.shopify.com/s/files/1/1026/9546/9339/files/0A0E7CD0-0685-4269-AED9-54CD3E23F9E2.jpg?v=1779838621\",\n    \"https://cdn.shopify.com/s/files/1/1026/9546/9339/files/080750F6-39D8-4B53-9043-530A91691CB5.jpg?v=1779838622\",\n    \"https://cdn.shopify.com/s/files/1/1026/9546/9339/files/FC9B91CF-F7C2-45C8-9E0C-332DB74DBD6B.jpg?v=1779838621\",\n    \"https://cdn.shopify.com/s/files/1/1026/9546/9339/files/317B1A8F-85E3-4769-B61F-0EF5BC8E09F2.jpg?v=1779838621\"\n  ],\n  \"variants\": [\n    {\n      \"value\": \"xs\",\n      \"quantity\": 0\n    },\n    {\n      \"value\": \"s\",\n      \"quantity\": 0\n    },\n    {\n      \"value\": \"m\",\n      \"quantity\": 0\n    },\n    {\n      \"value\": \"l\",\n      \"quantity\": 0\n    },\n    {\n      \"value\": \"xl\",\n      \"quantity\": 0\n    },\n    {\n      \"value\": \"xxl\",\n      \"quantity\": 0\n    }\n  ],\n  \"sizes\": [\n    {\n      \"value\": \"xs\",\n      \"quantity\": 0\n    },\n    {\n      \"value\": \"s\",\n      \"quantity\": 0\n    },\n    {\n      \"value\": \"m\",\n      \"quantity\": 0\n    },\n    {\n      \"value\": \"l\",\n      \"quantity\": 0\n    },\n    {\n      \"value\": \"xl\",\n      \"quantity\": 0\n    },\n    {\n      \"value\": \"xxl\",\n      \"quantity\": 0\n    }\n  ],\n  \"totalStock\": 0,\n  \"uploaded\": true,\n  \"_isNew\": false,\n  \"createdAt\": \"2026-05-27T00:36:58+01:00\"\n}","timestamp":"2026-07-01T07:01:05.443Z"}
{"level":"info","message":"\\n🔍 [SYNC-BY-ID] Fetching product from Shopify: 10247418413339","timestamp":"2026-07-01T07:01:05.444Z"}
{"level":"info","message":"✅ Found product in Shopify: UMBRO POLO. UAA241M011-001","timestamp":"2026-07-01T07:01:05.778Z"}
{"level":"info","message":"✅ Product is up to date, no repair needed.","timestamp":"2026-07-01T07:01:05.778Z"}
{"level":"info","message":"\\n🔍 [SYNC-BY-ID] Inventory sync starting","timestamp":"2026-07-01T07:01:05.778Z"}
{"level":"info","message":"📏 Shopify variants: 6","timestamp":"2026-07-01T07:01:05.779Z"}
{"level":"info","message":"📏 Kimland variants: 6","timestamp":"2026-07-01T07:01:05.779Z"}
{"level":"info","message":"\\n🔍 [SYNC-BY-ID] Kimland variants details:","timestamp":"2026-07-01T07:01:05.779Z"}
{"level":"info","message":"  Kimland[0]: value=\"xs\" quantity=0 sku=\"\" cost=undefined","timestamp":"2026-07-01T07:01:05.779Z"}
{"level":"info","message":"  Kimland[1]: value=\"s\" quantity=0 sku=\"\" cost=undefined","timestamp":"2026-07-01T07:01:05.779Z"}
{"level":"info","message":"  Kimland[2]: value=\"m\" quantity=0 sku=\"\" cost=undefined","timestamp":"2026-07-01T07:01:05.779Z"}
{"level":"info","message":"  Kimland[3]: value=\"l\" quantity=0 sku=\"\" cost=undefined","timestamp":"2026-07-01T07:01:05.780Z"}
{"level":"info","message":"  Kimland[4]: value=\"xl\" quantity=0 sku=\"\" cost=undefined","timestamp":"2026-07-01T07:01:05.780Z"}
{"level":"info","message":"  Kimland[5]: value=\"xxl\" quantity=0 sku=\"\" cost=undefined","timestamp":"2026-07-01T07:01:05.780Z"}
{"level":"info","message":"\\n🔄 [SYNC-BY-ID] Starting variant matching and inventory update...","timestamp":"2026-07-01T07:01:05.780Z"}
{"level":"info","message":"\\n🔍 [SYNC-BY-ID] Starting variant matching loop:","timestamp":"2026-07-01T07:01:05.780Z"}
{"current_inventory":0,"level":"info","message":"\\n  📍 Processing Shopify variant[0]:","option1":"xs","sku":"UAA241M011-001","timestamp":"2026-07-01T07:01:05.780Z"}
{"level":"info","message":"    🔍 Trying SKU match: \"UAA241M011-001\"","timestamp":"2026-07-01T07:01:05.780Z"}
{"level":"info","message":"    🔍 Trying option/value match: \"XS\"","timestamp":"2026-07-01T07:01:05.781Z"}
{"level":"info","message":"    ✅ Option matched with kimland variant: xs (qty=0)","timestamp":"2026-07-01T07:01:05.781Z"}
{"level":"info","message":"    📦 Updating Shopify variant[0] \"xs\" → 0 units","timestamp":"2026-07-01T07:01:05.781Z"}
{"level":"info","message":"✅ Updated inventory: 0 units","timestamp":"2026-07-01T07:01:06.606Z"}
{"current_inventory":0,"level":"info","message":"\\n  📍 Processing Shopify variant[1]:","option1":"s","sku":"UAA241M011-001-2","timestamp":"2026-07-01T07:01:06.913Z"}
{"level":"info","message":"    🔍 Trying SKU match: \"UAA241M011-001-2\"","timestamp":"2026-07-01T07:01:06.913Z"}
{"level":"info","message":"    🔍 Trying option/value match: \"S\"","timestamp":"2026-07-01T07:01:06.914Z"}
{"level":"info","message":"    ✅ Option matched with kimland variant: s (qty=0)","timestamp":"2026-07-01T07:01:06.914Z"}
{"level":"info","message":"    📦 Updating Shopify variant[1] \"s\" → 0 units","timestamp":"2026-07-01T07:01:06.914Z"}
{"level":"info","message":"✅ Updated inventory: 0 units","timestamp":"2026-07-01T07:01:07.707Z"}
{"current_inventory":0,"level":"info","message":"\\n  📍 Processing Shopify variant[2]:","option1":"m","sku":"UAA241M011-001-3","timestamp":"2026-07-01T07:01:08.019Z"}
{"level":"info","message":"    🔍 Trying SKU match: \"UAA241M011-001-3\"","timestamp":"2026-07-01T07:01:08.028Z"}
{"level":"info","message":"    🔍 Trying option/value match: \"M\"","timestamp":"2026-07-01T07:01:08.028Z"}
{"level":"info","message":"    ✅ Option matched with kimland variant: m (qty=0)","timestamp":"2026-07-01T07:01:08.032Z"}
{"level":"info","message":"    📦 Updating Shopify variant[2] \"m\" → 0 units","timestamp":"2026-07-01T07:01:08.033Z"}
{"level":"info","message":"✅ Updated inventory: 0 units","timestamp":"2026-07-01T07:01:08.865Z"}
{"current_inventory":0,"level":"info","message":"\\n  📍 Processing Shopify variant[3]:","option1":"l","sku":"UAA241M011-001-4","timestamp":"2026-07-01T07:01:09.177Z"}
{"level":"info","message":"    🔍 Trying SKU match: \"UAA241M011-001-4\"","timestamp":"2026-07-01T07:01:09.177Z"}
{"level":"info","message":"    🔍 Trying option/value match: \"L\"","timestamp":"2026-07-01T07:01:09.178Z"}
{"level":"info","message":"    ✅ Option matched with kimland variant: l (qty=0)","timestamp":"2026-07-01T07:01:09.178Z"}
{"level":"info","message":"    📦 Updating Shopify variant[3] \"l\" → 0 units","timestamp":"2026-07-01T07:01:09.178Z"}
{"level":"info","message":"✅ Updated inventory: 0 units","timestamp":"2026-07-01T07:01:10.091Z"}
{"current_inventory":0,"level":"info","message":"\\n  📍 Processing Shopify variant[4]:","option1":"xl","sku":"UAA241M011-001-5","timestamp":"2026-07-01T07:01:10.408Z"}
{"level":"info","message":"    🔍 Trying SKU match: \"UAA241M011-001-5\"","timestamp":"2026-07-01T07:01:10.408Z"}
{"level":"info","message":"    🔍 Trying option/value match: \"XL\"","timestamp":"2026-07-01T07:01:10.408Z"}
{"level":"info","message":"    ✅ Option matched with kimland variant: xl (qty=0)","timestamp":"2026-07-01T07:01:10.408Z"}
{"level":"info","message":"    📦 Updating Shopify variant[4] \"xl\" → 0 units","timestamp":"2026-07-01T07:01:10.408Z"}
{"level":"info","message":"✅ Updated inventory: 0 units","timestamp":"2026-07-01T07:01:11.231Z"}
{"current_inventory":0,"level":"info","message":"\\n  📍 Processing Shopify variant[5]:","option1":"xxl","sku":"UAA241M011-001-6","timestamp":"2026-07-01T07:01:11.546Z"}
{"level":"info","message":"    🔍 Trying SKU match: \"UAA241M011-001-6\"","timestamp":"2026-07-01T07:01:11.546Z"}
{"level":"info","message":"    🔍 Trying option/value match: \"XXL\"","timestamp":"2026-07-01T07:01:11.546Z"}
{"level":"info","message":"    ✅ Option matched with kimland variant: xxl (qty=0)","timestamp":"2026-07-01T07:01:11.547Z"}
{"level":"info","message":"    📦 Updating Shopify variant[5] \"xxl\" → 0 units","timestamp":"2026-07-01T07:01:11.547Z"}
{"level":"info","message":"✅ Updated inventory: 0 units","timestamp":"2026-07-01T07:01:12.354Z"}
{"level":"info","message":"\\n✅ [SYNC-BY-ID COMPLETE] Sync complete! Updated 6/6 variants","timestamp":"2026-07-01T07:01:12.663Z"}
{"level":"info","message":"   📊 Total stock from Kimland: 0","timestamp":"2026-07-01T07:01:12.663Z"}
{"level":"info","message":"\\n🔍 [SYNC-BY-ID START] Sync inventory by ID","timestamp":"2026-07-01T07:01:31.386Z"}
{"level":"info","message":"   productId: 10247418413339","timestamp":"2026-07-01T07:01:31.386Z"}
{"level":"info","message":"   product title: UMBRO POLO. UAA241M011-001","timestamp":"2026-07-01T07:01:31.386Z"}
{"level":"info","message":"\\n🔍 [SYNC-BY-ID] Full product object received:","timestamp":"2026-07-01T07:01:31.387Z"}
{"level":"info","message":"{\n  \"kimlandId\": \"10247418413339\",\n  \"shopifyId\": \"10247418413339\",\n  \"title\": \"UMBRO POLO. UAA241M011-001\",\n  \"reference\": \"UAA241M011-001\",\n  \"price\": 3900,\n  \"costPrice\": 0,\n  \"images\": [\n    \"https://cdn.shopify.com/s/files/1/1026/9546/9339/files/0A0E7CD0-0685-4269-AED9-54CD3E23F9E2.jpg?v=1779838621\",\n    \"https://cdn.shopify.com/s/files/1/1026/9546/9339/files/080750F6-39D8-4B53-9043-530A91691CB5.jpg?v=1779838622\",\n    \"https://cdn.shopify.com/s/files/1/1026/9546/9339/files/FC9B91CF-F7C2-45C8-9E0C-332DB74DBD6B.jpg?v=1779838621\",\n    \"https://cdn.shopify.com/s/files/1/1026/9546/9339/files/317B1A8F-85E3-4769-B61F-0EF5BC8E09F2.jpg?v=1779838621\"\n  ],\n  \"variants\": [\n    {\n      \"value\": \"xs\",\n      \"quantity\": 0\n    },\n    {\n      \"value\": \"s\",\n      \"quantity\": 0\n    },\n    {\n      \"value\": \"m\",\n      \"quantity\": 0\n    },\n    {\n      \"value\": \"l\",\n      \"quantity\": 0\n    },\n    {\n      \"value\": \"xl\",\n      \"quantity\": 0\n    },\n    {\n      \"value\": \"xxl\",\n      \"quantity\": 0\n    }\n  ],\n  \"sizes\": [\n    {\n      \"value\": \"xs\",\n      \"quantity\": 0\n    },\n    {\n      \"value\": \"s\",\n      \"quantity\": 0\n    },\n    {\n      \"value\": \"m\",\n      \"quantity\": 0\n    },\n    {\n      \"value\": \"l\",\n      \"quantity\": 0\n    },\n    {\n      \"value\": \"xl\",\n      \"quantity\": 0\n    },\n    {\n      \"value\": \"xxl\",\n      \"quantity\": 0\n    }\n  ],\n  \"totalStock\": 0,\n  \"uploaded\": true,\n  \"_isNew\": false,\n  \"createdAt\": \"2026-05-27T00:36:58+01:00\"\n}","timestamp":"2026-07-01T07:01:31.387Z"}
{"level":"info","message":"\\n🔍 [SYNC-BY-ID] Fetching product from Shopify: 10247418413339","timestamp":"2026-07-01T07:01:31.387Z"}
{"level":"info","message":"✅ Found product in Shopify: UMBRO POLO. UAA241M011-001","timestamp":"2026-07-01T07:01:31.652Z"}
{"level":"info","message":"✅ Product is up to date, no repair needed.","timestamp":"2026-07-01T07:01:31.652Z"}
{"level":"info","message":"\\n🔍 [SYNC-BY-ID] Inventory sync starting","timestamp":"2026-07-01T07:01:31.653Z"}
{"level":"info","message":"📏 Shopify variants: 6","timestamp":"2026-07-01T07:01:31.653Z"}
{"level":"info","message":"📏 Kimland variants: 6","timestamp":"2026-07-01T07:01:31.653Z"}
{"level":"info","message":"\\n🔍 [SYNC-BY-ID] Kimland variants details:","timestamp":"2026-07-01T07:01:31.653Z"}
{"level":"info","message":"  Kimland[0]: value=\"xs\" quantity=0 sku=\"\" cost=undefined","timestamp":"2026-07-01T07:01:31.653Z"}
{"level":"info","message":"  Kimland[1]: value=\"s\" quantity=0 sku=\"\" cost=undefined","timestamp":"2026-07-01T07:01:31.653Z"}
{"level":"info","message":"  Kimland[2]: value=\"m\" quantity=0 sku=\"\" cost=undefined","timestamp":"2026-07-01T07:01:31.653Z"}
{"level":"info","message":"  Kimland[3]: value=\"l\" quantity=0 sku=\"\" cost=undefined","timestamp":"2026-07-01T07:01:31.654Z"}
{"level":"info","message":"  Kimland[4]: value=\"xl\" quantity=0 sku=\"\" cost=undefined","timestamp":"2026-07-01T07:01:31.654Z"}
{"level":"info","message":"  Kimland[5]: value=\"xxl\" quantity=0 sku=\"\" cost=undefined","timestamp":"2026-07-01T07:01:31.654Z"}
{"level":"info","message":"\\n🔄 [SYNC-BY-ID] Starting variant matching and inventory update...","timestamp":"2026-07-01T07:01:31.654Z"}
{"level":"info","message":"\\n🔍 [SYNC-BY-ID] Starting variant matching loop:","timestamp":"2026-07-01T07:01:31.654Z"}
{"current_inventory":0,"level":"info","message":"\\n  📍 Processing Shopify variant[0]:","option1":"xs","sku":"UAA241M011-001","timestamp":"2026-07-01T07:01:31.654Z"}
{"level":"info","message":"    🔍 Trying SKU match: \"UAA241M011-001\"","timestamp":"2026-07-01T07:01:31.654Z"}
{"level":"info","message":"    🔍 Trying option/value match: \"XS\"","timestamp":"2026-07-01T07:01:31.654Z"}
{"level":"info","message":"    ✅ Option matched with kimland variant: xs (qty=0)","timestamp":"2026-07-01T07:01:31.654Z"}
{"level":"info","message":"    📦 Updating Shopify variant[0] \"xs\" → 0 units","timestamp":"2026-07-01T07:01:31.654Z"}
{"level":"info","message":"✅ Updated inventory: 0 units","timestamp":"2026-07-01T07:01:32.473Z"}
{"current_inventory":0,"level":"info","message":"\\n  📍 Processing Shopify variant[1]:","option1":"s","sku":"UAA241M011-001-2","timestamp":"2026-07-01T07:01:32.786Z"}
{"level":"info","message":"    🔍 Trying SKU match: \"UAA241M011-001-2\"","timestamp":"2026-07-01T07:01:32.786Z"}
{"level":"info","message":"    🔍 Trying option/value match: \"S\"","timestamp":"2026-07-01T07:01:32.787Z"}
{"level":"info","message":"    ✅ Option matched with kimland variant: s (qty=0)","timestamp":"2026-07-01T07:01:32.787Z"}
{"level":"info","message":"    📦 Updating Shopify variant[1] \"s\" → 0 units","timestamp":"2026-07-01T07:01:32.787Z"}
{"level":"info","message":"✅ Updated inventory: 0 units","timestamp":"2026-07-01T07:01:33.569Z"}
{"current_inventory":0,"level":"info","message":"\\n  📍 Processing Shopify variant[2]:","option1":"m","sku":"UAA241M011-001-3","timestamp":"2026-07-01T07:01:33.875Z"}
{"level":"info","message":"    🔍 Trying SKU match: \"UAA241M011-001-3\"","timestamp":"2026-07-01T07:01:33.876Z"}
{"level":"info","message":"    🔍 Trying option/value match: \"M\"","timestamp":"2026-07-01T07:01:33.876Z"}
{"level":"info","message":"    ✅ Option matched with kimland variant: m (qty=0)","timestamp":"2026-07-01T07:01:33.876Z"}
{"level":"info","message":"    📦 Updating Shopify variant[2] \"m\" → 0 units","timestamp":"2026-07-01T07:01:33.876Z"}
{"level":"info","message":"✅ Updated inventory: 0 units","timestamp":"2026-07-01T07:01:34.675Z"}
{"current_inventory":0,"level":"info","message":"\\n  📍 Processing Shopify variant[3]:","option1":"l","sku":"UAA241M011-001-4","timestamp":"2026-07-01T07:01:34.981Z"}
{"level":"info","message":"    🔍 Trying SKU match: \"UAA241M011-001-4\"","timestamp":"2026-07-01T07:01:34.981Z"}
{"level":"info","message":"    🔍 Trying option/value match: \"L\"","timestamp":"2026-07-01T07:01:34.982Z"}
{"level":"info","message":"    ✅ Option matched with kimland variant: l (qty=0)","timestamp":"2026-07-01T07:01:34.982Z"}
{"level":"info","message":"    📦 Updating Shopify variant[3] \"l\" → 0 units","timestamp":"2026-07-01T07:01:34.982Z"}
{"level":"info","message":"✅ Updated inventory: 0 units","timestamp":"2026-07-01T07:01:35.793Z"}
{"current_inventory":0,"level":"info","message":"\\n  📍 Processing Shopify variant[4]:","option1":"xl","sku":"UAA241M011-001-5","timestamp":"2026-07-01T07:01:36.102Z"}
{"level":"info","message":"    🔍 Trying SKU match: \"UAA241M011-001-5\"","timestamp":"2026-07-01T07:01:36.103Z"}
{"level":"info","message":"    🔍 Trying option/value match: \"XL\"","timestamp":"2026-07-01T07:01:36.103Z"}
{"level":"info","message":"    ✅ Option matched with kimland variant: xl (qty=0)","timestamp":"2026-07-01T07:01:36.104Z"}
{"level":"info","message":"    📦 Updating Shopify variant[4] \"xl\" → 0 units","timestamp":"2026-07-01T07:01:36.104Z"}
{"level":"info","message":"✅ Updated inventory: 0 units","timestamp":"2026-07-01T07:01:36.910Z"}
{"current_inventory":0,"level":"info","message":"\\n  📍 Processing Shopify variant[5]:","option1":"xxl","sku":"UAA241M011-001-6","timestamp":"2026-07-01T07:01:37.222Z"}
{"level":"info","message":"    🔍 Trying SKU match: \"UAA241M011-001-6\"","timestamp":"2026-07-01T07:01:37.222Z"}
{"level":"info","message":"    🔍 Trying option/value match: \"XXL\"","timestamp":"2026-07-01T07:01:37.222Z"}
{"level":"info","message":"    ✅ Option matched with kimland variant: xxl (qty=0)","timestamp":"2026-07-01T07:01:37.222Z"}
{"level":"info","message":"    📦 Updating Shopify variant[5] \"xxl\" → 0 units","timestamp":"2026-07-01T07:01:37.223Z"}
{"level":"info","message":"✅ Updated inventory: 0 units","timestamp":"2026-07-01T07:01:37.988Z"}
{"level":"info","message":"\\n✅ [SYNC-BY-ID COMPLETE] Sync complete! Updated 6/6 variants","timestamp":"2026-07-01T07:01:38.297Z"}
{"level":"info","message":"   📊 Total stock from Kimland: 0","timestamp":"2026-07-01T07:01:38.297Z"}
{"level":"info","message":"✅ Updated inventory: 0 units","timestamp":"2026-07-01T07:05:57.322Z"}
{"level":"info","message":"✅ Updated inventory: 0 units","timestamp":"2026-07-01T07:05:58.410Z"}
{"level":"info","message":"✅ Updated inventory: 0 units","timestamp":"2026-07-01T07:05:59.530Z"}
{"level":"info","message":"✅ Updated inventory: 0 units","timestamp":"2026-07-01T07:06:00.619Z"}
{"level":"info","message":"✅ Updated inventory: 0 units","timestamp":"2026-07-01T07:06:01.780Z"}
{"level":"info","message":"✅ Updated inventory: 0 units","timestamp":"2026-07-01T07:06:02.907Z"}
{"level":"info","message":"✅ Updated inventory: 0 units","timestamp":"2026-07-01T07:10:10.245Z"}
{"level":"info","message":"✅ Updated inventory: 0 units","timestamp":"2026-07-01T07:10:11.334Z"}
{"level":"info","message":"✅ Updated inventory: 0 units","timestamp":"2026-07-01T07:10:12.413Z"}
{"level":"info","message":"✅ Updated inventory: 0 units","timestamp":"2026-07-01T07:10:13.530Z"}
{"level":"info","message":"✅ Updated inventory: 0 units","timestamp":"2026-07-01T07:10:14.692Z"}
{"level":"info","message":"✅ Updated inventory: 0 units","timestamp":"2026-07-01T07:10:15.799Z"}
{"level":"info","message":"✅ Updated inventory: 0 units","timestamp":"2026-07-01T08:44:50.732Z"}
{"level":"info","message":"✅ Updated inventory: 0 units","timestamp":"2026-07-01T08:44:51.785Z"}
{"level":"info","message":"✅ Updated inventory: 0 units","timestamp":"2026-07-01T08:44:52.862Z"}
{"level":"info","message":"✅ Updated inventory: 0 units","timestamp":"2026-07-01T08:44:53.962Z"}
{"level":"info","message":"✅ Updated inventory: 0 units","timestamp":"2026-07-01T08:44:55.101Z"}
{"level":"info","message":"✅ Updated inventory: 0 units","timestamp":"2026-07-01T08:44:56.298Z"}
{"level":"info","message":"Browser initialized","timestamp":"2026-07-01T08:45:44.558Z"}
{"level":"info","message":"Logging in to Kimland...","timestamp":"2026-07-01T08:45:44.559Z"}
{"level":"info","message":"✅ Email filled","timestamp":"2026-07-01T08:45:49.157Z"}
{"level":"info","message":"✅ Username filled","timestamp":"2026-07-01T08:45:49.166Z"}
{"level":"info","message":"✅ Password filled","timestamp":"2026-07-01T08:45:49.174Z"}
{"level":"info","message":"Current URL after login: https://kimland.dz/app/client/index.php","timestamp":"2026-07-01T08:45:49.914Z"}
{"level":"info","message":"✅ Login successful!","timestamp":"2026-07-01T08:45:49.914Z"}
{"level":"info","message":"📋 Extracting from: https://kimland.dz/product/10400/umbro-polo/","timestamp":"2026-07-01T08:45:49.915Z"}
{"level":"info","message":"📸 Screenshot saved: debug-product-page.png","timestamp":"2026-07-01T08:45:57.652Z"}
{"level":"info","message":"📄 HTML saved: debug-page.html","timestamp":"2026-07-01T08:45:57.658Z"}
{"level":"info","message":"✅ Clicked on: text=Unités","timestamp":"2026-07-01T08:45:58.731Z"}
{"level":"info","message":"✅ Clicked on: text=Unités","timestamp":"2026-07-01T08:45:59.778Z"}
{"level":"info","message":"✅ Clicked on: text=Taille","timestamp":"2026-07-01T08:46:00.821Z"}
{"level":"info","message":"✅ Extracted: UMBRO POLO","timestamp":"2026-07-01T08:46:00.849Z"}
{"level":"info","message":"   📋 Reference: UAA241","timestamp":"2026-07-01T08:46:00.849Z"}
{"level":"info","message":"   💰 Price: 3900 DA","timestamp":"2026-07-01T08:46:00.849Z"}
{"level":"info","message":"   📸 Images: 0","timestamp":"2026-07-01T08:46:00.849Z"}
{"level":"info","message":"   📏 Variants: 6","timestamp":"2026-07-01T08:46:00.850Z"}
{"level":"info","message":"   📦 Total stock: 557","timestamp":"2026-07-01T08:46:00.850Z"}
{"level":"info","message":"📊 Debug - Page lines count: 126","timestamp":"2026-07-01T08:46:00.850Z"}
{"level":"info","message":"   📏 Sizes:","timestamp":"2026-07-01T08:46:00.850Z"}
{"level":"info","message":"      XS: 31 pieces","timestamp":"2026-07-01T08:46:00.850Z"}
{"level":"info","message":"      S: 22 pieces","timestamp":"2026-07-01T08:46:00.850Z"}
{"level":"info","message":"      M: 134 pieces","timestamp":"2026-07-01T08:46:00.850Z"}
{"level":"info","message":"      L: 28 pieces","timestamp":"2026-07-01T08:46:00.850Z"}
{"level":"info","message":"      XL: 155 pieces","timestamp":"2026-07-01T08:46:00.850Z"}
{"level":"info","message":"      XXL: 187 pieces","timestamp":"2026-07-01T08:46:00.851Z"}
{"level":"info","message":"💾 Saved to product-10400.json","timestamp":"2026-07-01T08:46:00.851Z"}
{"level":"info","message":"Browser closed","timestamp":"2026-07-01T08:46:00.951Z"}
{"level":"info","message":"📂 No existing mappings found","timestamp":"2026-07-01T08:46:15.806Z"}
{"level":"info","message":"Browser initialized","timestamp":"2026-07-01T08:46:15.971Z"}
{"level":"info","message":"Logging in to Kimland...","timestamp":"2026-07-01T08:46:15.971Z"}
{"level":"info","message":"✅ Email filled","timestamp":"2026-07-01T08:46:18.033Z"}
{"level":"info","message":"✅ Username filled","timestamp":"2026-07-01T08:46:18.042Z"}
{"level":"info","message":"✅ Password filled","timestamp":"2026-07-01T08:46:18.057Z"}
{"level":"info","message":"Current URL after login: https://kimland.dz/app/client/index.php","timestamp":"2026-07-01T08:46:18.789Z"}
{"level":"info","message":"✅ Login successful!","timestamp":"2026-07-01T08:46:18.790Z"}
{"level":"info","message":"📦 Fetching Shopify products to find matches...","timestamp":"2026-07-01T08:46:18.790Z"}
{"level":"info","message":"🛠️ Fixing 1/1: https://kimland.dz/product/10400/umbro-polo/","timestamp":"2026-07-01T08:46:19.576Z"}
{"level":"info","message":"📋 Extracting from: https://kimland.dz/product/10400/umbro-polo/","timestamp":"2026-07-01T08:46:19.588Z"}
{"level":"info","message":"📸 Screenshot saved: debug-product-page.png","timestamp":"2026-07-01T08:46:29.199Z"}
{"level":"info","message":"📄 HTML saved: debug-page.html","timestamp":"2026-07-01T08:46:29.206Z"}
{"level":"info","message":"✅ Clicked on: text=Unités","timestamp":"2026-07-01T08:46:30.272Z"}
{"level":"info","message":"✅ Clicked on: text=Unités","timestamp":"2026-07-01T08:46:31.310Z"}
{"level":"info","message":"✅ Clicked on: text=Taille","timestamp":"2026-07-01T08:46:32.354Z"}
{"level":"info","message":"✅ Extracted: UMBRO POLO","timestamp":"2026-07-01T08:46:32.381Z"}
{"level":"info","message":"   📋 Reference: UAA241","timestamp":"2026-07-01T08:46:32.381Z"}
{"level":"info","message":"   💰 Price: 3900 DA","timestamp":"2026-07-01T08:46:32.381Z"}
{"level":"info","message":"   📸 Images: 0","timestamp":"2026-07-01T08:46:32.381Z"}
{"level":"info","message":"   📏 Variants: 6","timestamp":"2026-07-01T08:46:32.381Z"}
{"level":"info","message":"   📦 Total stock: 557","timestamp":"2026-07-01T08:46:32.381Z"}
{"level":"info","message":"📊 Debug - Page lines count: 126","timestamp":"2026-07-01T08:46:32.381Z"}
{"level":"info","message":"   📏 Sizes:","timestamp":"2026-07-01T08:46:32.381Z"}
{"level":"info","message":"      XS: 31 pieces","timestamp":"2026-07-01T08:46:32.381Z"}
{"level":"info","message":"      S: 22 pieces","timestamp":"2026-07-01T08:46:32.382Z"}
{"level":"info","message":"      M: 134 pieces","timestamp":"2026-07-01T08:46:32.382Z"}
{"level":"info","message":"      L: 28 pieces","timestamp":"2026-07-01T08:46:32.382Z"}
{"level":"info","message":"      XL: 155 pieces","timestamp":"2026-07-01T08:46:32.382Z"}
{"level":"info","message":"      XXL: 187 pieces","timestamp":"2026-07-01T08:46:32.382Z"}
{"level":"info","message":"💾 Saved to product-10400.json","timestamp":"2026-07-01T08:46:32.383Z"}
{"level":"warn","message":"⚠️ Ambiguous match (ambiguous-reference) for: UMBRO POLO","timestamp":"2026-07-01T08:46:32.383Z"}
{"level":"info","message":"Browser closed","timestamp":"2026-07-01T08:46:32.459Z"}
{"level":"info","message":"Browser initialized","timestamp":"2026-07-01T08:47:09.544Z"}
{"level":"info","message":"Logging in to Kimland...","timestamp":"2026-07-01T08:47:09.545Z"}
{"level":"info","message":"✅ Email filled","timestamp":"2026-07-01T08:47:11.098Z"}
{"level":"info","message":"✅ Username filled","timestamp":"2026-07-01T08:47:11.109Z"}
{"level":"info","message":"✅ Password filled","timestamp":"2026-07-01T08:47:11.120Z"}
{"level":"info","message":"Current URL after login: https://kimland.dz/app/client/index.php","timestamp":"2026-07-01T08:47:11.885Z"}
{"level":"info","message":"✅ Login successful!","timestamp":"2026-07-01T08:47:11.885Z"}
{"level":"info","message":"📋 Extracting from: https://kimland.dz/product/2306/t-shirt-blanc-don-t-over-think-it/","timestamp":"2026-07-01T08:47:11.885Z"}
{"level":"info","message":"📸 Screenshot saved: debug-product-page.png","timestamp":"2026-07-01T08:47:18.853Z"}
{"level":"info","message":"📄 HTML saved: debug-page.html","timestamp":"2026-07-01T08:47:18.864Z"}
{"level":"info","message":"✅ Clicked on: text=Unités","timestamp":"2026-07-01T08:47:19.943Z"}
{"level":"info","message":"✅ Clicked on: text=Unités","timestamp":"2026-07-01T08:47:20.998Z"}
{"level":"info","message":"✅ Clicked on: text=Taille","timestamp":"2026-07-01T08:47:22.042Z"}
{"level":"info","message":"✅ Extracted: T-shirt BLANC *DON T OVER THINK IT*","timestamp":"2026-07-01T08:47:22.075Z"}
{"level":"info","message":"   📋 Reference: DA950","timestamp":"2026-07-01T08:47:22.076Z"}
{"level":"info","message":"   💰 Price: 1200 DA","timestamp":"2026-07-01T08:47:22.076Z"}
{"level":"info","message":"   📸 Images: 0","timestamp":"2026-07-01T08:47:22.076Z"}
{"level":"info","message":"   📏 Variants: 2","timestamp":"2026-07-01T08:47:22.076Z"}
{"level":"info","message":"   📦 Total stock: 2","timestamp":"2026-07-01T08:47:22.077Z"}
{"level":"info","message":"📊 Debug - Page lines count: 131","timestamp":"2026-07-01T08:47:22.077Z"}
{"level":"info","message":"   📏 Sizes:","timestamp":"2026-07-01T08:47:22.077Z"}
{"level":"info","message":"      S: 1 pieces","timestamp":"2026-07-01T08:47:22.077Z"}
{"level":"info","message":"      M: 1 pieces","timestamp":"2026-07-01T08:47:22.077Z"}
{"level":"info","message":"💾 Saved to product-2306.json","timestamp":"2026-07-01T08:47:22.079Z"}
{"level":"info","message":"Browser closed","timestamp":"2026-07-01T08:47:22.151Z"}
{"level":"info","message":"Browser initialized","timestamp":"2026-07-01T08:49:24.021Z"}
{"level":"info","message":"Logging in to Kimland...","timestamp":"2026-07-01T08:49:24.024Z"}
{"level":"info","message":"✅ Email filled","timestamp":"2026-07-01T08:49:25.724Z"}
{"level":"info","message":"✅ Username filled","timestamp":"2026-07-01T08:49:25.732Z"}
{"level":"info","message":"✅ Password filled","timestamp":"2026-07-01T08:49:25.739Z"}
{"level":"info","message":"Current URL after login: https://kimland.dz/app/client/index.php","timestamp":"2026-07-01T08:49:26.438Z"}
{"level":"info","message":"✅ Login successful!","timestamp":"2026-07-01T08:49:26.438Z"}
{"level":"info","message":"📋 Extracting from: https://kimland.dz/product/2306/t-shirt-blanc-don-t-over-think-it/","timestamp":"2026-07-01T08:49:26.439Z"}
{"level":"error","message":"❌ Failed to extract product:","timestamp":"2026-07-01T08:49:26.439Z"}
{"level":"info","message":"Browser closed","timestamp":"2026-07-01T08:49:26.534Z"}
{"level":"info","message":"Browser initialized","timestamp":"2026-07-01T08:51:07.024Z"}
{"level":"info","message":"Logging in to Kimland...","timestamp":"2026-07-01T08:51:07.027Z"}
{"level":"info","message":"✅ Email filled","timestamp":"2026-07-01T08:51:09.012Z"}
{"level":"info","message":"✅ Username filled","timestamp":"2026-07-01T08:51:09.025Z"}
{"level":"info","message":"✅ Password filled","timestamp":"2026-07-01T08:51:09.035Z"}
{"level":"info","message":"Current URL after login: https://kimland.dz/app/client/index.php","timestamp":"2026-07-01T08:51:09.759Z"}
{"level":"info","message":"✅ Login successful!","timestamp":"2026-07-01T08:51:09.759Z"}
{"level":"info","message":"📋 Extracting from: https://kimland.dz/product/10400/umbro-polo/","timestamp":"2026-07-01T08:51:09.760Z"}
{"level":"warn","message":"⚠️ No images found with /upload/ pattern, trying alternative...","timestamp":"2026-07-01T08:51:25.873Z"}
{"level":"info","message":"📸 Screenshot saved: debug-product-page.png","timestamp":"2026-07-01T08:51:26.056Z"}
{"level":"info","message":"✅ Extracted: UMBRO POLO","timestamp":"2026-07-01T08:51:26.063Z"}
{"level":"info","message":"   📋 Reference: UAA241","timestamp":"2026-07-01T08:51:26.063Z"}
{"level":"info","message":"   💰 Price: 3900 DA","timestamp":"2026-07-01T08:51:26.063Z"}
{"level":"info","message":"   📸 Images: 6","timestamp":"2026-07-01T08:51:26.063Z"}
{"level":"info","message":"   📏 Variants: 6","timestamp":"2026-07-01T08:51:26.063Z"}
{"level":"info","message":"   📦 Total stock: 557","timestamp":"2026-07-01T08:51:26.064Z"}
{"level":"info","message":"   📏 Sizes:","timestamp":"2026-07-01T08:51:26.064Z"}
{"level":"info","message":"      XS: 31 pieces","timestamp":"2026-07-01T08:51:26.064Z"}
{"level":"info","message":"      S: 22 pieces","timestamp":"2026-07-01T08:51:26.064Z"}
{"level":"info","message":"      M: 134 pieces","timestamp":"2026-07-01T08:51:26.064Z"}
{"level":"info","message":"      L: 28 pieces","timestamp":"2026-07-01T08:51:26.064Z"}
{"level":"info","message":"      XL: 155 pieces","timestamp":"2026-07-01T08:51:26.064Z"}
{"level":"info","message":"      XXL: 187 pieces","timestamp":"2026-07-01T08:51:26.064Z"}
{"level":"info","message":"   📸 Image URLs:","timestamp":"2026-07-01T08:51:26.064Z"}
{"level":"info","message":"      1: https://kimland.dz/upload/31657751-80387091.jpg","timestamp":"2026-07-01T08:51:26.065Z"}
{"level":"info","message":"      2: https://kimland.dz/upload/thumbs/18759693-75828199.jpg","timestamp":"2026-07-01T08:51:26.065Z"}
{"level":"info","message":"      3: https://kimland.dz/upload/79101492-46380192.jpg","timestamp":"2026-07-01T08:51:26.065Z"}
{"level":"info","message":"      4: https://kimland.dz/upload/35466873-91872781.jpg","timestamp":"2026-07-01T08:51:26.065Z"}
{"level":"info","message":"      5: https://kimland.dz/upload/15846785-97347711.jpg","timestamp":"2026-07-01T08:51:26.065Z"}
{"level":"info","message":"      +1 more images","timestamp":"2026-07-01T08:51:26.065Z"}
{"level":"info","message":"💾 Saved to product-10400.json","timestamp":"2026-07-01T08:51:26.066Z"}
{"level":"info","message":"Browser closed","timestamp":"2026-07-01T08:51:26.136Z"}
{"level":"info","message":"Browser initialized","timestamp":"2026-07-01T08:52:22.237Z"}
{"level":"info","message":"Logging in to Kimland...","timestamp":"2026-07-01T08:52:22.237Z"}
{"level":"info","message":"✅ Email filled","timestamp":"2026-07-01T08:52:24.117Z"}
{"level":"info","message":"✅ Username filled","timestamp":"2026-07-01T08:52:24.127Z"}
{"level":"info","message":"✅ Password filled","timestamp":"2026-07-01T08:52:24.137Z"}
{"level":"info","message":"Current URL after login: https://kimland.dz/app/client/index.php","timestamp":"2026-07-01T08:52:24.919Z"}
{"level":"info","message":"✅ Login successful!","timestamp":"2026-07-01T08:52:24.919Z"}
{"level":"info","message":"📋 Extracting from: https://kimland.dz/product/2306/t-shirt-blanc-don-t-over-think-it/","timestamp":"2026-07-01T08:52:24.920Z"}
{"level":"warn","message":"⚠️ No images found with /upload/ pattern, trying alternative...","timestamp":"2026-07-01T08:52:41.160Z"}
{"level":"info","message":"📸 Screenshot saved: debug-product-page.png","timestamp":"2026-07-01T08:52:41.427Z"}
{"level":"info","message":"✅ Extracted: T-shirt BLANC *DON T OVER THINK IT*","timestamp":"2026-07-01T08:52:41.435Z"}
{"level":"info","message":"   📋 Reference: DA950","timestamp":"2026-07-01T08:52:41.435Z"}
{"level":"info","message":"   💰 Price: 1200 DA","timestamp":"2026-07-01T08:52:41.435Z"}
{"level":"info","message":"   📸 Images: 6","timestamp":"2026-07-01T08:52:41.435Z"}
{"level":"info","message":"   📏 Variants: 2","timestamp":"2026-07-01T08:52:41.435Z"}
{"level":"info","message":"   📦 Total stock: 2","timestamp":"2026-07-01T08:52:41.435Z"}
{"level":"info","message":"   📏 Sizes:","timestamp":"2026-07-01T08:52:41.436Z"}
{"level":"info","message":"      S: 1 pieces","timestamp":"2026-07-01T08:52:41.436Z"}
{"level":"info","message":"      M: 1 pieces","timestamp":"2026-07-01T08:52:41.436Z"}
{"level":"info","message":"   📸 Image URLs:","timestamp":"2026-07-01T08:52:41.436Z"}
{"level":"info","message":"      1: https://kimland.dz/upload/54978694-10378779.jpg","timestamp":"2026-07-01T08:52:41.436Z"}
{"level":"info","message":"      2: https://kimland.dz/upload/thumbs/11616026-62165459.jpeg","timestamp":"2026-07-01T08:52:41.436Z"}
{"level":"info","message":"      3: https://kimland.dz/upload/1443700678.jpg","timestamp":"2026-07-01T08:52:41.436Z"}
{"level":"info","message":"      4: https://kimland.dz/upload/1732744692.jpg","timestamp":"2026-07-01T08:52:41.437Z"}
{"level":"info","message":"      5: https://kimland.dz/upload/573807695.jpg","timestamp":"2026-07-01T08:52:41.437Z"}
{"level":"info","message":"      +1 more images","timestamp":"2026-07-01T08:52:41.437Z"}
{"level":"info","message":"💾 Saved to product-2306.json","timestamp":"2026-07-01T08:52:41.438Z"}
{"level":"info","message":"Browser closed","timestamp":"2026-07-01T08:52:41.508Z"}
{"level":"info","message":"Browser initialized","timestamp":"2026-07-01T11:11:18.197Z"}
{"level":"info","message":"Logging in to Kimland...","timestamp":"2026-07-01T11:11:18.200Z"}
{"level":"info","message":"✅ Email filled","timestamp":"2026-07-01T11:11:22.816Z"}
{"level":"info","message":"✅ Username filled","timestamp":"2026-07-01T11:11:22.826Z"}
{"level":"info","message":"✅ Password filled","timestamp":"2026-07-01T11:11:22.836Z"}
{"level":"info","message":"Current URL after login: https://kimland.dz/app/client/index.php","timestamp":"2026-07-01T11:11:23.613Z"}
{"level":"info","message":"✅ Login successful!","timestamp":"2026-07-01T11:11:23.613Z"}
{"level":"info","message":"📋 Extracting from: https://kimland.dz/product/2306/t-shirt-blanc-don-t-over-think-it/","timestamp":"2026-07-01T11:11:23.614Z"}
{"level":"info","message":"📸 Screenshot saved: debug-product-page.png","timestamp":"2026-07-01T11:11:29.959Z"}
{"level":"info","message":"✅ Extracted: T-shirt BLANC *DON T OVER THINK IT*","timestamp":"2026-07-01T11:11:32.056Z"}
{"level":"info","message":"   📋 Reference: DA950","timestamp":"2026-07-01T11:11:32.056Z"}
{"level":"info","message":"   💰 Price: 1200 DA","timestamp":"2026-07-01T11:11:32.056Z"}
{"level":"info","message":"   📸 Images: 5","timestamp":"2026-07-01T11:11:32.057Z"}
{"level":"info","message":"   📏 Variants: 4","timestamp":"2026-07-01T11:11:32.057Z"}
{"level":"info","message":"   📦 Total stock: 5410","timestamp":"2026-07-01T11:11:32.057Z"}
{"level":"info","message":"   📏 Sizes:","timestamp":"2026-07-01T11:11:32.057Z"}
{"level":"info","message":"      S: 1 pieces","timestamp":"2026-07-01T11:11:32.057Z"}
{"level":"info","message":"      M: 1 pieces","timestamp":"2026-07-01T11:11:32.057Z"}
{"level":"info","message":"      ENCE: 5407 pieces","timestamp":"2026-07-01T11:11:32.057Z"}
{"level":"info","message":"      ENTE: 1 pieces","timestamp":"2026-07-01T11:11:32.057Z"}
{"level":"info","message":"   📸 Image URLs:","timestamp":"2026-07-01T11:11:32.058Z"}
{"level":"info","message":"      1: https://kimland.dz/upload/54978694-10378779.jpg","timestamp":"2026-07-01T11:11:32.058Z"}
{"level":"info","message":"      2: https://kimland.dz/upload/1443700678.jpg","timestamp":"2026-07-01T11:11:32.058Z"}
{"level":"info","message":"      3: https://kimland.dz/upload/1732744692.jpg","timestamp":"2026-07-01T11:11:32.058Z"}
{"level":"info","message":"      4: https://kimland.dz/upload/573807695.jpg","timestamp":"2026-07-01T11:11:32.058Z"}
{"level":"info","message":"      5: https://kimland.dz/upload/1824821185.jpg","timestamp":"2026-07-01T11:11:32.058Z"}
{"level":"info","message":"💾 Saved to product-2306.json","timestamp":"2026-07-01T11:11:32.059Z"}
{"level":"info","message":"Browser closed","timestamp":"2026-07-01T11:11:32.147Z"}
{"level":"info","message":"Browser initialized","timestamp":"2026-07-01T11:13:25.531Z"}
{"level":"info","message":"Logging in to Kimland...","timestamp":"2026-07-01T11:13:25.533Z"}
{"level":"info","message":"✅ Email filled","timestamp":"2026-07-01T11:13:27.067Z"}
{"level":"info","message":"✅ Username filled","timestamp":"2026-07-01T11:13:27.075Z"}
{"level":"info","message":"✅ Password filled","timestamp":"2026-07-01T11:13:27.082Z"}
{"level":"info","message":"Current URL after login: https://kimland.dz/app/client/index.php","timestamp":"2026-07-01T11:13:27.784Z"}
{"level":"info","message":"✅ Login successful!","timestamp":"2026-07-01T11:13:27.784Z"}
{"level":"info","message":"📋 Extracting from: https://kimland.dz/product/2611/t-shirt-orange-tete-de-renne-/","timestamp":"2026-07-01T11:13:27.785Z"}
{"level":"info","message":"✅ Extracted: T-shirt ORANGE *TETE DE RENNE *","timestamp":"2026-07-01T11:13:32.892Z"}
{"level":"info","message":"   📋 Reference: DA950","timestamp":"2026-07-01T11:13:32.893Z"}
{"level":"info","message":"   💰 Price: 1200 DA","timestamp":"2026-07-01T11:13:32.893Z"}
{"level":"info","message":"   📸 Images: 5","timestamp":"2026-07-01T11:13:32.893Z"}
{"level":"info","message":"   📏 Variants: 4","timestamp":"2026-07-01T11:13:32.893Z"}
{"level":"info","message":"   📦 Total stock: 5709","timestamp":"2026-07-01T11:13:32.893Z"}
{"level":"info","message":"   📏 Sizes:","timestamp":"2026-07-01T11:13:32.893Z"}
{"level":"info","message":"      S: 2 pieces","timestamp":"2026-07-01T11:13:32.894Z"}
{"level":"info","message":"      M: 1 pieces","timestamp":"2026-07-01T11:13:32.894Z"}
{"level":"info","message":"      ENCE: 5705 pieces","timestamp":"2026-07-01T11:13:32.894Z"}
{"level":"info","message":"      ENTE: 1 pieces","timestamp":"2026-07-01T11:13:32.894Z"}
{"level":"info","message":"💾 Saved to product-2611.json","timestamp":"2026-07-01T11:13:32.895Z"}
{"level":"info","message":"Browser closed","timestamp":"2026-07-01T11:13:32.973Z"}
{"level":"info","message":"Browser initialized","timestamp":"2026-07-01T11:15:31.439Z"}
{"level":"info","message":"Logging in to Kimland...","timestamp":"2026-07-01T11:15:31.442Z"}
{"level":"info","message":"✅ Email filled","timestamp":"2026-07-01T11:15:33.155Z"}
{"level":"info","message":"✅ Username filled","timestamp":"2026-07-01T11:15:33.165Z"}
{"level":"info","message":"✅ Password filled","timestamp":"2026-07-01T11:15:33.177Z"}
{"level":"info","message":"Current URL after login: https://kimland.dz/app/client/index.php","timestamp":"2026-07-01T11:15:33.909Z"}
{"level":"info","message":"✅ Login successful!","timestamp":"2026-07-01T11:15:33.909Z"}
{"level":"info","message":"📋 Extracting from: https://kimland.dz/product/2611/t-shirt-orange-tete-de-renne-/","timestamp":"2026-07-01T11:15:33.910Z"}
{"level":"info","message":"✅ Extracted: T-shirt ORANGE *TETE DE RENNE *","timestamp":"2026-07-01T11:15:38.981Z"}
{"level":"info","message":"   📋 Reference: DA950","timestamp":"2026-07-01T11:15:38.981Z"}
{"level":"info","message":"   💰 Price: 1200 DA","timestamp":"2026-07-01T11:15:38.982Z"}
{"level":"info","message":"   📸 Images: 5","timestamp":"2026-07-01T11:15:38.982Z"}
{"level":"info","message":"   📏 Variants: 4","timestamp":"2026-07-01T11:15:38.982Z"}
{"level":"info","message":"   📦 Total stock: 5709","timestamp":"2026-07-01T11:15:38.982Z"}
{"level":"info","message":"   📏 Sizes:","timestamp":"2026-07-01T11:15:38.982Z"}
{"level":"info","message":"      S: 2 pieces","timestamp":"2026-07-01T11:15:38.982Z"}
{"level":"info","message":"      M: 1 pieces","timestamp":"2026-07-01T11:15:38.982Z"}
{"level":"info","message":"      ENCE: 5705 pieces","timestamp":"2026-07-01T11:15:38.983Z"}
{"level":"info","message":"      ENTE: 1 pieces","timestamp":"2026-07-01T11:15:38.983Z"}
{"level":"info","message":"Browser closed","timestamp":"2026-07-01T11:15:39.072Z"}
{"level":"info","message":"Browser initialized","timestamp":"2026-07-01T11:16:01.946Z"}
{"level":"info","message":"Logging in to Kimland...","timestamp":"2026-07-01T11:16:01.946Z"}
{"level":"info","message":"✅ Email filled","timestamp":"2026-07-01T11:16:03.617Z"}
{"level":"info","message":"✅ Username filled","timestamp":"2026-07-01T11:16:03.626Z"}
{"level":"info","message":"✅ Password filled","timestamp":"2026-07-01T11:16:03.637Z"}
{"level":"info","message":"Current URL after login: https://kimland.dz/app/client/index.php","timestamp":"2026-07-01T11:16:04.385Z"}
{"level":"info","message":"✅ Login successful!","timestamp":"2026-07-01T11:16:04.385Z"}
{"level":"info","message":"📋 Extracting from: https://kimland.dz/product/7662/adidas-sac-a-dos-essentials-linear/","timestamp":"2026-07-01T11:16:04.386Z"}
{"level":"info","message":"✅ Extracted: ADIDAS Sac à dos Essentials Linear","timestamp":"2026-07-01T11:16:09.607Z"}
{"level":"info","message":"   📋 Reference: HT4746","timestamp":"2026-07-01T11:16:09.608Z"}
{"level":"info","message":"   💰 Price: 4900 DA","timestamp":"2026-07-01T11:16:09.608Z"}
{"level":"info","message":"   📸 Images: 8","timestamp":"2026-07-01T11:16:09.609Z"}
{"level":"info","message":"   📏 Variants: 2","timestamp":"2026-07-01T11:16:09.609Z"}
{"level":"info","message":"   📦 Total stock: 252","timestamp":"2026-07-01T11:16:09.609Z"}
{"level":"info","message":"   📏 Sizes:","timestamp":"2026-07-01T11:16:09.610Z"}
{"level":"info","message":"      DARD: 248 pieces","timestamp":"2026-07-01T11:16:09.610Z"}
{"level":"info","message":"      ENTE: 4 pieces","timestamp":"2026-07-01T11:16:09.610Z"}
{"level":"info","message":"Browser closed","timestamp":"2026-07-01T11:16:09.699Z"}
{"level":"info","message":"Browser initialized","timestamp":"2026-07-02T14:18:15.003Z"}
{"level":"info","message":"Logging in to Kimland...","timestamp":"2026-07-02T14:18:15.006Z"}
{"level":"info","message":"✅ Email filled","timestamp":"2026-07-02T14:18:19.629Z"}
{"level":"info","message":"✅ Username filled","timestamp":"2026-07-02T14:18:19.652Z"}
{"level":"info","message":"✅ Password filled","timestamp":"2026-07-02T14:18:19.673Z"}
{"level":"info","message":"Current URL after login: https://kimland.dz/app/client/index.php","timestamp":"2026-07-02T14:18:20.620Z"}
{"level":"info","message":"✅ Login successful!","timestamp":"2026-07-02T14:18:20.621Z"}
{"level":"info","message":"📋 Extracting from: https://kimland.dz/product/10166/nike-zoom-vapor-16-academy/","timestamp":"2026-07-02T14:18:20.622Z"}
{"level":"info","message":"✅ Extracted: NIKE ZOOM VAPOR 16 ACADEMY","timestamp":"2026-07-02T14:18:26.313Z"}
{"level":"info","message":"   📋 Reference: FQ8374","timestamp":"2026-07-02T14:18:26.313Z"}
{"level":"info","message":"   💰 Price: 11000 DA","timestamp":"2026-07-02T14:18:26.314Z"}
{"level":"info","message":"   📸 Images: 8","timestamp":"2026-07-02T14:18:26.314Z"}
{"level":"info","message":"   📏 Variants: 5","timestamp":"2026-07-02T14:18:26.314Z"}
{"level":"info","message":"   📦 Total stock: 828","timestamp":"2026-07-02T14:18:26.314Z"}
{"level":"info","message":"   📏 Sizes:","timestamp":"2026-07-02T14:18:26.314Z"}
{"level":"info","message":"      41: 6 pieces","timestamp":"2026-07-02T14:18:26.314Z"}
{"level":"info","message":"      42: 5 pieces","timestamp":"2026-07-02T14:18:26.314Z"}
{"level":"info","message":"      44: 6 pieces","timestamp":"2026-07-02T14:18:26.314Z"}
{"level":"info","message":"      74: 800 pieces","timestamp":"2026-07-02T14:18:26.314Z"}
{"level":"info","message":"      ENTE: 11 pieces","timestamp":"2026-07-02T14:18:26.315Z"}
{"level":"info","message":"Browser closed","timestamp":"2026-07-02T14:18:26.421Z"}
{"level":"info","message":"Browser initialized","timestamp":"2026-07-02T14:19:14.721Z"}
{"level":"info","message":"Logging in to Kimland...","timestamp":"2026-07-02T14:19:14.721Z"}
{"level":"info","message":"✅ Email filled","timestamp":"2026-07-02T14:19:16.443Z"}
{"level":"info","message":"✅ Username filled","timestamp":"2026-07-02T14:19:16.452Z"}
{"level":"info","message":"✅ Password filled","timestamp":"2026-07-02T14:19:16.463Z"}
{"level":"info","message":"Current URL after login: https://kimland.dz/app/client/index.php","timestamp":"2026-07-02T14:19:17.209Z"}
{"level":"info","message":"✅ Login successful!","timestamp":"2026-07-02T14:19:17.209Z"}
{"level":"info","message":"📋 Extracting from: https://kimland.dz/product/10166/nike-zoom-vapor-16-academy/","timestamp":"2026-07-02T14:19:17.211Z"}
{"level":"info","message":"✅ Extracted: NIKE ZOOM VAPOR 16 ACADEMY","timestamp":"2026-07-02T14:19:23.300Z"}
{"level":"info","message":"   📋 Reference: FQ8374","timestamp":"2026-07-02T14:19:23.301Z"}
{"level":"info","message":"   💰 Price: 11000 DA","timestamp":"2026-07-02T14:19:23.301Z"}
{"level":"info","message":"   📸 Images: 8","timestamp":"2026-07-02T14:19:23.301Z"}
{"level":"info","message":"   📏 Variants: 5","timestamp":"2026-07-02T14:19:23.302Z"}
{"level":"info","message":"   📦 Total stock: 828","timestamp":"2026-07-02T14:19:23.302Z"}
{"level":"info","message":"   📏 Sizes:","timestamp":"2026-07-02T14:19:23.302Z"}
{"level":"info","message":"      41: 6 pieces","timestamp":"2026-07-02T14:19:23.302Z"}
{"level":"info","message":"      42: 5 pieces","timestamp":"2026-07-02T14:19:23.302Z"}
{"level":"info","message":"      44: 6 pieces","timestamp":"2026-07-02T14:19:23.302Z"}
{"level":"info","message":"      74: 800 pieces","timestamp":"2026-07-02T14:19:23.302Z"}
{"level":"info","message":"      ENTE: 11 pieces","timestamp":"2026-07-02T14:19:23.303Z"}
{"level":"info","message":"Browser closed","timestamp":"2026-07-02T14:19:23.381Z"}
{"level":"info","message":"Browser initialized","timestamp":"2026-07-02T14:22:25.783Z"}
{"level":"info","message":"Logging in to Kimland...","timestamp":"2026-07-02T14:22:25.786Z"}
{"level":"info","message":"✅ Email filled","timestamp":"2026-07-02T14:22:27.334Z"}
{"level":"info","message":"✅ Username filled","timestamp":"2026-07-02T14:22:27.343Z"}
{"level":"info","message":"✅ Password filled","timestamp":"2026-07-02T14:22:27.354Z"}
{"level":"info","message":"Current URL after login: https://kimland.dz/app/client/index.php","timestamp":"2026-07-02T14:22:28.073Z"}
{"level":"info","message":"✅ Login successful!","timestamp":"2026-07-02T14:22:28.073Z"}
{"level":"info","message":"📋 Extracting from: https://kimland.dz/product/10166/nike-zoom-vapor-16-academy/","timestamp":"2026-07-02T14:22:28.075Z"}
{"level":"info","message":"✅ Extracted: NIKE ZOOM VAPOR 16 ACADEMY","timestamp":"2026-07-02T14:22:33.453Z"}
{"level":"info","message":"   📋 Reference: FQ8374","timestamp":"2026-07-02T14:22:33.453Z"}
{"level":"info","message":"   💰 Price: 11000 DA","timestamp":"2026-07-02T14:22:33.454Z"}
{"level":"info","message":"   📸 Images: 8","timestamp":"2026-07-02T14:22:33.454Z"}
{"level":"info","message":"   📏 Variants: 7","timestamp":"2026-07-02T14:22:33.454Z"}
{"level":"info","message":"   📦 Total stock: 875","timestamp":"2026-07-02T14:22:33.454Z"}
{"level":"info","message":"   📏 Sizes:","timestamp":"2026-07-02T14:22:33.454Z"}
{"level":"info","message":"      40.5: 6 pieces","timestamp":"2026-07-02T14:22:33.455Z"}
{"level":"info","message":"      41: 6 pieces","timestamp":"2026-07-02T14:22:33.455Z"}
{"level":"info","message":"      42: 5 pieces","timestamp":"2026-07-02T14:22:33.455Z"}
{"level":"info","message":"      44: 6 pieces","timestamp":"2026-07-02T14:22:33.460Z"}
{"level":"info","message":"      8374: 800 pieces","timestamp":"2026-07-02T14:22:33.460Z"}
{"level":"info","message":"      ente: 11 pieces","timestamp":"2026-07-02T14:22:33.461Z"}
{"level":"info","message":"      ture: 41 pieces","timestamp":"2026-07-02T14:22:33.461Z"}
{"level":"info","message":"Browser closed","timestamp":"2026-07-02T14:22:33.539Z"}
{"level":"info","message":"Browser initialized","timestamp":"2026-07-02T14:25:44.897Z"}
{"level":"info","message":"Logging in to Kimland...","timestamp":"2026-07-02T14:25:44.903Z"}
{"level":"info","message":"✅ Email filled","timestamp":"2026-07-02T14:25:46.966Z"}
{"level":"info","message":"✅ Username filled","timestamp":"2026-07-02T14:25:46.978Z"}
{"level":"info","message":"✅ Password filled","timestamp":"2026-07-02T14:25:46.992Z"}
{"level":"info","message":"Current URL after login: https://kimland.dz/app/client/index.php","timestamp":"2026-07-02T14:25:47.749Z"}
{"level":"info","message":"✅ Login successful!","timestamp":"2026-07-02T14:25:47.750Z"}
{"level":"info","message":"📋 Extracting from: https://kimland.dz/product/10166/nike-zoom-vapor-16-academy/","timestamp":"2026-07-02T14:25:47.751Z"}
{"level":"info","message":"✅ Extracted: NIKE ZOOM VAPOR 16 ACADEMY","timestamp":"2026-07-02T14:25:53.295Z"}
{"level":"info","message":"   📋 Reference: FQ8374","timestamp":"2026-07-02T14:25:53.296Z"}
{"level":"info","message":"   💰 Price: 11000 DA","timestamp":"2026-07-02T14:25:53.296Z"}
{"level":"info","message":"   📸 Images: 8","timestamp":"2026-07-02T14:25:53.296Z"}
{"level":"info","message":"   📏 Variants: 0","timestamp":"2026-07-02T14:25:53.297Z"}
{"level":"info","message":"   📦 Total stock: 0","timestamp":"2026-07-02T14:25:53.297Z"}
{"level":"info","message":"Browser closed","timestamp":"2026-07-02T14:25:53.397Z"}
{"level":"info","message":"Browser initialized","timestamp":"2026-07-02T14:27:55.705Z"}
{"level":"info","message":"Logging in to Kimland...","timestamp":"2026-07-02T14:27:55.709Z"}
{"level":"info","message":"✅ Email filled","timestamp":"2026-07-02T14:27:57.440Z"}
{"level":"info","message":"✅ Username filled","timestamp":"2026-07-02T14:27:57.454Z"}
{"level":"info","message":"✅ Password filled","timestamp":"2026-07-02T14:27:57.470Z"}
{"level":"info","message":"Current URL after login: https://kimland.dz/app/client/index.php","timestamp":"2026-07-02T14:27:58.213Z"}
{"level":"info","message":"✅ Login successful!","timestamp":"2026-07-02T14:27:58.263Z"}
{"level":"info","message":"📋 Extracting from: https://kimland.dz/product/10166/nike-zoom-vapor-16-academy/","timestamp":"2026-07-02T14:27:58.264Z"}
{"level":"info","message":"✅ Found size select dropdown","timestamp":"2026-07-02T14:28:02.617Z"}
{"level":"info","message":"✅ Extracted: NIKE ZOOM VAPOR 16 ACADEMY","timestamp":"2026-07-02T14:28:02.626Z"}
{"level":"info","message":"   📋 Reference: FQ8374","timestamp":"2026-07-02T14:28:02.626Z"}
{"level":"info","message":"   💰 Price: 11000 DA","timestamp":"2026-07-02T14:28:02.626Z"}
{"level":"info","message":"   📸 Images: 8","timestamp":"2026-07-02T14:28:02.626Z"}
{"level":"info","message":"   📏 Variants: 4","timestamp":"2026-07-02T14:28:02.626Z"}
{"level":"info","message":"   📦 Total stock: 23","timestamp":"2026-07-02T14:28:02.627Z"}
{"level":"info","message":"   📏 Sizes:","timestamp":"2026-07-02T14:28:02.627Z"}
{"level":"info","message":"      40.5: 6 pieces","timestamp":"2026-07-02T14:28:02.627Z"}
{"level":"info","message":"      41: 6 pieces","timestamp":"2026-07-02T14:28:02.627Z"}
{"level":"info","message":"      42: 5 pieces","timestamp":"2026-07-02T14:28:02.627Z"}
{"level":"info","message":"      44: 6 pieces","timestamp":"2026-07-02T14:28:02.627Z"}
{"level":"info","message":"Browser closed","timestamp":"2026-07-02T14:28:02.689Z"}
{"level":"info","message":"Browser initialized","timestamp":"2026-07-02T14:32:02.415Z"}
{"level":"info","message":"Logging in to Kimland...","timestamp":"2026-07-02T14:32:02.417Z"}
{"level":"info","message":"✅ Email filled","timestamp":"2026-07-02T14:32:06.202Z"}
{"level":"info","message":"✅ Username filled","timestamp":"2026-07-02T14:32:06.231Z"}
{"level":"info","message":"✅ Password filled","timestamp":"2026-07-02T14:32:06.244Z"}
{"level":"info","message":"Current URL after login: https://kimland.dz/app/client/index.php","timestamp":"2026-07-02T14:32:07.004Z"}
{"level":"info","message":"✅ Login successful!","timestamp":"2026-07-02T14:32:07.004Z"}
{"level":"info","message":"📋 Extracting from: https://kimland.dz/product/10166/nike-zoom-vapor-16-academy/","timestamp":"2026-07-02T14:32:07.006Z"}
{"level":"info","message":"✅ Found size select dropdown","timestamp":"2026-07-02T14:32:11.226Z"}
{"level":"info","message":"✅ Extracted: NIKE ZOOM VAPOR 16 ACADEMY","timestamp":"2026-07-02T14:32:11.259Z"}
{"level":"info","message":"   📋 Reference: FQ8374-800","timestamp":"2026-07-02T14:32:11.259Z"}
{"level":"info","message":"   💰 Price: 11000 DA","timestamp":"2026-07-02T14:32:11.259Z"}
{"level":"info","message":"   📸 Images: 8","timestamp":"2026-07-02T14:32:11.260Z"}
{"level":"info","message":"   📏 Variants: 4","timestamp":"2026-07-02T14:32:11.260Z"}
{"level":"info","message":"   📦 Total stock: 23","timestamp":"2026-07-02T14:32:11.260Z"}
{"level":"info","message":"   📏 Sizes:","timestamp":"2026-07-02T14:32:11.260Z"}
{"level":"info","message":"      40.5: 6 pieces","timestamp":"2026-07-02T14:32:11.260Z"}
{"level":"info","message":"      41: 6 pieces","timestamp":"2026-07-02T14:32:11.260Z"}
{"level":"info","message":"      42: 5 pieces","timestamp":"2026-07-02T14:32:11.261Z"}
{"level":"info","message":"      44: 6 pieces","timestamp":"2026-07-02T14:32:11.261Z"}
{"level":"info","message":"Browser closed","timestamp":"2026-07-02T14:32:11.341Z"}
{"level":"info","message":"Browser initialized","timestamp":"2026-07-02T14:33:00.890Z"}
{"level":"info","message":"Logging in to Kimland...","timestamp":"2026-07-02T14:33:00.891Z"}
{"level":"info","message":"✅ Email filled","timestamp":"2026-07-02T14:33:02.586Z"}
{"level":"info","message":"✅ Username filled","timestamp":"2026-07-02T14:33:02.598Z"}
{"level":"info","message":"✅ Password filled","timestamp":"2026-07-02T14:33:02.609Z"}
{"level":"info","message":"Current URL after login: https://kimland.dz/app/client/index.php","timestamp":"2026-07-02T14:33:03.341Z"}
{"level":"info","message":"✅ Login successful!","timestamp":"2026-07-02T14:33:03.341Z"}
{"level":"info","message":"📋 Extracting from: https://kimland.dz/product/10247/adidas-tiro-match-football-ball/","timestamp":"2026-07-02T14:33:03.341Z"}
{"level":"info","message":"✅ Found size select dropdown","timestamp":"2026-07-02T14:33:07.575Z"}
{"level":"info","message":"✅ Extracted: Adidas Tiro Match Football Ball","timestamp":"2026-07-02T14:33:07.602Z"}
{"level":"info","message":"   📋 Reference: HT2421","timestamp":"2026-07-02T14:33:07.602Z"}
{"level":"info","message":"   💰 Price: 4500 DA","timestamp":"2026-07-02T14:33:07.602Z"}
{"level":"info","message":"   📸 Images: 6","timestamp":"2026-07-02T14:33:07.603Z"}
{"level":"info","message":"   📏 Variants: 0","timestamp":"2026-07-02T14:33:07.603Z"}
{"level":"info","message":"   📦 Total stock: 0","timestamp":"2026-07-02T14:33:07.603Z"}
{"level":"info","message":"Browser closed","timestamp":"2026-07-02T14:33:07.665Z"}
{"level":"info","message":"Browser initialized","timestamp":"2026-07-02T14:35:39.516Z"}
{"level":"info","message":"Logging in to Kimland...","timestamp":"2026-07-02T14:35:39.518Z"}
{"level":"info","message":"✅ Email filled","timestamp":"2026-07-02T14:35:41.697Z"}
{"level":"info","message":"✅ Username filled","timestamp":"2026-07-02T14:35:41.736Z"}
{"level":"info","message":"✅ Password filled","timestamp":"2026-07-02T14:35:41.746Z"}
{"level":"info","message":"Current URL after login: https://kimland.dz/app/client/index.php","timestamp":"2026-07-02T14:35:42.479Z"}
{"level":"info","message":"✅ Login successful!","timestamp":"2026-07-02T14:35:42.480Z"}
{"level":"info","message":"📋 Extracting from: https://kimland.dz/product/10247/adidas-tiro-match-football-ball/","timestamp":"2026-07-02T14:35:42.480Z"}
{"level":"info","message":"✅ Extracted: Adidas Tiro Match Football Ball","timestamp":"2026-07-02T14:35:46.690Z"}
{"level":"info","message":"   📋 Reference: HT2421","timestamp":"2026-07-02T14:35:46.690Z"}
{"level":"info","message":"   💰 Price: 4500 DA","timestamp":"2026-07-02T14:35:46.690Z"}
{"level":"info","message":"   📸 Images: 6","timestamp":"2026-07-02T14:35:46.691Z"}
{"level":"info","message":"   📏 Variant Type: Taille (taille)","timestamp":"2026-07-02T14:35:46.691Z"}
{"level":"info","message":"   📏 Variants: 1","timestamp":"2026-07-02T14:35:46.691Z"}
{"level":"info","message":"   📦 Total stock: 4","timestamp":"2026-07-02T14:35:46.691Z"}
{"level":"info","message":"   📏 Sizes:","timestamp":"2026-07-02T14:35:46.691Z"}
{"level":"info","message":"      Prix de vente: 4 pieces","timestamp":"2026-07-02T14:35:46.691Z"}
{"level":"info","message":"Browser closed","timestamp":"2026-07-02T14:35:46.738Z"}
{"level":"info","message":"Browser initialized","timestamp":"2026-07-02T14:35:46.887Z"}
{"level":"info","message":"Logging in to Kimland...","timestamp":"2026-07-02T14:35:46.887Z"}
{"level":"info","message":"✅ Email filled","timestamp":"2026-07-02T14:35:49.766Z"}
{"level":"info","message":"✅ Username filled","timestamp":"2026-07-02T14:35:49.775Z"}
{"level":"info","message":"✅ Password filled","timestamp":"2026-07-02T14:35:49.790Z"}
{"level":"info","message":"Current URL after login: https://kimland.dz/app/client/index.php","timestamp":"2026-07-02T14:35:50.508Z"}
{"level":"info","message":"✅ Login successful!","timestamp":"2026-07-02T14:35:50.509Z"}
{"level":"info","message":"📋 Extracting from: https://kimland.dz/product/10166/nike-zoom-vapor-16-academy/","timestamp":"2026-07-02T14:35:50.509Z"}
{"level":"info","message":"✅ Extracted: NIKE ZOOM VAPOR 16 ACADEMY","timestamp":"2026-07-02T14:35:54.751Z"}
{"level":"info","message":"   📋 Reference: FQ8374-800","timestamp":"2026-07-02T14:35:54.751Z"}
{"level":"info","message":"   💰 Price: 11000 DA","timestamp":"2026-07-02T14:35:54.751Z"}
{"level":"info","message":"   📸 Images: 8","timestamp":"2026-07-02T14:35:54.751Z"}
{"level":"info","message":"   📏 Variant Type: Pointure (pointure)","timestamp":"2026-07-02T14:35:54.752Z"}
{"level":"info","message":"   📏 Variants: 4","timestamp":"2026-07-02T14:35:54.752Z"}
{"level":"info","message":"   📦 Total stock: 23","timestamp":"2026-07-02T14:35:54.752Z"}
{"level":"info","message":"   📏 Sizes:","timestamp":"2026-07-02T14:35:54.752Z"}
{"level":"info","message":"      40.5: 6 pieces","timestamp":"2026-07-02T14:35:54.752Z"}
{"level":"info","message":"      41: 6 pieces","timestamp":"2026-07-02T14:35:54.752Z"}
{"level":"info","message":"      42: 5 pieces","timestamp":"2026-07-02T14:35:54.752Z"}
{"level":"info","message":"      44: 6 pieces","timestamp":"2026-07-02T14:35:54.752Z"}
{"level":"info","message":"Browser closed","timestamp":"2026-07-02T14:35:54.813Z"}
{"level":"info","message":"Browser initialized","timestamp":"2026-07-02T14:40:31.860Z"}
{"level":"info","message":"Logging in to Kimland...","timestamp":"2026-07-02T14:40:31.862Z"}
{"level":"info","message":"✅ Email filled","timestamp":"2026-07-02T14:40:33.827Z"}
{"level":"info","message":"✅ Username filled","timestamp":"2026-07-02T14:40:33.841Z"}
{"level":"info","message":"✅ Password filled","timestamp":"2026-07-02T14:40:33.851Z"}
{"level":"info","message":"Current URL after login: https://kimland.dz/app/client/index.php","timestamp":"2026-07-02T14:40:34.575Z"}
{"level":"info","message":"✅ Login successful!","timestamp":"2026-07-02T14:40:34.575Z"}
{"level":"info","message":"📋 Extracting from: https://kimland.dz/product/10247/adidas-tiro-match-football-ball/","timestamp":"2026-07-02T14:40:34.576Z"}
{"level":"info","message":"✅ Extracted: Adidas Tiro Match Football Ball","timestamp":"2026-07-02T14:40:38.810Z"}
{"level":"info","message":"   📋 Reference: HT2421","timestamp":"2026-07-02T14:40:38.810Z"}
{"level":"info","message":"   💰 Selling Price: 4500 DA","timestamp":"2026-07-02T14:40:38.810Z"}
{"level":"info","message":"   💰 Cost Price: 3300 DA","timestamp":"2026-07-02T14:40:38.811Z"}
{"level":"info","message":"   📸 Images: 6","timestamp":"2026-07-02T14:40:38.811Z"}
{"level":"info","message":"   📏 Variant Type: Taille (taille)","timestamp":"2026-07-02T14:40:38.811Z"}
{"level":"info","message":"   📏 Variants: 1","timestamp":"2026-07-02T14:40:38.811Z"}
{"level":"info","message":"   📦 Total stock: 151","timestamp":"2026-07-02T14:40:38.811Z"}
{"level":"info","message":"   📏 Variants:","timestamp":"2026-07-02T14:40:38.811Z"}
{"level":"info","message":"      Standard: 151 pieces","timestamp":"2026-07-02T14:40:38.812Z"}
{"level":"info","message":"Browser closed","timestamp":"2026-07-02T14:40:38.899Z"}
{"level":"info","message":"Browser initialized","timestamp":"2026-07-02T14:40:39.054Z"}
{"level":"info","message":"Logging in to Kimland...","timestamp":"2026-07-02T14:40:39.055Z"}
{"level":"info","message":"✅ Email filled","timestamp":"2026-07-02T14:40:40.739Z"}
{"level":"info","message":"✅ Username filled","timestamp":"2026-07-02T14:40:40.746Z"}
{"level":"info","message":"✅ Password filled","timestamp":"2026-07-02T14:40:40.756Z"}
{"level":"info","message":"Current URL after login: https://kimland.dz/app/client/index.php","timestamp":"2026-07-02T14:40:41.474Z"}
{"level":"info","message":"✅ Login successful!","timestamp":"2026-07-02T14:40:41.474Z"}
{"level":"info","message":"📋 Extracting from: https://kimland.dz/product/10166/nike-zoom-vapor-16-academy/","timestamp":"2026-07-02T14:40:41.474Z"}
{"level":"info","message":"✅ Extracted: NIKE ZOOM VAPOR 16 ACADEMY","timestamp":"2026-07-02T14:40:45.811Z"}
{"level":"info","message":"   📋 Reference: FQ8374-800","timestamp":"2026-07-02T14:40:45.812Z"}
{"level":"info","message":"   💰 Selling Price: 11000 DA","timestamp":"2026-07-02T14:40:45.812Z"}
{"level":"info","message":"   💰 Cost Price: 7800 DA","timestamp":"2026-07-02T14:40:45.812Z"}
{"level":"info","message":"   📸 Images: 8","timestamp":"2026-07-02T14:40:45.812Z"}
{"level":"info","message":"   📏 Variant Type: Pointure (pointure)","timestamp":"2026-07-02T14:40:45.812Z"}
{"level":"info","message":"   📏 Variants: 4","timestamp":"2026-07-02T14:40:45.812Z"}
{"level":"info","message":"   📦 Total stock: 23","timestamp":"2026-07-02T14:40:45.812Z"}
{"level":"info","message":"   📏 Variants:","timestamp":"2026-07-02T14:40:45.812Z"}
{"level":"info","message":"      40.5: 6 pieces","timestamp":"2026-07-02T14:40:45.812Z"}
{"level":"info","message":"      41: 6 pieces","timestamp":"2026-07-02T14:40:45.812Z"}
{"level":"info","message":"      42: 5 pieces","timestamp":"2026-07-02T14:40:45.813Z"}
{"level":"info","message":"      44: 6 pieces","timestamp":"2026-07-02T14:40:45.813Z"}
{"level":"info","message":"Browser closed","timestamp":"2026-07-02T14:40:45.905Z"}
{"level":"info","message":"Browser initialized","timestamp":"2026-07-02T14:42:46.054Z"}
{"level":"info","message":"Logging in to Kimland...","timestamp":"2026-07-02T14:42:46.054Z"}
{"level":"info","message":"✅ Email filled","timestamp":"2026-07-02T14:42:47.555Z"}
{"level":"info","message":"✅ Username filled","timestamp":"2026-07-02T14:42:47.569Z"}
{"level":"info","message":"✅ Password filled","timestamp":"2026-07-02T14:42:47.580Z"}
{"level":"info","message":"Current URL after login: https://kimland.dz/app/client/index.php","timestamp":"2026-07-02T14:42:48.301Z"}
{"level":"info","message":"✅ Login successful!","timestamp":"2026-07-02T14:42:48.302Z"}
{"level":"info","message":"📋 Extracting from: https://kimland.dz/product/10248/adidas-tango-glider-football-ball/","timestamp":"2026-07-02T14:42:48.302Z"}
{"level":"info","message":"✅ Extracted: Adidas Tango Glider Football Ball","timestamp":"2026-07-02T14:42:52.514Z"}
{"level":"info","message":"   📋 Reference: S12241","timestamp":"2026-07-02T14:42:52.514Z"}
{"level":"info","message":"   💰 Selling Price: 4200 DA","timestamp":"2026-07-02T14:42:52.514Z"}
{"level":"info","message":"   💰 Cost Price: 3000 DA","timestamp":"2026-07-02T14:42:52.515Z"}
{"level":"info","message":"   📸 Images: 7","timestamp":"2026-07-02T14:42:52.515Z"}
{"level":"info","message":"   📏 Variant Type: Taille (taille)","timestamp":"2026-07-02T14:42:52.515Z"}
{"level":"info","message":"   📏 Variants: 1","timestamp":"2026-07-02T14:42:52.515Z"}
{"level":"info","message":"   📦 Total stock: 407","timestamp":"2026-07-02T14:42:52.515Z"}
{"level":"info","message":"   📏 Variants:","timestamp":"2026-07-02T14:42:52.515Z"}
{"level":"info","message":"      Standard: 407 pieces","timestamp":"2026-07-02T14:42:52.515Z"}
{"level":"info","message":"Browser closed","timestamp":"2026-07-02T14:42:52.592Z"}
{"level":"info","message":"Browser initialized","timestamp":"2026-07-02T14:44:28.821Z"}
{"level":"info","message":"Logging in to Kimland...","timestamp":"2026-07-02T14:44:28.822Z"}
{"level":"info","message":"✅ Email filled","timestamp":"2026-07-02T14:44:30.796Z"}
{"level":"info","message":"✅ Username filled","timestamp":"2026-07-02T14:44:30.806Z"}
{"level":"info","message":"✅ Password filled","timestamp":"2026-07-02T14:44:30.815Z"}
{"level":"info","message":"Current URL after login: https://kimland.dz/app/client/index.php","timestamp":"2026-07-02T14:44:31.605Z"}
{"level":"info","message":"✅ Login successful!","timestamp":"2026-07-02T14:44:31.605Z"}
{"level":"info","message":"📋 Extracting from: https://kimland.dz/product/7436/rider-street-slide-ad-bluebluegreen/","timestamp":"2026-07-02T14:44:31.605Z"}
{"level":"info","message":"✅ Extracted: RIDER STREET SLIDE AD BLUE/BLUE/GREEN","timestamp":"2026-07-02T14:44:39.147Z"}
{"level":"info","message":"   📋 Reference: 11578AR408","timestamp":"2026-07-02T14:44:39.147Z"}
{"level":"info","message":"   💰 Selling Price: 3900 DA","timestamp":"2026-07-02T14:44:39.148Z"}
{"level":"info","message":"   💰 Cost Price: 2800 DA","timestamp":"2026-07-02T14:44:39.148Z"}
{"level":"info","message":"   📸 Images: 5","timestamp":"2026-07-02T14:44:39.148Z"}
{"level":"info","message":"   📏 Variant Type: Pointure (pointure)","timestamp":"2026-07-02T14:44:39.148Z"}
{"level":"info","message":"   📏 Variants: 3","timestamp":"2026-07-02T14:44:39.148Z"}
{"level":"info","message":"   📦 Total stock: 15","timestamp":"2026-07-02T14:44:39.149Z"}
{"level":"info","message":"   📏 Variants:","timestamp":"2026-07-02T14:44:39.149Z"}
{"level":"info","message":"      43: 12 pieces","timestamp":"2026-07-02T14:44:39.149Z"}
{"level":"info","message":"      44: 2 pieces","timestamp":"2026-07-02T14:44:39.149Z"}
{"level":"info","message":"      45: 1 pieces","timestamp":"2026-07-02T14:44:39.149Z"}
{"level":"info","message":"Browser closed","timestamp":"2026-07-02T14:44:39.241Z"}
{"level":"error","message":"❌ Échec de la récupération des produits:","timestamp":"2026-07-02T21:01:44.562Z"}
{"level":"error","message":"❌ Échec de la récupération des produits:","timestamp":"2026-07-02T21:01:56.280Z"}
{"level":"error","message":"❌ Échec de la récupération des produits:","timestamp":"2026-07-02T21:02:01.692Z"}
{"level":"error","message":"❌ Échec de la récupération des produits:","timestamp":"2026-07-02T21:02:03.979Z"}
{"level":"error","message":"❌ Échec de la récupération des produits:","timestamp":"2026-07-02T21:02:04.985Z"}
{"level":"error","message":"❌ Échec de la récupération des produits:","timestamp":"2026-07-02T21:02:06.047Z"}
{"level":"error","message":"❌ Échec de la récupération des produits:","timestamp":"2026-07-02T21:02:06.704Z"}
{"level":"info","message":"📄 Récupération de la page 1 des produits Shopify...","timestamp":"2026-07-02T21:03:30.865Z"}
{"level":"info","message":"✅ Page 1: 250 produits récupérés (total: 250)","timestamp":"2026-07-02T21:03:35.091Z"}
{"level":"info","message":"📄 Récupération de la page 2 des produits Shopify...","timestamp":"2026-07-02T21:03:35.601Z"}
{"level":"info","message":"✅ Page 2: 170 produits récupérés (total: 420)","timestamp":"2026-07-02T21:03:38.852Z"}
{"level":"info","message":"📦 420 produits récupérés depuis Shopify (2 pages)","timestamp":"2026-07-02T21:03:38.853Z"}
{"level":"info","message":"📄 Récupération de la page 1 des produits Shopify...","timestamp":"2026-07-02T21:09:55.178Z"}
{"level":"info","message":"✅ Page 1: 250 produits récupérés (total: 250)","timestamp":"2026-07-02T21:09:55.959Z"}
{"level":"info","message":"📄 Récupération de la page 2 des produits Shopify...","timestamp":"2026-07-02T21:09:56.471Z"}
{"level":"info","message":"📄 Récupération de la page 1 des produits Shopify...","timestamp":"2026-07-02T21:09:56.950Z"}
{"level":"info","message":"✅ Page 2: 170 produits récupérés (total: 420)","timestamp":"2026-07-02T21:09:57.004Z"}
{"level":"info","message":"📦 420 produits récupérés depuis Shopify (2 pages)","timestamp":"2026-07-02T21:09:57.005Z"}
{"level":"info","message":"✅ Page 1: 250 produits récupérés (total: 250)","timestamp":"2026-07-02T21:09:57.679Z"}
{"level":"info","message":"📄 Récupération de la page 2 des produits Shopify...","timestamp":"2026-07-02T21:09:58.190Z"}
{"level":"info","message":"✅ Page 2: 170 produits récupérés (total: 420)","timestamp":"2026-07-02T21:09:58.727Z"}
{"level":"info","message":"📦 420 produits récupérés depuis Shopify (2 pages)","timestamp":"2026-07-02T21:09:58.727Z"}
{"level":"info","message":"📄 Récupération de la page 1 des produits Shopify...","timestamp":"2026-07-02T21:10:02.159Z"}
{"level":"info","message":"✅ Page 1: 250 produits récupérés (total: 250)","timestamp":"2026-07-02T21:10:02.763Z"}
{"level":"info","message":"📄 Récupération de la page 2 des produits Shopify...","timestamp":"2026-07-02T21:10:03.268Z"}
{"level":"info","message":"✅ Page 2: 170 produits récupérés (total: 420)","timestamp":"2026-07-02T21:10:03.809Z"}
{"level":"info","message":"📦 420 produits récupérés depuis Shopify (2 pages)","timestamp":"2026-07-02T21:10:03.809Z"}
{"level":"info","message":"📄 Récupération de la page 1 des produits Shopify...","timestamp":"2026-07-02T21:10:09.220Z"}
{"level":"info","message":"✅ Page 1: 250 produits récupérés (total: 250)","timestamp":"2026-07-02T21:10:09.934Z"}
{"level":"info","message":"📄 Récupération de la page 2 des produits Shopify...","timestamp":"2026-07-02T21:10:10.447Z"}
{"level":"info","message":"✅ Page 2: 170 produits récupérés (total: 420)","timestamp":"2026-07-02T21:10:11.022Z"}
{"level":"info","message":"📦 420 produits récupérés depuis Shopify (2 pages)","timestamp":"2026-07-02T21:10:11.022Z"}
{"level":"info","message":"📄 Récupération de la page 1 des produits Shopify...","timestamp":"2026-07-02T21:11:30.321Z"}
{"level":"info","message":"✅ Page 1: 250 produits récupérés (total: 250)","timestamp":"2026-07-02T21:11:31.047Z"}
{"level":"info","message":"📄 Récupération de la page 2 des produits Shopify...","timestamp":"2026-07-02T21:11:31.562Z"}
{"level":"info","message":"✅ Page 2: 170 produits récupérés (total: 420)","timestamp":"2026-07-02T21:11:32.196Z"}
{"level":"info","message":"📦 420 produits récupérés depuis Shopify (2 pages)","timestamp":"2026-07-02T21:11:32.197Z"}
{"level":"info","message":"📄 Récupération de la page 1 des produits Shopify...","timestamp":"2026-07-02T21:11:48.717Z"}
{"level":"info","message":"✅ Page 1: 250 produits récupérés (total: 250)","timestamp":"2026-07-02T21:11:49.493Z"}
{"level":"info","message":"📄 Récupération de la page 2 des produits Shopify...","timestamp":"2026-07-02T21:11:50.008Z"}
{"level":"info","message":"✅ Page 2: 170 produits récupérés (total: 420)","timestamp":"2026-07-02T21:11:50.696Z"}
{"level":"info","message":"📦 420 produits récupérés depuis Shopify (2 pages)","timestamp":"2026-07-02T21:11:50.696Z"}
{"level":"info","message":"📄 Récupération de la page 1 des produits Shopify...","timestamp":"2026-07-02T21:12:44.545Z"}
{"level":"info","message":"✅ Page 1: 250 produits récupérés (total: 250)","timestamp":"2026-07-02T21:12:45.338Z"}
{"level":"info","message":"📄 Récupération de la page 2 des produits Shopify...","timestamp":"2026-07-02T21:12:45.840Z"}
{"level":"info","message":"✅ Page 2: 170 produits récupérés (total: 420)","timestamp":"2026-07-02T21:12:46.379Z"}
{"level":"info","message":"📦 420 produits récupérés depuis Shopify (2 pages)","timestamp":"2026-07-02T21:12:46.380Z"}
{"level":"info","message":"📄 Récupération de la page 1 des produits Shopify...","timestamp":"2026-07-02T21:12:55.900Z"}
{"level":"info","message":"✅ Page 1: 250 produits récupérés (total: 250)","timestamp":"2026-07-02T21:12:56.665Z"}
{"level":"info","message":"📄 Récupération de la page 2 des produits Shopify...","timestamp":"2026-07-02T21:12:57.171Z"}
{"level":"info","message":"✅ Page 2: 170 produits récupérés (total: 420)","timestamp":"2026-07-02T21:12:57.687Z"}
{"level":"info","message":"📦 420 produits récupérés depuis Shopify (2 pages)","timestamp":"2026-07-02T21:12:57.688Z"}
{"level":"info","message":"📄 Récupération de la page 1 des produits Shopify...","timestamp":"2026-07-02T21:12:58.825Z"}
{"level":"info","message":"✅ Page 1: 250 produits récupérés (total: 250)","timestamp":"2026-07-02T21:12:59.510Z"}
{"level":"info","message":"📄 Récupération de la page 2 des produits Shopify...","timestamp":"2026-07-02T21:13:00.013Z"}
{"level":"info","message":"✅ Page 2: 170 produits récupérés (total: 420)","timestamp":"2026-07-02T21:13:00.575Z"}
{"level":"info","message":"📦 420 produits récupérés depuis Shopify (2 pages)","timestamp":"2026-07-02T21:13:00.576Z"}
{"level":"info","message":"📄 Récupération de la page 1 des produits Shopify...","timestamp":"2026-07-02T21:16:32.964Z"}
{"level":"info","message":"✅ Page 1: 250 produits récupérés (total: 250)","timestamp":"2026-07-02T21:16:33.721Z"}
{"level":"info","message":"📄 Récupération de la page 2 des produits Shopify...","timestamp":"2026-07-02T21:16:34.225Z"}
{"level":"info","message":"✅ Page 2: 170 produits récupérés (total: 420)","timestamp":"2026-07-02T21:16:34.798Z"}
{"level":"info","message":"📦 420 produits récupérés depuis Shopify (2 pages)","timestamp":"2026-07-02T21:16:34.799Z"}
{"level":"info","message":"📄 Récupération de la page 1 des produits Shopify...","timestamp":"2026-07-02T21:16:36.910Z"}
{"level":"info","message":"✅ Page 1: 250 produits récupérés (total: 250)","timestamp":"2026-07-02T21:16:37.610Z"}
{"level":"info","message":"📄 Récupération de la page 2 des produits Shopify...","timestamp":"2026-07-02T21:16:38.124Z"}
{"level":"info","message":"✅ Page 2: 170 produits récupérés (total: 420)","timestamp":"2026-07-02T21:16:38.713Z"}
{"level":"info","message":"📦 420 produits récupérés depuis Shopify (2 pages)","timestamp":"2026-07-02T21:16:38.714Z"}
{"level":"info","message":"📄 Récupération de la page 1 des produits Shopify...","timestamp":"2026-07-02T21:17:10.175Z"}
{"level":"info","message":"✅ Page 1: 250 produits récupérés (total: 250)","timestamp":"2026-07-02T21:17:10.919Z"}
{"level":"info","message":"📄 Récupération de la page 2 des produits Shopify...","timestamp":"2026-07-02T21:17:11.436Z"}
{"level":"info","message":"✅ Page 2: 170 produits récupérés (total: 420)","timestamp":"2026-07-02T21:17:12.008Z"}
{"level":"info","message":"📦 420 produits récupérés depuis Shopify (2 pages)","timestamp":"2026-07-02T21:17:12.009Z"}
{"level":"info","message":"📄 Récupération de la page 1 des produits Shopify...","timestamp":"2026-07-02T21:17:18.380Z"}
{"level":"info","message":"✅ Page 1: 250 produits récupérés (total: 250)","timestamp":"2026-07-02T21:17:19.096Z"}
{"level":"info","message":"📄 Récupération de la page 2 des produits Shopify...","timestamp":"2026-07-02T21:17:19.606Z"}
{"level":"info","message":"✅ Page 2: 170 produits récupérés (total: 420)","timestamp":"2026-07-02T21:17:20.207Z"}
{"level":"info","message":"📦 420 produits récupérés depuis Shopify (2 pages)","timestamp":"2026-07-02T21:17:20.208Z"}
{"level":"info","message":"📄 Récupération de la page 1 des produits Shopify...","timestamp":"2026-07-02T21:17:54.128Z"}
{"level":"info","message":"✅ Page 1: 250 produits récupérés (total: 250)","timestamp":"2026-07-02T21:17:55.097Z"}
{"level":"info","message":"📄 Récupération de la page 2 des produits Shopify...","timestamp":"2026-07-02T21:17:55.605Z"}
{"level":"info","message":"✅ Page 2: 170 produits récupérés (total: 420)","timestamp":"2026-07-02T21:17:56.291Z"}
{"level":"info","message":"📦 420 produits récupérés depuis Shopify (2 pages)","timestamp":"2026-07-02T21:17:56.291Z"}
{"level":"info","message":"📄 Récupération de la page 1 des produits Shopify...","timestamp":"2026-07-02T21:18:04.801Z"}
{"level":"info","message":"✅ Page 1: 250 produits récupérés (total: 250)","timestamp":"2026-07-02T21:18:05.506Z"}
{"level":"info","message":"📄 Récupération de la page 1 des produits Shopify...","timestamp":"2026-07-02T21:18:05.623Z"}
{"level":"info","message":"📄 Récupération de la page 2 des produits Shopify...","timestamp":"2026-07-02T21:18:06.018Z"}
{"level":"info","message":"✅ Page 1: 250 produits récupérés (total: 250)","timestamp":"2026-07-02T21:18:06.447Z"}
{"level":"info","message":"✅ Page 2: 170 produits récupérés (total: 420)","timestamp":"2026-07-02T21:18:06.608Z"}
{"level":"info","message":"📦 420 produits récupérés depuis Shopify (2 pages)","timestamp":"2026-07-02T21:18:06.609Z"}
{"level":"info","message":"📄 Récupération de la page 2 des produits Shopify...","timestamp":"2026-07-02T21:18:06.956Z"}
{"level":"info","message":"✅ Page 2: 170 produits récupérés (total: 420)","timestamp":"2026-07-02T21:18:07.526Z"}
{"level":"info","message":"📦 420 produits récupérés depuis Shopify (2 pages)","timestamp":"2026-07-02T21:18:07.527Z"}
{"level":"info","message":"📄 Récupération de la page 1 des produits Shopify...","timestamp":"2026-07-02T21:18:09.852Z"}
{"level":"info","message":"✅ Page 1: 250 produits récupérés (total: 250)","timestamp":"2026-07-02T21:18:10.545Z"}
{"level":"info","message":"📄 Récupération de la page 2 des produits Shopify...","timestamp":"2026-07-02T21:18:11.061Z"}
{"level":"info","message":"✅ Page 2: 170 produits récupérés (total: 420)","timestamp":"2026-07-02T21:18:11.605Z"}
{"level":"info","message":"📦 420 produits récupérés depuis Shopify (2 pages)","timestamp":"2026-07-02T21:18:11.606Z"}
{"level":"info","message":"📄 Récupération de la page 1 des produits Shopify...","timestamp":"2026-07-02T21:19:03.116Z"}
{"level":"warn","message":"⚠️ Tentative 1/3 échouée, réessai dans 2000ms...","timestamp":"2026-07-02T21:19:03.756Z"}
{"level":"warn","message":"⚠️ Tentative 2/3 échouée, réessai dans 2000ms...","timestamp":"2026-07-02T21:19:06.113Z"}
{"level":"error","message":"❌ Échec de la récupération des produits:","timestamp":"2026-07-02T21:19:08.480Z"}
{"level":"error","message":"❌ Erreur API Shopify:","timestamp":"2026-07-02T21:19:08.481Z"}
{"level":"info","message":"📄 Récupération de la page 1 des produits Shopify...","timestamp":"2026-07-02T21:19:08.484Z"}
{"level":"warn","message":"⚠️ Tentative 1/3 échouée, réessai dans 2000ms...","timestamp":"2026-07-02T21:19:08.801Z"}
{"level":"warn","message":"⚠️ Tentative 2/3 échouée, réessai dans 2000ms...","timestamp":"2026-07-02T21:19:11.148Z"}
{"level":"error","message":"❌ Échec de la récupération des produits:","timestamp":"2026-07-02T21:19:13.486Z"}
{"level":"error","message":"❌ Erreur API Shopify:","timestamp":"2026-07-02T21:19:13.486Z"}
{"level":"info","message":"📄 Récupération de la page 1 des produits Shopify...","timestamp":"2026-07-02T21:20:10.235Z"}
{"level":"info","message":"✅ Page 1: 250 produits récupérés (total: 250)","timestamp":"2026-07-02T21:20:11.134Z"}
{"level":"info","message":"📄 Récupération de la page 2 des produits Shopify...","timestamp":"2026-07-02T21:20:11.637Z"}
{"level":"info","message":"✅ Page 2: 170 produits récupérés (total: 420)","timestamp":"2026-07-02T21:20:12.161Z"}
{"level":"info","message":"📦 420 produits récupérés depuis Shopify (2 pages)","timestamp":"2026-07-02T21:20:12.162Z"}
{"level":"info","message":"📄 Récupération de la page 1 des produits Shopify...","timestamp":"2026-07-02T21:20:13.199Z"}
{"level":"info","message":"✅ Page 1: 250 produits récupérés (total: 250)","timestamp":"2026-07-02T21:20:13.870Z"}
{"level":"info","message":"📄 Récupération de la page 2 des produits Shopify...","timestamp":"2026-07-02T21:20:14.376Z"}
{"level":"info","message":"✅ Page 2: 170 produits récupérés (total: 420)","timestamp":"2026-07-02T21:20:14.963Z"}
{"level":"info","message":"📦 420 produits récupérés depuis Shopify (2 pages)","timestamp":"2026-07-02T21:20:14.964Z"}
{"level":"info","message":"📄 Récupération de la page 1 des produits Shopify...","timestamp":"2026-07-02T21:21:25.951Z"}
{"level":"warn","message":"⚠️ Tentative 1/3 échouée, réessai dans 2000ms...","timestamp":"2026-07-02T21:21:26.340Z"}
{"level":"warn","message":"⚠️ Tentative 2/3 échouée, réessai dans 2000ms...","timestamp":"2026-07-02T21:21:28.599Z"}
{"level":"error","message":"❌ Échec de la récupération des produits:","timestamp":"2026-07-02T21:21:30.873Z"}
{"level":"error","message":"❌ Erreur API Shopify:","timestamp":"2026-07-02T21:21:30.874Z"}
{"level":"info","message":"📄 Récupération de la page 1 des produits Shopify...","timestamp":"2026-07-02T21:21:32.570Z"}
{"level":"warn","message":"⚠️ Tentative 1/3 échouée, réessai dans 2000ms...","timestamp":"2026-07-02T21:21:32.823Z"}
{"level":"warn","message":"⚠️ Tentative 2/3 échouée, réessai dans 2000ms...","timestamp":"2026-07-02T21:21:35.100Z"}
{"level":"error","message":"❌ Échec de la récupération des produits:","timestamp":"2026-07-02T21:21:37.386Z"}
{"level":"error","message":"❌ Erreur API Shopify:","timestamp":"2026-07-02T21:21:37.388Z"}
{"level":"info","message":"🔧 Shopify config: Store=signateurconfort.myshopify.com, API=2025-10","timestamp":"2026-07-02T21:22:49.495Z"}
{"level":"info","message":"📄 Récupération de la page 1 des produits Shopify...","timestamp":"2026-07-02T21:22:49.498Z"}
{"data":{"errors":{"page":"page cannot be passed. See https://shopify.dev/api/usage/pagination-rest for more information."}},"level":"error","message":"❌ Erreur API Shopify (getAllProducts):","status":400,"statusText":"Bad Request","timestamp":"2026-07-02T21:22:49.825Z"}
{"level":"info","message":"🔧 Shopify config: Store=signateurconfort.myshopify.com, API=2026-07","timestamp":"2026-07-02T21:24:04.002Z"}
{"level":"info","message":"📄 Récupération de la page 1 des produits Shopify...","timestamp":"2026-07-02T21:24:04.005Z"}
{"level":"info","message":"✅ Page 1: 250 produits récupérés (total: 250)","timestamp":"2026-07-02T21:24:04.775Z"}
{"level":"info","message":"📄 Récupération de la page 2 des produits Shopify...","timestamp":"2026-07-02T21:24:04.989Z"}
{"level":"info","message":"✅ Page 2: 170 produits récupérés (total: 420)","timestamp":"2026-07-02T21:24:08.726Z"}
{"level":"info","message":"📦 420 produits récupérés depuis Shopify (2 pages)","timestamp":"2026-07-02T21:24:08.727Z"}
{"level":"info","message":"🔧 Shopify config: Store=signateurconfort.myshopify.com, API=2026-07","timestamp":"2026-07-02T21:25:15.129Z"}
{"level":"info","message":"📄 Récupération de la page 1 des produits Shopify...","timestamp":"2026-07-02T21:25:15.132Z"}
{"level":"info","message":"📦 0 produits récupérés depuis Shopify (1 pages)","timestamp":"2026-07-02T21:25:15.792Z"}
{"level":"info","message":"🔧 Shopify config: Store=signateurconfort.myshopify.com, API=2026-07","timestamp":"2026-07-02T21:25:33.967Z"}
{"level":"info","message":"📄 Récupération de la page 1 des produits Shopify...","timestamp":"2026-07-02T21:25:33.968Z"}
{"level":"info","message":"📦 0 produits récupérés depuis Shopify (1 pages)","timestamp":"2026-07-02T21:25:34.554Z"}
{"level":"warn","message":"⚠️ API version 2026-07 may not be stable. Using 2024-01 instead.","timestamp":"2026-07-02T21:26:22.490Z"}
{"level":"info","message":"🔧 Shopify config: Store=signateurconfort.myshopify.com, API=2024-01","timestamp":"2026-07-02T21:26:22.493Z"}
{"level":"info","message":"📄 Récupération de la page 1 des produits Shopify...","timestamp":"2026-07-02T21:26:22.494Z"}
{"level":"warn","message":"⚠️ status=any a retourné 0 produits. Essai sans status=any...","timestamp":"2026-07-02T21:26:22.816Z"}
{"level":"info","message":"📄 Récupération de la page 1 des produits Shopify...","timestamp":"2026-07-02T21:26:22.816Z"}
{"level":"info","message":"✅ Page 1: 250 produits récupérés (total: 250)","timestamp":"2026-07-02T21:26:23.477Z"}
{"level":"info","message":"📄 Récupération de la page 2 des produits Shopify...","timestamp":"2026-07-02T21:26:23.681Z"}
{"level":"info","message":"✅ Page 2: 170 produits récupérés (total: 420)","timestamp":"2026-07-02T21:26:24.334Z"}
{"level":"info","message":"📦 420 produits récupérés depuis Shopify (2 pages)","timestamp":"2026-07-02T21:26:24.336Z"}
{"level":"info","message":"📄 Récupération de la page 1 des produits Shopify...","timestamp":"2026-07-02T21:26:39.267Z"}
{"level":"info","message":"✅ Page 1: 250 produits récupérés (total: 250)","timestamp":"2026-07-02T21:26:40.266Z"}
{"level":"info","message":"📄 Récupération de la page 2 des produits Shopify...","timestamp":"2026-07-02T21:26:40.767Z"}
{"level":"info","message":"✅ Page 2: 170 produits récupérés (total: 420)","timestamp":"2026-07-02T21:26:41.346Z"}
{"level":"info","message":"📦 420 produits récupérés depuis Shopify (2 pages)","timestamp":"2026-07-02T21:26:41.347Z"}
{"level":"warn","message":"⚠️ Version API 2026-07 instable. Utilisation de 2024-01 à la place.","timestamp":"2026-07-02T21:28:27.642Z"}
{"level":"info","message":"🔧 Shopify config: Store=signateurconfort.myshopify.com, API=2024-01","timestamp":"2026-07-02T21:28:27.647Z"}
{"level":"info","message":"📄 Récupération de la page 1 des produits Shopify...","timestamp":"2026-07-02T21:28:27.648Z"}
{"level":"warn","message":"⚠️ status=any ne fonctionne pas, on réessaie sans...","timestamp":"2026-07-02T21:28:28.047Z"}
{"level":"info","message":"✅ Page 1 (sans status=any): 250 produits récupérés (total: 250)","timestamp":"2026-07-02T21:28:28.803Z"}
{"level":"info","message":"✅ Page 2: 170 produits récupérés (total: 420)","timestamp":"2026-07-02T21:28:29.508Z"}
{"level":"info","message":"📦 420 produits récupérés depuis Shopify (2 pages)","timestamp":"2026-07-02T21:28:29.724Z"}
{"level":"warn","message":"⚠️ Version API 2026-07 instable. Utilisation de 2024-01 à la place.","timestamp":"2026-07-02T21:28:38.198Z"}
{"level":"info","message":"🔧 Shopify config: Store=signateurconfort.myshopify.com, API=2024-01","timestamp":"2026-07-02T21:28:38.200Z"}
{"level":"info","message":"📄 Récupération de la page 1 des produits Shopify...","timestamp":"2026-07-02T21:28:38.202Z"}
{"level":"warn","message":"⚠️ status=any ne fonctionne pas, on réessaie sans...","timestamp":"2026-07-02T21:28:38.503Z"}
{"level":"info","message":"✅ Page 1 (sans status=any): 250 produits récupérés (total: 250)","timestamp":"2026-07-02T21:28:39.213Z"}
{"level":"info","message":"✅ Page 2: 170 produits récupérés (total: 420)","timestamp":"2026-07-02T21:28:40.253Z"}
{"level":"info","message":"📦 420 produits récupérés depuis Shopify (2 pages)","timestamp":"2026-07-02T21:28:40.455Z"}
{"level":"info","message":"Navigateur initialisé","timestamp":"2026-07-02T21:28:41.504Z"}
{"level":"info","message":"Connexion à Kimland...","timestamp":"2026-07-02T21:28:41.505Z"}
{"level":"info","message":"✅ Email rempli","timestamp":"2026-07-02T21:28:49.715Z"}
{"level":"info","message":"✅ Nom d'utilisateur rempli","timestamp":"2026-07-02T21:28:49.726Z"}
{"level":"info","message":"✅ Mot de passe rempli","timestamp":"2026-07-02T21:28:49.734Z"}
{"level":"info","message":"URL actuelle après connexion: https://kimland.dz/app/client/index.php","timestamp":"2026-07-02T21:28:50.607Z"}
{"level":"info","message":"✅ Connexion réussie !","timestamp":"2026-07-02T21:28:50.607Z"}
{"level":"info","message":"📋 Extraction depuis: https://kimland.dz/product/7436/rider-street-slide-ad-bluebluegreen/","timestamp":"2026-07-02T21:28:50.608Z"}
{"level":"info","message":"✅ Sélecteur de taille trouvé","timestamp":"2026-07-02T21:28:58.350Z"}
{"level":"info","message":"✅ Extrait: RIDER STREET SLIDE AD BLUE/BLUE/GREEN","timestamp":"2026-07-02T21:28:58.365Z"}
{"level":"info","message":"   📋 Référence: 11578AR408","timestamp":"2026-07-02T21:28:58.365Z"}
{"level":"info","message":"   💰 Prix de vente: 3900 DA","timestamp":"2026-07-02T21:28:58.365Z"}
{"level":"info","message":"   📸 Images: 5","timestamp":"2026-07-02T21:28:58.366Z"}
{"level":"info","message":"   📏 Type de variante: Pointure (pointure)","timestamp":"2026-07-02T21:28:58.366Z"}
{"level":"info","message":"   📏 Variantes: 3","timestamp":"2026-07-02T21:28:58.366Z"}
{"level":"info","message":"   📦 Stock total: 15","timestamp":"2026-07-02T21:28:58.366Z"}
{"level":"info","message":"   📏 Variantes:","timestamp":"2026-07-02T21:28:58.366Z"}
{"level":"info","message":"      43: 12 pièces","timestamp":"2026-07-02T21:28:58.366Z"}
{"level":"info","message":"      44: 2 pièces","timestamp":"2026-07-02T21:28:58.366Z"}
{"level":"info","message":"      45: 1 pièces","timestamp":"2026-07-02T21:28:58.366Z"}
{"level":"info","message":"Navigateur fermé","timestamp":"2026-07-02T21:28:58.474Z"}
{"level":"warn","message":"⚠️ Version API 2026-07 instable. Utilisation de 2024-01 à la place.","timestamp":"2026-07-02T21:29:04.325Z"}
{"level":"info","message":"🔧 Shopify config: Store=signateurconfort.myshopify.com, API=2024-01","timestamp":"2026-07-02T21:29:04.325Z"}
{"level":"info","message":"📄 Récupération de la page 1 des produits Shopify...","timestamp":"2026-07-02T21:29:04.325Z"}
{"level":"warn","message":"⚠️ status=any ne fonctionne pas, on réessaie sans...","timestamp":"2026-07-02T21:29:04.599Z"}
{"level":"info","message":"✅ Page 1 (sans status=any): 250 produits récupérés (total: 250)","timestamp":"2026-07-02T21:29:05.276Z"}
{"level":"info","message":"✅ Page 2: 170 produits récupérés (total: 420)","timestamp":"2026-07-02T21:29:05.901Z"}
{"level":"info","message":"📦 420 produits récupérés depuis Shopify (2 pages)","timestamp":"2026-07-02T21:29:06.113Z"}
{"level":"warn","message":"⚠️ Version API 2026-07 instable. Utilisation de 2024-01 à la place.","timestamp":"2026-07-02T21:29:06.172Z"}
{"level":"info","message":"🔧 Shopify config: Store=signateurconfort.myshopify.com, API=2024-01","timestamp":"2026-07-02T21:29:06.173Z"}
{"level":"info","message":"📂 No existing mappings found","timestamp":"2026-07-02T21:29:06.173Z"}
{"level":"info","message":"📄 Récupération de la page 1 des produits Shopify...","timestamp":"2026-07-02T21:29:06.173Z"}
{"level":"warn","message":"⚠️ status=any ne fonctionne pas, on réessaie sans...","timestamp":"2026-07-02T21:29:06.405Z"}
{"level":"info","message":"✅ Page 1 (sans status=any): 250 produits récupérés (total: 250)","timestamp":"2026-07-02T21:29:07.090Z"}
{"level":"info","message":"✅ Page 2: 170 produits récupérés (total: 420)","timestamp":"2026-07-02T21:29:07.717Z"}
{"level":"info","message":"📦 420 produits récupérés depuis Shopify (2 pages)","timestamp":"2026-07-02T21:29:07.929Z"}
{"level":"info","message":"🛍️ Création du produit dans Shopify: RIDER STREET SLIDE AD BLUE/BLUE/GREEN","timestamp":"2026-07-02T21:29:07.931Z"}
{"level":"info","message":"✅ Produit créé: RIDER STREET SLIDE AD BLUE/BLUE/GREEN - 11578AR408 (ID: 8635935260868)","timestamp":"2026-07-02T21:29:15.157Z"}
{"level":"info","message":"   📢 Publié sur tous les canaux (global)","timestamp":"2026-07-02T21:29:15.158Z"}
{"level":"info","message":"💾 Saved 1 mappings","timestamp":"2026-07-02T21:29:15.159Z"}
{"level":"info","message":"✅ Mapped Kimland 7436 → Shopify 8635935260868","timestamp":"2026-07-02T21:29:15.160Z"}
{"level":"warn","message":"⚠️ Version API 2026-07 instable. Utilisation de 2024-01.","timestamp":"2026-07-02T22:52:59.239Z"}
{"level":"info","message":"🔧 Shopify config: Store=signateurconfort.myshopify.com, API=2024-01","timestamp":"2026-07-02T22:52:59.242Z"}
{"level":"info","message":"📄 Récupération de la page 1 des produits Shopify...","timestamp":"2026-07-02T22:52:59.243Z"}
{"level":"warn","message":"⚠️ status=any ne fonctionne pas, on réessaie sans...","timestamp":"2026-07-02T22:52:59.721Z"}
{"level":"info","message":"✅ Page 1 (sans status=any): 250 produits récupérés (total: 250)","timestamp":"2026-07-02T22:53:00.479Z"}
{"level":"info","message":"✅ Page 2: 170 produits récupérés (total: 420)","timestamp":"2026-07-02T22:53:01.318Z"}
{"level":"info","message":"📦 420 produits récupérés depuis Shopify (2 pages)","timestamp":"2026-07-02T22:53:01.521Z"}
{"level":"warn","message":"⚠️ Version API 2026-07 instable. Utilisation de 2024-01.","timestamp":"2026-07-02T22:53:15.722Z"}
{"level":"info","message":"🔧 Shopify config: Store=signateurconfort.myshopify.com, API=2024-01","timestamp":"2026-07-02T22:53:15.722Z"}
{"level":"info","message":"📄 Récupération de la page 1 des produits Shopify...","timestamp":"2026-07-02T22:53:15.723Z"}
{"level":"warn","message":"⚠️ status=any ne fonctionne pas, on réessaie sans...","timestamp":"2026-07-02T22:53:16.036Z"}
{"level":"info","message":"✅ Page 1 (sans status=any): 250 produits récupérés (total: 250)","timestamp":"2026-07-02T22:53:16.908Z"}
{"level":"info","message":"✅ Page 2: 170 produits récupérés (total: 420)","timestamp":"2026-07-02T22:53:17.643Z"}
{"level":"info","message":"📦 420 produits récupérés depuis Shopify (2 pages)","timestamp":"2026-07-02T22:53:17.858Z"}
{"level":"info","message":"Navigateur initialisé","timestamp":"2026-07-02T22:53:18.853Z"}
{"level":"info","message":"Connexion à Kimland...","timestamp":"2026-07-02T22:53:18.854Z"}
{"level":"info","message":"✅ Email rempli","timestamp":"2026-07-02T22:53:27.965Z"}
{"level":"info","message":"✅ Nom d'utilisateur rempli","timestamp":"2026-07-02T22:53:27.974Z"}
{"level":"info","message":"✅ Mot de passe rempli","timestamp":"2026-07-02T22:53:27.984Z"}
{"level":"info","message":"URL actuelle après connexion: https://kimland.dz/app/client/index.php","timestamp":"2026-07-02T22:53:28.957Z"}
{"level":"info","message":"✅ Connexion réussie !","timestamp":"2026-07-02T22:53:28.957Z"}
{"level":"info","message":"📋 Extraction depuis: https://kimland.dz/product/7436/rider-street-slide-ad-bluebluegreen/","timestamp":"2026-07-02T22:53:28.958Z"}
{"level":"info","message":"✅ Sélecteur de taille trouvé","timestamp":"2026-07-02T22:53:35.201Z"}
{"level":"info","message":"✅ Extrait: RIDER STREET SLIDE AD BLUE/BLUE/GREEN","timestamp":"2026-07-02T22:53:35.209Z"}
{"level":"info","message":"   📋 Référence: 11578AR408","timestamp":"2026-07-02T22:53:35.209Z"}
{"level":"info","message":"   💰 Prix de vente: 3900 DA","timestamp":"2026-07-02T22:53:35.209Z"}
{"level":"info","message":"   📸 Images: 5","timestamp":"2026-07-02T22:53:35.209Z"}
{"level":"info","message":"   📏 Type de variante: Pointure (pointure)","timestamp":"2026-07-02T22:53:35.209Z"}
{"level":"info","message":"   📏 Variantes: 3","timestamp":"2026-07-02T22:53:35.210Z"}
{"level":"info","message":"   📦 Stock total: 14","timestamp":"2026-07-02T22:53:35.210Z"}
{"level":"info","message":"   📏 Variantes:","timestamp":"2026-07-02T22:53:35.210Z"}
{"level":"info","message":"      43: 11 pièces","timestamp":"2026-07-02T22:53:35.210Z"}
{"level":"info","message":"      44: 2 pièces","timestamp":"2026-07-02T22:53:35.210Z"}
{"level":"info","message":"      45: 1 pièces","timestamp":"2026-07-02T22:53:35.210Z"}
{"level":"info","message":"Navigateur fermé","timestamp":"2026-07-02T22:53:35.283Z"}
{"level":"warn","message":"⚠️ Version API 2026-07 instable. Utilisation de 2024-01.","timestamp":"2026-07-02T22:53:44.726Z"}
{"level":"info","message":"🔧 Shopify config: Store=signateurconfort.myshopify.com, API=2024-01","timestamp":"2026-07-02T22:53:44.726Z"}
{"level":"info","message":"📄 Récupération de la page 1 des produits Shopify...","timestamp":"2026-07-02T22:53:44.727Z"}
{"level":"warn","message":"⚠️ status=any ne fonctionne pas, on réessaie sans...","timestamp":"2026-07-02T22:53:45.024Z"}
{"level":"info","message":"✅ Page 1 (sans status=any): 250 produits récupérés (total: 250)","timestamp":"2026-07-02T22:53:45.707Z"}
{"level":"info","message":"✅ Page 2: 170 produits récupérés (total: 420)","timestamp":"2026-07-02T22:53:46.512Z"}
{"level":"info","message":"📦 420 produits récupérés depuis Shopify (2 pages)","timestamp":"2026-07-02T22:53:46.724Z"}
{"level":"warn","message":"⚠️ Version API 2026-07 instable. Utilisation de 2024-01.","timestamp":"2026-07-02T22:53:46.791Z"}
{"level":"info","message":"🔧 Shopify config: Store=signateurconfort.myshopify.com, API=2024-01","timestamp":"2026-07-02T22:53:46.792Z"}
{"level":"info","message":"📂 Loaded 1 mappings","timestamp":"2026-07-02T22:53:46.793Z"}
{"level":"info","message":"📄 Récupération de la page 1 des produits Shopify...","timestamp":"2026-07-02T22:53:46.793Z"}
{"level":"warn","message":"⚠️ status=any ne fonctionne pas, on réessaie sans...","timestamp":"2026-07-02T22:53:47.075Z"}
{"level":"info","message":"✅ Page 1 (sans status=any): 250 produits récupérés (total: 250)","timestamp":"2026-07-02T22:53:47.817Z"}
{"level":"info","message":"✅ Page 2: 170 produits récupérés (total: 420)","timestamp":"2026-07-02T22:53:48.494Z"}
{"level":"info","message":"📦 420 produits récupérés depuis Shopify (2 pages)","timestamp":"2026-07-02T22:53:48.706Z"}
{"data":{"errors":"Not Found"},"level":"error","message":"❌ Erreur API Shopify (getProduct):","status":404,"statusText":"Not Found","timestamp":"2026-07-02T22:53:48.983Z"}
{"level":"info","message":"🛍️ Création du produit dans Shopify: RIDER STREET SLIDE AD BLUE/BLUE/GREEN","timestamp":"2026-07-02T22:53:48.984Z"}
{"level":"info","message":"✅ Produit créé: RIDER STREET SLIDE AD BLUE/BLUE/GREEN - 11578AR408 (ID: 8635983200452)","timestamp":"2026-07-02T22:53:57.419Z"}
{"level":"info","message":"   🏷️  Fournisseur: Signateur Confort","timestamp":"2026-07-02T22:53:57.419Z"}
{"level":"info","message":"   📢 Publié sur tous les canaux (global)","timestamp":"2026-07-02T22:53:57.419Z"}
{"level":"info","message":"💾 Saved 1 mappings","timestamp":"2026-07-02T22:53:57.432Z"}
{"level":"info","message":"✅ Mapped Kimland 7436 → Shopify 8635983200452","timestamp":"2026-07-02T22:53:57.432Z"}
{"level":"info","message":"🔧 Shopify config: Store=signateurconfort.myshopify.com, API=2024-01","timestamp":"2026-07-02T23:05:07.947Z"}
{"level":"info","message":"📄 Récupération de la page 1 des produits Shopify...","timestamp":"2026-07-02T23:05:07.953Z"}
{"level":"warn","message":"⚠️ status=any ne fonctionne pas, on réessaie sans...","timestamp":"2026-07-02T23:05:08.721Z"}
{"level":"info","message":"✅ Page 1 (sans status=any): 250 produits récupérés (total: 250)","timestamp":"2026-07-02T23:05:09.563Z"}
{"level":"info","message":"✅ Page 2: 170 produits récupérés (total: 420)","timestamp":"2026-07-02T23:05:10.376Z"}
{"level":"info","message":"📦 420 produits récupérés depuis Shopify (2 pages)","timestamp":"2026-07-02T23:05:10.592Z"}
{"level":"info","message":"🔧 Shopify config: Store=signateurconfort.myshopify.com, API=2024-01","timestamp":"2026-07-02T23:05:14.929Z"}
{"level":"info","message":"📄 Récupération de la page 1 des produits Shopify...","timestamp":"2026-07-02T23:05:14.929Z"}
{"level":"warn","message":"⚠️ status=any ne fonctionne pas, on réessaie sans...","timestamp":"2026-07-02T23:05:15.336Z"}
{"level":"info","message":"✅ Page 1 (sans status=any): 250 produits récupérés (total: 250)","timestamp":"2026-07-02T23:05:16.198Z"}
{"level":"info","message":"✅ Page 2: 170 produits récupérés (total: 420)","timestamp":"2026-07-02T23:05:17.090Z"}
{"level":"info","message":"📦 420 produits récupérés depuis Shopify (2 pages)","timestamp":"2026-07-02T23:05:17.295Z"}
{"level":"info","message":"Navigateur initialisé","timestamp":"2026-07-02T23:05:17.564Z"}
{"level":"info","message":"Connexion à Kimland...","timestamp":"2026-07-02T23:05:17.564Z"}
{"level":"info","message":"✅ Email rempli","timestamp":"2026-07-02T23:05:22.579Z"}
{"level":"info","message":"✅ Nom d'utilisateur rempli","timestamp":"2026-07-02T23:05:22.589Z"}
{"level":"info","message":"✅ Mot de passe rempli","timestamp":"2026-07-02T23:05:22.600Z"}
{"level":"info","message":"URL actuelle après connexion: https://kimland.dz/app/client/index.php","timestamp":"2026-07-02T23:05:23.427Z"}
{"level":"info","message":"✅ Connexion réussie !","timestamp":"2026-07-02T23:05:23.427Z"}
{"level":"info","message":"📋 Extraction depuis: https://kimland.dz/product/7436/rider-street-slide-ad-bluebluegreen/","timestamp":"2026-07-02T23:05:23.428Z"}
{"level":"info","message":"✅ Sélecteur de taille trouvé","timestamp":"2026-07-02T23:05:28.335Z"}
{"level":"info","message":"✅ Extrait: RIDER STREET SLIDE AD BLUE/BLUE/GREEN","timestamp":"2026-07-02T23:05:28.344Z"}
{"level":"info","message":"   📋 Référence: 11578AR408","timestamp":"2026-07-02T23:05:28.344Z"}
{"level":"info","message":"   💰 Prix de vente: 3900 DA","timestamp":"2026-07-02T23:05:28.344Z"}
{"level":"info","message":"   📸 Images: 5","timestamp":"2026-07-02T23:05:28.344Z"}
{"level":"info","message":"   📏 Type de variante: Pointure (pointure)","timestamp":"2026-07-02T23:05:28.344Z"}
{"level":"info","message":"   📏 Variantes: 3","timestamp":"2026-07-02T23:05:28.344Z"}
{"level":"info","message":"   📦 Stock total: 14","timestamp":"2026-07-02T23:05:28.344Z"}
{"level":"info","message":"   📏 Variantes:","timestamp":"2026-07-02T23:05:28.345Z"}
{"level":"info","message":"      43: 11 pièces","timestamp":"2026-07-02T23:05:28.345Z"}
{"level":"info","message":"      44: 2 pièces","timestamp":"2026-07-02T23:05:28.345Z"}
{"level":"info","message":"      45: 1 pièces","timestamp":"2026-07-02T23:05:28.345Z"}
{"level":"info","message":"Navigateur fermé","timestamp":"2026-07-02T23:05:28.400Z"}
{"level":"info","message":"🔧 Shopify config: Store=signateurconfort.myshopify.com, API=2024-01","timestamp":"2026-07-02T23:05:34.344Z"}
{"level":"info","message":"📄 Récupération de la page 1 des produits Shopify...","timestamp":"2026-07-02T23:05:34.345Z"}
{"level":"warn","message":"⚠️ status=any ne fonctionne pas, on réessaie sans...","timestamp":"2026-07-02T23:05:34.675Z"}
{"level":"info","message":"✅ Page 1 (sans status=any): 250 produits récupérés (total: 250)","timestamp":"2026-07-02T23:05:35.401Z"}
{"level":"info","message":"✅ Page 2: 170 produits récupérés (total: 420)","timestamp":"2026-07-02T23:05:36.284Z"}
{"level":"info","message":"📦 420 produits récupérés depuis Shopify (2 pages)","timestamp":"2026-07-02T23:05:36.499Z"}
{"level":"info","message":"🔧 Shopify config: Store=signateurconfort.myshopify.com, API=2024-01","timestamp":"2026-07-02T23:05:36.563Z"}
{"level":"info","message":"📂 Loaded 1 mappings","timestamp":"2026-07-02T23:05:36.564Z"}
{"level":"info","message":"📄 Récupération de la page 1 des produits Shopify...","timestamp":"2026-07-02T23:05:36.564Z"}
{"level":"warn","message":"⚠️ status=any ne fonctionne pas, on réessaie sans...","timestamp":"2026-07-02T23:05:36.835Z"}
{"level":"info","message":"✅ Page 1 (sans status=any): 250 produits récupérés (total: 250)","timestamp":"2026-07-02T23:05:37.997Z"}
{"level":"info","message":"✅ Page 2: 170 produits récupérés (total: 420)","timestamp":"2026-07-02T23:05:38.774Z"}
{"level":"info","message":"📦 420 produits récupérés depuis Shopify (2 pages)","timestamp":"2026-07-02T23:05:38.990Z"}
{"data":{"errors":"Not Found"},"level":"error","message":"❌ Erreur API Shopify (getProduct):","status":404,"statusText":"Not Found","timestamp":"2026-07-02T23:05:39.252Z"}
{"level":"info","message":"🛍️ Création du produit dans Shopify: RIDER STREET SLIDE AD BLUE/BLUE/GREEN","timestamp":"2026-07-02T23:05:39.254Z"}
{"level":"info","message":"✅ Produit créé: RIDER STREET SLIDE AD BLUE/BLUE/GREEN - 11578AR408 (ID: 8635988213956)","timestamp":"2026-07-02T23:05:46.432Z"}
{"level":"info","message":"   🏷️  Fournisseur: Signateur Confort","timestamp":"2026-07-02T23:05:46.432Z"}
{"level":"info","message":"   📢 Publié sur tous les canaux (global)","timestamp":"2026-07-02T23:05:46.432Z"}
{"level":"info","message":"💾 Saved 1 mappings","timestamp":"2026-07-02T23:05:46.433Z"}
{"level":"info","message":"✅ Mapped Kimland 7436 → Shopify 8635988213956","timestamp":"2026-07-02T23:05:46.433Z"}
{"level":"info","message":"🔧 Shopify config: Store=signateurconfort.myshopify.com, API=2024-01","timestamp":"2026-07-02T23:20:56.907Z"}
{"level":"info","message":"📄 Récupération de la page 1 des produits Shopify...","timestamp":"2026-07-02T23:20:56.910Z"}
{"level":"warn","message":"⚠️ status=any ne fonctionne pas, on réessaie sans...","timestamp":"2026-07-02T23:20:57.282Z"}
{"level":"info","message":"✅ Page 1 (sans status=any): 250 produits récupérés (total: 250)","timestamp":"2026-07-02T23:20:58.232Z"}
{"level":"info","message":"✅ Page 2: 170 produits récupérés (total: 420)","timestamp":"2026-07-02T23:20:58.897Z"}
{"level":"info","message":"📦 420 produits récupérés depuis Shopify (2 pages)","timestamp":"2026-07-02T23:20:59.100Z"}
{"level":"info","message":"🔧 Shopify config: Store=signateurconfort.myshopify.com, API=2024-01","timestamp":"2026-07-02T23:21:00.879Z"}
{"level":"info","message":"📄 Récupération de la page 1 des produits Shopify...","timestamp":"2026-07-02T23:21:00.880Z"}
{"level":"warn","message":"⚠️ status=any ne fonctionne pas, on réessaie sans...","timestamp":"2026-07-02T23:21:01.127Z"}
{"level":"info","message":"✅ Page 1 (sans status=any): 250 produits récupérés (total: 250)","timestamp":"2026-07-02T23:21:01.828Z"}
{"level":"info","message":"✅ Page 2: 170 produits récupérés (total: 420)","timestamp":"2026-07-02T23:21:02.474Z"}
{"level":"info","message":"📦 420 produits récupérés depuis Shopify (2 pages)","timestamp":"2026-07-02T23:21:02.683Z"}
{"level":"info","message":"Navigateur initialisé","timestamp":"2026-07-02T23:21:03.017Z"}
{"level":"info","message":"Connexion à Kimland...","timestamp":"2026-07-02T23:21:03.018Z"}
{"level":"info","message":"✅ Email rempli","timestamp":"2026-07-02T23:21:07.946Z"}
{"level":"info","message":"✅ Nom d'utilisateur rempli","timestamp":"2026-07-02T23:21:07.961Z"}
{"level":"info","message":"✅ Mot de passe rempli","timestamp":"2026-07-02T23:21:07.975Z"}
{"level":"info","message":"URL actuelle après connexion: https://kimland.dz/app/client/index.php","timestamp":"2026-07-02T23:21:08.944Z"}
{"level":"info","message":"✅ Connexion réussie !","timestamp":"2026-07-02T23:21:08.944Z"}
{"level":"info","message":"📋 Extraction depuis: https://kimland.dz/product/7436/rider-street-slide-ad-bluebluegreen/","timestamp":"2026-07-02T23:21:08.945Z"}
{"level":"info","message":"✅ Sélecteur de taille trouvé","timestamp":"2026-07-02T23:21:14.145Z"}
{"level":"info","message":"✅ Extrait: RIDER STREET SLIDE AD BLUE/BLUE/GREEN","timestamp":"2026-07-02T23:21:14.162Z"}
{"level":"info","message":"   📋 Référence: 11578AR408","timestamp":"2026-07-02T23:21:14.163Z"}
{"level":"info","message":"   💰 Prix de vente: 3900 DA","timestamp":"2026-07-02T23:21:14.163Z"}
{"level":"info","message":"   📸 Images: 5","timestamp":"2026-07-02T23:21:14.163Z"}
{"level":"info","message":"   📏 Type de variante: Pointure (pointure)","timestamp":"2026-07-02T23:21:14.163Z"}
{"level":"info","message":"   📏 Variantes: 3","timestamp":"2026-07-02T23:21:14.164Z"}
{"level":"info","message":"   📦 Stock total: 14","timestamp":"2026-07-02T23:21:14.164Z"}
{"level":"info","message":"   📏 Variantes:","timestamp":"2026-07-02T23:21:14.164Z"}
{"level":"info","message":"      43: 11 pièces","timestamp":"2026-07-02T23:21:14.165Z"}
{"level":"info","message":"      44: 2 pièces","timestamp":"2026-07-02T23:21:14.165Z"}
{"level":"info","message":"      45: 1 pièces","timestamp":"2026-07-02T23:21:14.165Z"}
{"level":"info","message":"Navigateur fermé","timestamp":"2026-07-02T23:21:14.287Z"}
{"level":"info","message":"🔧 Shopify config: Store=signateurconfort.myshopify.com, API=2024-01","timestamp":"2026-07-02T23:21:36.300Z"}
{"level":"info","message":"📄 Récupération de la page 1 des produits Shopify...","timestamp":"2026-07-02T23:21:36.301Z"}
{"level":"warn","message":"⚠️ status=any ne fonctionne pas, on réessaie sans...","timestamp":"2026-07-02T23:21:36.651Z"}
{"level":"info","message":"✅ Page 1 (sans status=any): 250 produits récupérés (total: 250)","timestamp":"2026-07-02T23:21:37.332Z"}
{"level":"info","message":"✅ Page 2: 170 produits récupérés (total: 420)","timestamp":"2026-07-02T23:21:37.999Z"}
{"level":"info","message":"📦 420 produits récupérés depuis Shopify (2 pages)","timestamp":"2026-07-02T23:21:38.212Z"}
{"level":"info","message":"🔧 Shopify config: Store=signateurconfort.myshopify.com, API=2024-01","timestamp":"2026-07-02T23:21:38.277Z"}
{"level":"info","message":"📂 Loaded 1 mappings","timestamp":"2026-07-02T23:21:38.279Z"}
{"level":"info","message":"📄 Récupération de la page 1 des produits Shopify...","timestamp":"2026-07-02T23:21:38.279Z"}
{"level":"warn","message":"⚠️ status=any ne fonctionne pas, on réessaie sans...","timestamp":"2026-07-02T23:21:38.520Z"}
{"level":"info","message":"✅ Page 1 (sans status=any): 250 produits récupérés (total: 250)","timestamp":"2026-07-02T23:21:39.210Z"}
{"level":"info","message":"✅ Page 2: 170 produits récupérés (total: 420)","timestamp":"2026-07-02T23:21:39.851Z"}
{"level":"info","message":"📦 420 produits récupérés depuis Shopify (2 pages)","timestamp":"2026-07-02T23:21:40.070Z"}
{"data":{"errors":"Not Found"},"level":"error","message":"❌ Erreur API Shopify (getProduct):","status":404,"statusText":"Not Found","timestamp":"2026-07-02T23:21:40.314Z"}
{"level":"info","message":"🛍️ Création du produit dans Shopify: RIDER STREET SLIDE AD BLUE/BLUE/GREEN","timestamp":"2026-07-02T23:21:40.315Z"}
{"level":"info","message":"✅ Produit créé: RIDER STREET SLIDE AD BLUE/BLUE/GREEN - 11578AR408 (ID: 8635995390148)","timestamp":"2026-07-02T23:21:46.802Z"}
{"level":"info","message":"   🏷️  Fournisseur: Signateur Confort","timestamp":"2026-07-02T23:21:46.802Z"}
{"level":"info","message":"   📢 Publié sur tous les canaux (global)","timestamp":"2026-07-02T23:21:46.802Z"}
{"level":"info","message":"📢 Publication du produit sur tous les canaux de vente...","timestamp":"2026-07-02T23:21:46.803Z"}
{"level":"info","message":"📡 0 publications trouvées","timestamp":"2026-07-02T23:21:47.087Z"}
{"level":"warn","message":"⚠️ Aucune publication trouvée. Vérifiez vos canaux de vente.","timestamp":"2026-07-02T23:21:47.087Z"}
{"level":"info","message":"💾 Saved 1 mappings","timestamp":"2026-07-02T23:21:47.089Z"}
{"level":"info","message":"✅ Mapped Kimland 7436 → Shopify 8635995390148","timestamp":"2026-07-02T23:21:47.089Z"}
