{"level":"error","message":"❌ Login failed:","timestamp":"2026-06-24T11:42:23.783Z"}
{"level":"error","message":"❌ Failed to extract product:","timestamp":"2026-06-24T13:15:33.575Z"}
{"level":"error","message":"❌ Failed to extract product:","timestamp":"2026-06-24T15:32:12.788Z"}
{"level":"error","message":"Login failed:","timestamp":"2026-06-24T17:16:56.148Z"}
{"level":"error","message":"❌ Login failed:","timestamp":"2026-06-24T20:20:49.142Z"}
{"level":"error","message":"Failed to extract product:","timestamp":"2026-06-24T20:22:54.439Z"}
{"level":"error","message":"❌ Login failed:","timestamp":"2026-06-24T20:23:23.711Z"}
{"level":"error","message":"❌ Failed to extract product:","timestamp":"2026-06-25T10:11:48.659Z"}
{"level":"error","message":"❌ Login failed:","timestamp":"2026-06-25T11:33:10.030Z"}
{"level":"error","message":"Failed to initialize browser: An `executablePath` or `channel` must be specified for `puppeteer-core`","stack":"Error: An `executablePath` or `channel` must be specified for `puppeteer-core`\n    at assert (C:\\Users\\33612\\Desktop\\info alger1\\dev web\\kimland-shopify-sync\\node_modules\\puppeteer-core\\lib\\cjs\\puppeteer\\util\\assert.js:18:15)\n    at ChromeLauncher.computeLaunchArguments (C:\\Users\\33612\\Desktop\\info alger1\\dev web\\kimland-shopify-sync\\node_modules\\puppeteer-core\\lib\\cjs\\puppeteer\\node\\ChromeLauncher.js:88:36)\n    at async ChromeLauncher.launch (C:\\Users\\33612\\Desktop\\info alger1\\dev web\\kimland-shopify-sync\\node_modules\\puppeteer-core\\lib\\cjs\\puppeteer\\node\\ProductLauncher.js:70:28)\n    at async KimlandScraper.initialize (C:\\Users\\33612\\Desktop\\info alger1\\dev web\\kimland-shopify-sync\\src\\scrapers\\kimlandScraper.js:51:26)\n    at async C:\\Users\\33612\\Desktop\\info alger1\\dev web\\kimland-shopify-sync\\src\\routes\\apiRoutes.js:65:5","timestamp":"2026-06-26T17:22:55.621Z"}
{"level":"error","message":"❌ Failed to extract product:","timestamp":"2026-06-26T17:24:46.475Z"}
{"level":"error","message":"❌ Failed to extract product:","timestamp":"2026-06-26T17:25:08.016Z"}
{"level":"error","message":"❌ Failed to extract product:","timestamp":"2026-06-26T17:36:31.407Z"}
{"level":"error","message":"❌ Failed to extract product:","timestamp":"2026-06-26T17:40:02.628Z"}
{"level":"error","message":"❌ Failed to extract product:","timestamp":"2026-06-26T17:41:15.625Z"}
{"level":"error","message":"❌ Failed to create product:","timestamp":"2026-06-27T14:10:35.090Z"}
{"level":"error","message":"❌ Upload error:","timestamp":"2026-06-27T14:10:35.092Z"}
{"level":"error","message":"❌ Failed to create product:","timestamp":"2026-06-27T14:11:08.261Z"}
{"level":"error","message":"❌ Upload error:","timestamp":"2026-06-27T14:11:08.262Z"}
{"level":"error","message":"❌ Failed to create product:","timestamp":"2026-06-27T14:27:17.699Z"}
{"level":"error","message":"❌ Upload error:","timestamp":"2026-06-27T14:27:17.701Z"}
{"level":"error","message":"❌ Failed to create product:","timestamp":"2026-06-27T14:27:32.648Z"}
{"level":"error","message":"❌ Upload error:","timestamp":"2026-06-27T14:27:32.649Z"}
{"level":"error","message":"❌ Failed to create product:","timestamp":"2026-06-27T15:43:21.757Z"}
{"level":"error","message":"❌ Upload error:","timestamp":"2026-06-27T15:43:21.758Z"}
{"level":"error","message":"❌ Failed to create product:","timestamp":"2026-06-27T15:43:26.670Z"}
{"level":"error","message":"❌ Upload error:","timestamp":"2026-06-27T15:43:26.671Z"}
{"level":"error","message":"❌ Failed to create product:","timestamp":"2026-06-27T15:43:29.740Z"}
{"level":"error","message":"❌ Upload error:","timestamp":"2026-06-27T15:43:29.741Z"}
{"level":"error","message":"❌ Failed to extract product:","timestamp":"2026-06-27T16:49:57.870Z"}
{"level":"error","message":"❌ Failed to extract product:","timestamp":"2026-06-27T16:50:08.785Z"}
{"level":"error","message":"❌ Failed to update inventory:","timestamp":"2026-06-27T19:32:15.235Z"}
{"level":"error","message":"❌ Sync inventory error:","timestamp":"2026-06-27T19:32:15.239Z"}
{"level":"error","message":"❌ Failed to update inventory:","timestamp":"2026-06-27T19:32:15.242Z"}
{"level":"error","message":"❌ Failed to update inventory:","timestamp":"2026-06-27T19:32:15.244Z"}
{"level":"error","message":"❌ Failed to update inventory:","timestamp":"2026-06-27T19:32:15.263Z"}
{"level":"error","message":"❌ Failed to update inventory:","timestamp":"2026-06-27T19:32:15.414Z"}
{"level":"error","message":"❌ Failed to update inventory:","timestamp":"2026-06-27T19:32:16.131Z"}
{"level":"error","message":"❌ Sync inventory error:","timestamp":"2026-06-27T19:32:16.132Z"}
{"level":"error","message":"❌ Failed to update inventory:","timestamp":"2026-06-27T19:32:16.134Z"}
{"level":"error","message":"❌ Failed to update inventory:","timestamp":"2026-06-27T19:32:16.136Z"}
{"level":"error","message":"❌ Failed to update inventory:","timestamp":"2026-06-27T19:32:16.159Z"}
{"level":"error","message":"❌ Failed to update inventory:","timestamp":"2026-06-27T19:32:16.170Z"}
{"level":"error","message":"❌ Failed to update inventory:","timestamp":"2026-06-27T19:32:17.003Z"}
{"level":"error","message":"❌ Sync inventory error:","timestamp":"2026-06-27T19:32:17.003Z"}
{"level":"error","message":"❌ Failed to update inventory:","timestamp":"2026-06-27T19:32:17.015Z"}
{"level":"error","message":"❌ Failed to update inventory:","timestamp":"2026-06-27T19:32:17.027Z"}
{"level":"error","message":"❌ Failed to update inventory:","timestamp":"2026-06-27T19:32:17.037Z"}
{"level":"error","message":"❌ Failed to update inventory:","timestamp":"2026-06-27T19:32:17.476Z"}
{"level":"error","message":"❌ Failed to update inventory:","timestamp":"2026-06-27T19:32:17.896Z"}
{"level":"error","message":"❌ Sync inventory error:","timestamp":"2026-06-27T19:32:17.897Z"}
{"level":"error","message":"❌ Failed to update inventory:","timestamp":"2026-06-27T19:32:17.901Z"}
{"level":"error","message":"❌ Failed to update inventory:","timestamp":"2026-06-27T19:32:17.905Z"}
{"level":"error","message":"❌ Failed to update inventory:","timestamp":"2026-06-27T19:32:17.920Z"}
{"level":"error","message":"❌ Failed to update inventory:","timestamp":"2026-06-27T19:32:17.931Z"}
{"level":"error","message":"❌ Failed to update inventory:","timestamp":"2026-06-27T19:32:18.562Z"}
{"level":"error","message":"❌ Sync inventory error:","timestamp":"2026-06-27T19:32:18.563Z"}
{"level":"error","message":"❌ Failed to update inventory:","timestamp":"2026-06-27T19:32:18.641Z"}
{"level":"error","message":"❌ Failed to update inventory:","timestamp":"2026-06-27T19:32:18.792Z"}
{"level":"error","message":"❌ Failed to find product with SKU American College T-Shirt Pour -10278999130395:","timestamp":"2026-06-27T19:32:18.794Z"}
{"level":"error","message":"❌ Failed to update inventory:","timestamp":"2026-06-27T19:32:18.811Z"}
{"level":"error","message":"❌ Failed to update inventory:","timestamp":"2026-06-27T19:32:18.844Z"}
{"level":"error","message":"❌ Failed to update inventory:","timestamp":"2026-06-27T19:32:19.422Z"}
{"level":"error","message":"❌ Sync inventory error:","timestamp":"2026-06-27T19:32:19.422Z"}
{"level":"error","message":"❌ Failed to update inventory:","timestamp":"2026-06-27T19:32:19.429Z"}
{"level":"error","message":"❌ Failed to update inventory:","timestamp":"2026-06-27T19:32:19.435Z"}
{"level":"error","message":"❌ Failed to update inventory:","timestamp":"2026-06-27T19:32:19.441Z"}
{"level":"error","message":"❌ Failed to find product with SKU BEVERLY HILLS POLO CLUB CLAQUE-10278438764827:","timestamp":"2026-06-27T19:32:19.682Z"}
{"level":"error","message":"❌ Failed to update inventory:","timestamp":"2026-06-27T19:32:19.917Z"}
{"level":"error","message":"❌ Failed to find product with SKU BEVERLY HILLS POLO CLUB CLAQUE-10278376603931:","timestamp":"2026-06-27T19:32:19.931Z"}
{"level":"error","message":"❌ Failed to update inventory:","timestamp":"2026-06-27T19:32:20.597Z"}
{"level":"error","message":"❌ Sync inventory error:","timestamp":"2026-06-27T19:32:20.598Z"}
{"level":"error","message":"❌ Failed to update inventory:","timestamp":"2026-06-27T19:32:20.606Z"}
{"level":"error","message":"❌ Failed to update inventory:","timestamp":"2026-06-27T19:32:20.610Z"}
{"level":"error","message":"❌ Failed to update inventory:","timestamp":"2026-06-27T19:32:20.611Z"}
{"level":"error","message":"❌ Failed to find product with SKU BEVERLY HILLS POLO CLUB CLAQUE-10278454493467:","timestamp":"2026-06-27T19:32:20.859Z"}
{"level":"error","message":"❌ Failed to update inventory:","timestamp":"2026-06-27T19:32:20.861Z"}
{"level":"error","message":"❌ Failed to update inventory:","timestamp":"2026-06-27T19:32:21.507Z"}
{"level":"error","message":"❌ Sync inventory error:","timestamp":"2026-06-27T19:32:21.508Z"}
{"level":"error","message":"❌ Failed to update inventory:","timestamp":"2026-06-27T19:32:21.509Z"}
{"level":"error","message":"❌ Failed to update inventory:","timestamp":"2026-06-27T19:32:21.511Z"}
{"level":"error","message":"❌ Failed to update inventory:","timestamp":"2026-06-27T19:32:21.513Z"}
{"level":"error","message":"❌ Failed to find product with SKU BEVERLY HILLS POLO CLUB CLAQUE-10278457311515:","timestamp":"2026-06-27T19:32:21.759Z"}
{"level":"error","message":"❌ Failed to update inventory:","timestamp":"2026-06-27T19:32:21.810Z"}
{"level":"error","message":"❌ Failed to find product with SKU BEVERLY HILLS POLO CLUB CLAQUE-10278456262939:","timestamp":"2026-06-27T19:32:21.989Z"}
{"level":"error","message":"❌ Failed to update inventory:","timestamp":"2026-06-27T19:32:22.611Z"}
{"level":"error","message":"❌ Sync inventory error:","timestamp":"2026-06-27T19:32:22.611Z"}
{"level":"error","message":"❌ Failed to update inventory:","timestamp":"2026-06-27T19:32:22.615Z"}
{"level":"error","message":"❌ Failed to update inventory:","timestamp":"2026-06-27T19:32:22.625Z"}
{"level":"error","message":"❌ Failed to update inventory:","timestamp":"2026-06-27T19:32:22.663Z"}
{"level":"error","message":"❌ Failed to find product with SKU CHAMPION ALL AMERICAN Slide BS-10281719300379:","timestamp":"2026-06-27T19:32:22.881Z"}
{"level":"error","message":"❌ Failed to update inventory:","timestamp":"2026-06-27T19:32:23.012Z"}
{"level":"error","message":"❌ Failed to update inventory:","timestamp":"2026-06-27T19:32:23.532Z"}
{"level":"error","message":"❌ Sync inventory error:","timestamp":"2026-06-27T19:32:23.533Z"}
{"level":"error","message":"❌ Failed to update inventory:","timestamp":"2026-06-27T19:32:23.537Z"}
{"level":"error","message":"❌ Failed to update inventory:","timestamp":"2026-06-27T19:32:23.546Z"}
{"level":"error","message":"❌ Failed to update inventory:","timestamp":"2026-06-27T19:32:23.551Z"}
{"level":"error","message":"❌ Failed to find product with SKU Champion All American Slide Ho-10281706357019:","timestamp":"2026-06-27T19:32:23.754Z"}
{"level":"error","message":"❌ Failed to update inventory:","timestamp":"2026-06-27T19:32:23.788Z"}
{"level":"error","message":"❌ Failed to find product with SKU Champion All American Slide Ho-10281733783835:","timestamp":"2026-06-27T19:32:23.986Z"}
{"level":"error","message":"❌ Failed to update inventory:","timestamp":"2026-06-27T19:32:24.846Z"}
{"level":"error","message":"❌ Sync inventory error:","timestamp":"2026-06-27T19:32:24.846Z"}
{"level":"error","message":"❌ Failed to update inventory:","timestamp":"2026-06-27T19:32:24.851Z"}
{"level":"error","message":"❌ Failed to update inventory:","timestamp":"2026-06-27T19:32:24.894Z"}
{"level":"error","message":"❌ Failed to update inventory:","timestamp":"2026-06-27T19:32:24.974Z"}
{"level":"error","message":"❌ Failed to update inventory:","timestamp":"2026-06-27T19:32:25.121Z"}
{"level":"error","message":"❌ Failed to update inventory:","timestamp":"2026-06-27T19:32:25.448Z"}
{"level":"error","message":"❌ Sync inventory error:","timestamp":"2026-06-27T19:32:25.449Z"}
{"level":"error","message":"❌ Failed to update inventory:","timestamp":"2026-06-27T19:32:25.461Z"}
{"level":"error","message":"❌ Failed to update inventory:","timestamp":"2026-06-27T19:32:25.465Z"}
{"level":"error","message":"❌ Failed to update inventory:","timestamp":"2026-06-27T19:32:25.489Z"}
{"level":"error","message":"❌ Failed to update inventory:","timestamp":"2026-06-27T19:32:25.490Z"}
{"level":"error","message":"❌ Failed to update inventory:","timestamp":"2026-06-27T19:32:26.082Z"}
{"level":"error","message":"❌ Sync inventory error:","timestamp":"2026-06-27T19:32:26.082Z"}
{"level":"error","message":"❌ Failed to update inventory:","timestamp":"2026-06-27T19:32:26.083Z"}
{"level":"error","message":"❌ Failed to update inventory:","timestamp":"2026-06-27T19:32:26.090Z"}
{"level":"error","message":"❌ Failed to update inventory:","timestamp":"2026-06-27T19:32:26.091Z"}
{"level":"error","message":"❌ Failed to find product with SKU CHAMPION ALL AMERICAN Slide KK-10281727394075:","timestamp":"2026-06-27T19:32:26.350Z"}
{"level":"error","message":"❌ Failed to update inventory:","timestamp":"2026-06-27T19:32:26.355Z"}
{"level":"error","message":"❌ Failed to update inventory:","timestamp":"2026-06-27T19:32:26.965Z"}
{"level":"error","message":"❌ Sync inventory error:","timestamp":"2026-06-27T19:32:26.965Z"}
{"level":"error","message":"❌ Failed to update inventory:","timestamp":"2026-06-27T19:32:26.973Z"}
{"level":"error","message":"❌ Failed to update inventory:","timestamp":"2026-06-27T19:32:26.978Z"}
{"level":"error","message":"❌ Failed to update inventory:","timestamp":"2026-06-27T19:32:26.979Z"}
{"level":"error","message":"❌ Failed to update inventory:","timestamp":"2026-06-27T19:32:26.989Z"}
{"level":"error","message":"❌ Failed to update inventory:","timestamp":"2026-06-27T19:32:27.608Z"}
{"level":"error","message":"❌ Sync inventory error:","timestamp":"2026-06-27T19:32:27.608Z"}
{"level":"error","message":"❌ Failed to update inventory:","timestamp":"2026-06-27T19:32:27.612Z"}
{"level":"error","message":"❌ Failed to update inventory:","timestamp":"2026-06-27T19:32:27.632Z"}
{"level":"error","message":"❌ Failed to update inventory:","timestamp":"2026-06-27T19:32:27.649Z"}
{"level":"error","message":"❌ Failed to find product with SKU CHAMPION CLAQUETTE\nS22471-ES00-10281716678939:","timestamp":"2026-06-27T19:32:27.857Z"}
{"level":"error","message":"❌ Failed to update inventory:","timestamp":"2026-06-27T19:32:27.865Z"}
{"level":"error","message":"❌ Failed to update inventory:","timestamp":"2026-06-27T19:32:28.494Z"}
{"level":"error","message":"❌ Sync inventory error:","timestamp":"2026-06-27T19:32:28.495Z"}
{"level":"error","message":"❌ Failed to update inventory:","timestamp":"2026-06-27T19:32:28.503Z"}
{"level":"error","message":"❌ Failed to update inventory:","timestamp":"2026-06-27T19:32:28.507Z"}
{"level":"error","message":"❌ Failed to update inventory:","timestamp":"2026-06-27T19:32:28.508Z"}
{"level":"error","message":"❌ Failed to update inventory:","timestamp":"2026-06-27T19:32:28.517Z"}
{"level":"error","message":"❌ Failed to update inventory:","timestamp":"2026-06-27T19:32:29.375Z"}
{"level":"error","message":"❌ Sync inventory error:","timestamp":"2026-06-27T19:32:29.375Z"}
{"level":"error","message":"❌ Failed to update inventory:","timestamp":"2026-06-27T19:32:29.378Z"}
{"level":"error","message":"❌ Failed to update inventory:","timestamp":"2026-06-27T19:32:29.403Z"}
{"level":"error","message":"❌ Failed to find product with SKU CLAQUETTE KITO. AH167M-BLACK-10278835781915:","timestamp":"2026-06-27T19:32:29.611Z"}
{"level":"error","message":"❌ Failed to update inventory:","timestamp":"2026-06-27T19:32:29.625Z"}
{"level":"error","message":"❌ Failed to find product with SKU G21-000176-BROWN02-S:","timestamp":"2026-06-27T19:32:29.833Z"}
{"level":"error","message":"❌ Failed to update inventory:","timestamp":"2026-06-27T19:32:29.886Z"}
{"level":"error","message":"❌ Failed to update inventory:","timestamp":"2026-06-27T19:32:30.480Z"}
{"level":"error","message":"❌ Sync inventory error:","timestamp":"2026-06-27T19:32:30.481Z"}
{"level":"error","message":"❌ Failed to update inventory:","timestamp":"2026-06-27T19:32:30.484Z"}
{"level":"error","message":"❌ Failed to update inventory:","timestamp":"2026-06-27T19:32:30.494Z"}
{"level":"error","message":"❌ Failed to update inventory:","timestamp":"2026-06-27T19:32:30.496Z"}
{"level":"error","message":"❌ Failed to update inventory:","timestamp":"2026-06-27T19:32:30.500Z"}
{"level":"error","message":"❌ Failed to update inventory:","timestamp":"2026-06-27T19:32:31.158Z"}
{"level":"error","message":"❌ Sync inventory error:","timestamp":"2026-06-27T19:32:31.158Z"}
{"level":"error","message":"❌ Failed to update inventory:","timestamp":"2026-06-27T19:32:31.161Z"}
{"level":"error","message":"❌ Failed to update inventory:","timestamp":"2026-06-27T19:32:31.168Z"}
{"level":"error","message":"❌ Failed to update inventory:","timestamp":"2026-06-27T19:32:31.169Z"}
{"level":"error","message":"❌ Failed to find product with SKU DEPART POLO\nG23-003391-BEIGE55-10279458177307:","timestamp":"2026-06-27T19:32:31.392Z"}
{"level":"error","message":"❌ Failed to update inventory:","timestamp":"2026-06-27T19:32:31.424Z"}
{"level":"error","message":"❌ Failed to update inventory:","timestamp":"2026-06-27T19:32:32.021Z"}
{"level":"error","message":"❌ Sync inventory error:","timestamp":"2026-06-27T19:32:32.021Z"}
{"level":"error","message":"❌ Failed to update inventory:","timestamp":"2026-06-27T19:32:32.030Z"}
{"level":"error","message":"❌ Failed to update inventory:","timestamp":"2026-06-27T19:32:32.032Z"}
{"level":"error","message":"❌ Failed to update inventory:","timestamp":"2026-06-27T19:32:32.043Z"}
{"level":"error","message":"❌ Failed to find product with SKU DEPART POLO\nG23-003391-BROWN15-10279462207771:","timestamp":"2026-06-27T19:32:32.260Z"}
{"level":"error","message":"❌ Failed to update inventory:","timestamp":"2026-06-27T19:32:32.291Z"}
{"level":"error","message":"❌ Failed to find product with SKU DEPART POLO\nG23-003391-KAKI23-10279446708507:","timestamp":"2026-06-27T19:32:32.497Z"}
{"level":"error","message":"❌ Failed to update inventory:","timestamp":"2026-06-27T19:32:33.124Z"}
{"level":"error","message":"❌ Sync inventory error:","timestamp":"2026-06-27T19:32:33.124Z"}
{"level":"error","message":"❌ Failed to update inventory:","timestamp":"2026-06-27T19:32:33.125Z"}
{"level":"error","message":"❌ Failed to update inventory:","timestamp":"2026-06-27T19:32:33.127Z"}
{"level":"error","message":"❌ Failed to update inventory:","timestamp":"2026-06-27T19:32:33.128Z"}
{"level":"error","message":"❌ Failed to find product with SKU DEPART POLO\nG23-003391-RED06-10279452999963:","timestamp":"2026-06-27T19:32:33.366Z"}
{"level":"error","message":"❌ Failed to update inventory:","timestamp":"2026-06-27T19:32:33.403Z"}
{"level":"error","message":"❌ Failed to update inventory:","timestamp":"2026-06-27T19:32:33.999Z"}
{"level":"error","message":"❌ Sync inventory error:","timestamp":"2026-06-27T19:32:33.999Z"}
{"level":"error","message":"❌ Failed to update inventory:","timestamp":"2026-06-27T19:32:34.000Z"}
{"level":"error","message":"❌ Failed to update inventory:","timestamp":"2026-06-27T19:32:34.001Z"}
{"level":"error","message":"❌ Failed to update inventory:","timestamp":"2026-06-27T19:32:34.005Z"}
{"level":"error","message":"❌ Failed to update inventory:","timestamp":"2026-06-27T19:32:34.034Z"}
{"level":"error","message":"❌ Failed to update inventory:","timestamp":"2026-06-27T19:32:34.609Z"}
{"level":"error","message":"❌ Sync inventory error:","timestamp":"2026-06-27T19:32:34.610Z"}
{"level":"error","message":"❌ Failed to update inventory:","timestamp":"2026-06-27T19:32:34.615Z"}
{"level":"error","message":"❌ Failed to update inventory:","timestamp":"2026-06-27T19:32:34.623Z"}
{"level":"error","message":"❌ Failed to update inventory:","timestamp":"2026-06-27T19:32:34.651Z"}
{"level":"error","message":"❌ Failed to find product with SKU DEPART POLO\nG23-003391-TURQ45-10284334252315:","timestamp":"2026-06-27T19:32:34.853Z"}
{"level":"error","message":"❌ Failed to update inventory:","timestamp":"2026-06-27T19:32:34.865Z"}
{"level":"error","message":"❌ Failed to update inventory:","timestamp":"2026-06-27T19:32:35.458Z"}
{"level":"error","message":"❌ Sync inventory error:","timestamp":"2026-06-27T19:32:35.458Z"}
{"level":"error","message":"❌ Failed to update inventory:","timestamp":"2026-06-27T19:32:35.462Z"}
{"level":"error","message":"❌ Failed to update inventory:","timestamp":"2026-06-27T19:32:35.464Z"}
{"level":"error","message":"❌ Failed to update inventory:","timestamp":"2026-06-27T19:32:35.467Z"}
{"level":"error","message":"❌ Failed to update inventory:","timestamp":"2026-06-27T19:32:35.499Z"}
{"level":"error","message":"❌ Failed to update inventory:","timestamp":"2026-06-27T19:32:36.098Z"}
{"level":"error","message":"❌ Sync inventory error:","timestamp":"2026-06-27T19:32:36.098Z"}
{"level":"error","message":"❌ Failed to update inventory:","timestamp":"2026-06-27T19:32:36.101Z"}
{"level":"error","message":"❌ Failed to update inventory:","timestamp":"2026-06-27T19:32:36.116Z"}
{"level":"error","message":"❌ Failed to update inventory:","timestamp":"2026-06-27T19:32:36.133Z"}
{"level":"error","message":"❌ Failed to find product with SKU DEPART POLO. G23-001697-GREY-10247421133083:","timestamp":"2026-06-27T19:32:36.324Z"}
{"level":"error","message":"❌ Failed to update inventory:","timestamp":"2026-06-27T19:32:36.394Z"}
{"level":"error","message":"❌ Failed to update inventory:","timestamp":"2026-06-27T19:32:36.969Z"}
{"level":"error","message":"❌ Sync inventory error:","timestamp":"2026-06-27T19:32:36.970Z"}
{"level":"error","message":"❌ Failed to update inventory:","timestamp":"2026-06-27T19:32:36.971Z"}
{"level":"error","message":"❌ Failed to update inventory:","timestamp":"2026-06-27T19:32:36.971Z"}
{"level":"error","message":"❌ Failed to update inventory:","timestamp":"2026-06-27T19:32:36.972Z"}
{"level":"error","message":"❌ Failed to update inventory:","timestamp":"2026-06-27T19:32:36.972Z"}
{"level":"error","message":"❌ Failed to update inventory:","timestamp":"2026-06-27T19:32:37.600Z"}
{"level":"error","message":"❌ Sync inventory error:","timestamp":"2026-06-27T19:32:37.601Z"}
{"level":"error","message":"❌ Failed to update inventory:","timestamp":"2026-06-27T19:32:37.604Z"}
{"level":"error","message":"❌ Failed to update inventory:","timestamp":"2026-06-27T19:32:37.617Z"}
{"level":"error","message":"❌ Failed to update inventory:","timestamp":"2026-06-27T19:32:37.656Z"}
{"level":"error","message":"❌ Failed to find product with SKU DEPART POLO. G23-003391-BROWN0-10247420805403:","timestamp":"2026-06-27T19:32:37.832Z"}
{"level":"error","message":"❌ Failed to update inventory:","timestamp":"2026-06-27T19:32:37.864Z"}
{"level":"error","message":"❌ Failed to update inventory:","timestamp":"2026-06-27T19:32:38.467Z"}
{"level":"error","message":"❌ Sync inventory error:","timestamp":"2026-06-27T19:32:38.468Z"}
{"level":"error","message":"❌ Failed to update inventory:","timestamp":"2026-06-27T19:32:38.469Z"}
{"level":"error","message":"❌ Failed to update inventory:","timestamp":"2026-06-27T19:32:38.471Z"}
{"level":"error","message":"❌ Failed to update inventory:","timestamp":"2026-06-27T19:32:38.472Z"}
{"level":"error","message":"❌ Failed to update inventory:","timestamp":"2026-06-27T19:32:38.478Z"}
{"level":"error","message":"❌ Failed to update inventory:","timestamp":"2026-06-27T19:32:39.104Z"}
{"level":"error","message":"❌ Sync inventory error:","timestamp":"2026-06-27T19:32:39.104Z"}
{"level":"error","message":"❌ Failed to update inventory:","timestamp":"2026-06-27T19:32:39.110Z"}
{"level":"error","message":"❌ Failed to update inventory:","timestamp":"2026-06-27T19:32:39.119Z"}
{"level":"error","message":"❌ Failed to update inventory:","timestamp":"2026-06-27T19:32:39.119Z"}
{"level":"error","message":"❌ Failed to find product with SKU DEPART POLO. G23-003391-GREY17-10247420707099:","timestamp":"2026-06-27T19:32:39.339Z"}
{"level":"error","message":"❌ Failed to update inventory:","timestamp":"2026-06-27T19:32:39.395Z"}
{"level":"error","message":"❌ Failed to update inventory:","timestamp":"2026-06-27T19:32:39.977Z"}
{"level":"error","message":"❌ Sync inventory error:","timestamp":"2026-06-27T19:32:39.977Z"}
{"level":"error","message":"❌ Failed to update inventory:","timestamp":"2026-06-27T19:32:39.978Z"}
{"level":"error","message":"❌ Failed to update inventory:","timestamp":"2026-06-27T19:32:39.979Z"}
{"level":"error","message":"❌ Failed to update inventory:","timestamp":"2026-06-27T19:32:39.980Z"}
{"level":"error","message":"❌ Failed to update inventory:","timestamp":"2026-06-27T19:32:39.992Z"}
{"level":"error","message":"❌ Failed to update inventory:","timestamp":"2026-06-27T19:32:40.608Z"}
{"level":"error","message":"❌ Sync inventory error:","timestamp":"2026-06-27T19:32:40.608Z"}
{"level":"error","message":"❌ Failed to update inventory:","timestamp":"2026-06-27T19:32:40.613Z"}
{"level":"error","message":"❌ Failed to update inventory:","timestamp":"2026-06-27T19:32:40.614Z"}
{"level":"error","message":"❌ Failed to update inventory:","timestamp":"2026-06-27T19:32:40.615Z"}
{"level":"error","message":"❌ Failed to find product with SKU DEPART POLO. G23-003391-YELLOW-10247420969243:","timestamp":"2026-06-27T19:32:40.837Z"}
{"level":"error","message":"❌ Failed to update inventory:","timestamp":"2026-06-27T19:32:40.852Z"}
{"level":"error","message":"❌ Failed to update inventory:","timestamp":"2026-06-27T19:32:41.479Z"}
{"level":"error","message":"❌ Sync inventory error:","timestamp":"2026-06-27T19:32:41.480Z"}
{"level":"error","message":"❌ Failed to update inventory:","timestamp":"2026-06-27T19:32:41.483Z"}
{"level":"error","message":"❌ Failed to update inventory:","timestamp":"2026-06-27T19:32:41.485Z"}
{"level":"error","message":"❌ Failed to update inventory:","timestamp":"2026-06-27T19:32:41.493Z"}
{"level":"error","message":"❌ Failed to update inventory:","timestamp":"2026-06-27T19:32:41.534Z"}
{"level":"error","message":"❌ Failed to update inventory:","timestamp":"2026-06-27T19:32:42.128Z"}
{"level":"error","message":"❌ Sync inventory error:","timestamp":"2026-06-27T19:32:42.145Z"}
{"level":"error","message":"❌ Failed to update inventory:","timestamp":"2026-06-27T19:32:42.151Z"}
{"level":"error","message":"❌ Failed to update inventory:","timestamp":"2026-06-27T19:32:42.154Z"}
{"level":"error","message":"❌ Failed to update inventory:","timestamp":"2026-06-27T19:32:42.244Z"}
{"level":"error","message":"❌ Failed to find product with SKU LUMBERJACK PULL.\nLBJ26010-LBR-10278886048027:","timestamp":"2026-06-27T19:32:42.383Z"}
{"level":"error","message":"❌ Failed to update inventory:","timestamp":"2026-06-27T19:32:42.391Z"}
{"level":"error","message":"❌ Failed to update inventory:","timestamp":"2026-06-27T19:32:42.999Z"}
{"level":"error","message":"❌ Sync inventory error:","timestamp":"2026-06-27T19:32:43.000Z"}
{"level":"error","message":"❌ Failed to update inventory:","timestamp":"2026-06-27T19:32:43.003Z"}
{"level":"error","message":"❌ Failed to update inventory:","timestamp":"2026-06-27T19:32:43.037Z"}
{"level":"error","message":"❌ Failed to update inventory:","timestamp":"2026-06-27T19:32:43.108Z"}
{"level":"error","message":"❌ Failed to find product with SKU LUMBERJACK PULL.    LBJ24006-G-10279412695323:","timestamp":"2026-06-27T19:32:43.232Z"}
{"level":"error","message":"❌ Failed to update inventory:","timestamp":"2026-06-27T19:32:43.308Z"}
{"level":"error","message":"❌ Failed to find product with SKU LUMBERJACK PULL. LBJ24006-BLG-10278500794651:","timestamp":"2026-06-27T19:32:43.466Z"}
{"level":"error","message":"❌ Failed to update inventory:","timestamp":"2026-06-27T19:32:44.100Z"}
{"level":"error","message":"❌ Sync inventory error:","timestamp":"2026-06-27T19:32:44.101Z"}
{"level":"error","message":"❌ Failed to update inventory:","timestamp":"2026-06-27T19:32:44.122Z"}
{"level":"error","message":"❌ Failed to update inventory:","timestamp":"2026-06-27T19:32:44.134Z"}
{"level":"error","message":"❌ Failed to update inventory:","timestamp":"2026-06-27T19:32:44.225Z"}
{"level":"error","message":"❌ Failed to find product with SKU LUMBERJACK PULL. LBJ27001-DOR-10278499582235:","timestamp":"2026-06-27T19:32:44.325Z"}
{"level":"error","message":"❌ Failed to update inventory:","timestamp":"2026-06-27T19:32:44.840Z"}
{"level":"error","message":"❌ Failed to update inventory:","timestamp":"2026-06-27T19:32:44.937Z"}
{"level":"error","message":"❌ Sync inventory error:","timestamp":"2026-06-27T19:32:44.938Z"}
{"level":"error","message":"❌ Failed to update inventory:","timestamp":"2026-06-27T19:32:44.945Z"}
{"level":"error","message":"❌ Failed to update inventory:","timestamp":"2026-06-27T19:32:44.946Z"}
{"level":"error","message":"❌ Failed to update inventory:","timestamp":"2026-06-27T19:32:44.948Z"}
{"level":"error","message":"❌ Failed to find product with SKU LUMBERJACK PULL. LBJ27010-DOR-10278493847835:","timestamp":"2026-06-27T19:32:45.181Z"}
{"level":"error","message":"❌ Failed to find product with SKU LUMBERJACK PULL. LBJ28010-LGN-10278459736347:","timestamp":"2026-06-27T19:32:45.417Z"}
{"level":"error","message":"❌ Failed to update inventory:","timestamp":"2026-06-27T19:32:45.455Z"}
{"level":"error","message":"❌ Failed to update inventory:","timestamp":"2026-06-27T19:32:46.046Z"}
{"level":"error","message":"❌ Sync inventory error:","timestamp":"2026-06-27T19:32:46.046Z"}
{"level":"error","message":"❌ Failed to update inventory:","timestamp":"2026-06-27T19:32:46.050Z"}
{"level":"error","message":"❌ Failed to update inventory:","timestamp":"2026-06-27T19:32:46.063Z"}
{"level":"error","message":"❌ Failed to update inventory:","timestamp":"2026-06-27T19:32:46.157Z"}
{"level":"error","message":"❌ Failed to find product with SKU Peak Claquette\nET53917L-00DL-10285204537627:","timestamp":"2026-06-27T19:32:46.295Z"}
{"level":"error","message":"❌ Failed to update inventory:","timestamp":"2026-06-27T19:32:46.315Z"}
{"level":"error","message":"❌ Failed to update inventory:","timestamp":"2026-06-27T19:32:46.908Z"}
{"level":"error","message":"❌ Sync inventory error:","timestamp":"2026-06-27T19:32:46.909Z"}
{"level":"error","message":"❌ Failed to update inventory:","timestamp":"2026-06-27T19:32:46.914Z"}
{"level":"error","message":"❌ Failed to update inventory:","timestamp":"2026-06-27T19:32:46.930Z"}
{"level":"error","message":"❌ Failed to update inventory:","timestamp":"2026-06-27T19:32:46.957Z"}
{"level":"error","message":"❌ Failed to update inventory:","timestamp":"2026-06-27T19:32:46.996Z"}
{"level":"error","message":"❌ Failed to update inventory:","timestamp":"2026-06-27T19:32:47.735Z"}
{"level":"error","message":"❌ Sync inventory error:","timestamp":"2026-06-27T19:32:47.735Z"}
{"level":"error","message":"❌ Failed to update inventory:","timestamp":"2026-06-27T19:32:47.744Z"}
{"level":"error","message":"❌ Failed to update inventory:","timestamp":"2026-06-27T19:32:47.748Z"}
{"level":"error","message":"❌ Failed to update inventory:","timestamp":"2026-06-27T19:32:47.758Z"}
{"level":"error","message":"❌ Failed to update inventory:","timestamp":"2026-06-27T19:32:47.965Z"}
{"level":"error","message":"❌ Failed to find product with SKU Peak Claquette\nET59096L-Z487-10280084144411:","timestamp":"2026-06-27T19:32:47.977Z"}
{"level":"error","message":"❌ Failed to update inventory:","timestamp":"2026-06-27T19:32:48.721Z"}
{"level":"error","message":"❌ Sync inventory error:","timestamp":"2026-06-27T19:32:48.721Z"}
{"level":"error","message":"❌ Failed to update inventory:","timestamp":"2026-06-27T19:32:48.743Z"}
{"level":"error","message":"❌ Failed to update inventory:","timestamp":"2026-06-27T19:32:48.751Z"}
{"level":"error","message":"❌ Failed to update inventory:","timestamp":"2026-06-27T19:32:48.762Z"}
{"level":"error","message":"❌ Failed to find product with SKU Peak Outdoor Sports\nEXT53347H--10285203980571:","timestamp":"2026-06-27T19:32:48.943Z"}
{"level":"error","message":"❌ Failed to update inventory:","timestamp":"2026-06-27T19:32:48.967Z"}
{"level":"error","message":"❌ Failed to update inventory:","timestamp":"2026-06-27T19:32:49.567Z"}
{"level":"error","message":"❌ Sync inventory error:","timestamp":"2026-06-27T19:32:49.568Z"}
{"level":"error","message":"❌ Failed to update inventory:","timestamp":"2026-06-27T19:32:49.581Z"}
{"level":"error","message":"❌ Failed to update inventory:","timestamp":"2026-06-27T19:32:49.582Z"}
{"level":"error","message":"❌ Failed to update inventory:","timestamp":"2026-06-27T19:32:49.602Z"}
{"level":"error","message":"❌ Failed to update inventory:","timestamp":"2026-06-27T19:32:49.819Z"}
{"level":"error","message":"❌ Failed to find product with SKU Peak Outdoor Taichi Sports\nEXT-10285209846043:","timestamp":"2026-06-27T19:32:49.837Z"}
{"level":"error","message":"❌ Failed to update inventory:","timestamp":"2026-06-27T19:32:50.494Z"}
{"level":"error","message":"❌ Sync inventory error:","timestamp":"2026-06-27T19:32:50.495Z"}
{"level":"error","message":"❌ Failed to update inventory:","timestamp":"2026-06-27T19:32:50.499Z"}
{"level":"error","message":"❌ Failed to update inventory:","timestamp":"2026-06-27T19:32:50.507Z"}
{"level":"error","message":"❌ Failed to update inventory:","timestamp":"2026-06-27T19:32:50.509Z"}
{"level":"error","message":"❌ Failed to find product with SKU Peak Taichi Sports\nET59487E-00-10285209223451:","timestamp":"2026-06-27T19:32:50.722Z"}
{"level":"error","message":"❌ Failed to find product with SKU Pepe Jeans Beach Slide M.\nPMS7-10278966198555:","timestamp":"2026-06-27T19:32:50.957Z"}
{"level":"error","message":"❌ Failed to update inventory:","timestamp":"2026-06-27T19:32:50.997Z"}
{"level":"error","message":"❌ Failed to update inventory:","timestamp":"2026-06-27T19:32:51.596Z"}
{"level":"error","message":"❌ Sync inventory error:","timestamp":"2026-06-27T19:32:51.597Z"}
{"level":"error","message":"❌ Failed to update inventory:","timestamp":"2026-06-27T19:32:51.602Z"}
{"level":"error","message":"❌ Failed to update inventory:","timestamp":"2026-06-27T19:32:51.611Z"}
{"level":"error","message":"❌ Failed to update inventory:","timestamp":"2026-06-27T19:32:51.659Z"}
{"level":"error","message":"❌ Failed to find product with SKU POLO BASKETS POUR HOMME\nBPLR23-10281687417115:","timestamp":"2026-06-27T19:32:51.826Z"}
{"level":"error","message":"❌ Failed to update inventory:","timestamp":"2026-06-27T19:32:51.856Z"}
{"level":"error","message":"❌ Failed to update inventory:","timestamp":"2026-06-27T19:32:52.413Z"}
{"level":"error","message":"❌ Sync inventory error:","timestamp":"2026-06-27T19:32:52.414Z"}
{"level":"error","message":"❌ Failed to update inventory:","timestamp":"2026-06-27T19:32:52.416Z"}
{"level":"error","message":"❌ Failed to update inventory:","timestamp":"2026-06-27T19:32:52.418Z"}
{"level":"error","message":"❌ Failed to update inventory:","timestamp":"2026-06-27T19:32:52.427Z"}
{"level":"error","message":"❌ Failed to update inventory:","timestamp":"2026-06-27T19:32:52.502Z"}
{"level":"error","message":"❌ Failed to update inventory:","timestamp":"2026-06-27T19:32:53.034Z"}
{"level":"error","message":"❌ Sync inventory error:","timestamp":"2026-06-27T19:32:53.034Z"}
{"level":"error","message":"❌ Failed to update inventory:","timestamp":"2026-06-27T19:32:53.037Z"}
{"level":"error","message":"❌ Failed to update inventory:","timestamp":"2026-06-27T19:32:53.060Z"}
{"level":"error","message":"❌ Failed to update inventory:","timestamp":"2026-06-27T19:32:53.061Z"}
{"level":"error","message":"❌ Failed to find product with SKU PULL LUMBERJACK. LBJ26010-GRN-10278502957339:","timestamp":"2026-06-27T19:32:53.278Z"}
{"level":"error","message":"❌ Failed to update inventory:","timestamp":"2026-06-27T19:32:53.284Z"}
{"level":"error","message":"❌ Failed to update inventory:","timestamp":"2026-06-27T19:32:53.913Z"}
{"level":"error","message":"❌ Sync inventory error:","timestamp":"2026-06-27T19:32:53.914Z"}
{"level":"error","message":"❌ Failed to update inventory:","timestamp":"2026-06-27T19:32:53.920Z"}
{"level":"error","message":"❌ Failed to update inventory:","timestamp":"2026-06-27T19:32:53.926Z"}
{"level":"error","message":"❌ Failed to update inventory:","timestamp":"2026-06-27T19:32:53.952Z"}
{"level":"error","message":"❌ Failed to update inventory:","timestamp":"2026-06-27T19:32:54.155Z"}
{"level":"error","message":"❌ Failed to update inventory:","timestamp":"2026-06-27T19:32:54.526Z"}
{"level":"error","message":"❌ Sync inventory error:","timestamp":"2026-06-27T19:32:54.528Z"}
{"level":"error","message":"❌ Failed to update inventory:","timestamp":"2026-06-27T19:32:54.532Z"}
{"level":"error","message":"❌ Failed to update inventory:","timestamp":"2026-06-27T19:32:54.533Z"}
{"level":"error","message":"❌ Failed to update inventory:","timestamp":"2026-06-27T19:32:54.542Z"}
{"level":"error","message":"❌ Failed to find product with SKU RBK FULGERE SLIDE. 100212027-10278969573659:","timestamp":"2026-06-27T19:32:54.757Z"}
{"level":"error","message":"❌ Failed to update inventory:","timestamp":"2026-06-27T19:32:54.773Z"}
{"level":"error","message":"❌ Failed to find product with SKU REEBOK RBK FULGERE SLIDE\n10003-10281745449243:","timestamp":"2026-06-27T19:32:55.002Z"}
{"level":"error","message":"❌ Failed to update inventory:","timestamp":"2026-06-27T19:32:55.668Z"}
{"level":"error","message":"❌ Sync inventory error:","timestamp":"2026-06-27T19:32:55.670Z"}
{"level":"error","message":"❌ Failed to update inventory:","timestamp":"2026-06-27T19:32:55.684Z"}
{"level":"error","message":"❌ Failed to update inventory:","timestamp":"2026-06-27T19:32:55.710Z"}
{"level":"error","message":"❌ Failed to update inventory:","timestamp":"2026-06-27T19:32:55.911Z"}
{"level":"error","message":"❌ Failed to find product with SKU Safety Jogger Cross-Strap Buck-10280948564251:","timestamp":"2026-06-27T19:32:56.006Z"}
{"level":"error","message":"❌ Failed to update inventory:","timestamp":"2026-06-27T19:32:56.047Z"}
{"level":"error","message":"❌ Failed to update inventory:","timestamp":"2026-06-27T19:32:56.633Z"}
{"level":"error","message":"❌ Sync inventory error:","timestamp":"2026-06-27T19:32:56.634Z"}
{"level":"error","message":"❌ Failed to update inventory:","timestamp":"2026-06-27T19:32:56.646Z"}
{"level":"error","message":"❌ Failed to update inventory:","timestamp":"2026-06-27T19:32:56.647Z"}
{"level":"error","message":"❌ Failed to update inventory:","timestamp":"2026-06-27T19:32:56.669Z"}
{"level":"error","message":"❌ Failed to find product with SKU Safety Jogger Sandales Femme\n5-10280938111259:","timestamp":"2026-06-27T19:32:56.881Z"}
{"level":"error","message":"❌ Failed to update inventory:","timestamp":"2026-06-27T19:32:56.911Z"}
{"level":"error","message":"❌ Failed to update inventory:","timestamp":"2026-06-27T19:32:57.478Z"}
{"level":"error","message":"❌ Sync inventory error:","timestamp":"2026-06-27T19:32:57.479Z"}
{"level":"error","message":"❌ Failed to update inventory:","timestamp":"2026-06-27T19:32:57.481Z"}
{"level":"error","message":"❌ Failed to update inventory:","timestamp":"2026-06-27T19:32:57.486Z"}
{"level":"error","message":"❌ Failed to find product with SKU Safety Jogger Sandales Femme P-10279074038043:","timestamp":"2026-06-27T19:32:57.717Z"}
{"level":"error","message":"❌ Failed to update inventory:","timestamp":"2026-06-27T19:32:57.734Z"}
{"level":"error","message":"❌ Failed to update inventory:","timestamp":"2026-06-27T19:32:57.885Z"}
{"level":"error","message":"❌ Failed to find product with SKU Safety Jogger Sandales Femme.\n-10279067975963:","timestamp":"2026-06-27T19:32:57.946Z"}
{"level":"error","message":"❌ Failed to update inventory:","timestamp":"2026-06-27T19:32:58.552Z"}
{"level":"error","message":"❌ Sync inventory error:","timestamp":"2026-06-27T19:32:58.553Z"}
{"level":"error","message":"❌ Failed to update inventory:","timestamp":"2026-06-27T19:32:58.556Z"}
{"level":"error","message":"❌ Failed to update inventory:","timestamp":"2026-06-27T19:32:58.560Z"}
{"level":"error","message":"❌ Failed to update inventory:","timestamp":"2026-06-27T19:32:58.569Z"}
{"level":"error","message":"❌ Failed to find product with SKU Safety Jogger Sandales Femme.\n-10279072891163:","timestamp":"2026-06-27T19:32:58.770Z"}
{"level":"error","message":"❌ Failed to update inventory:","timestamp":"2026-06-27T19:32:58.800Z"}
{"level":"error","message":"❌ Failed to update inventory:","timestamp":"2026-06-27T19:32:59.628Z"}
{"level":"error","message":"❌ Sync inventory error:","timestamp":"2026-06-27T19:32:59.629Z"}
{"level":"error","message":"❌ Failed to update inventory:","timestamp":"2026-06-27T19:32:59.633Z"}
{"level":"error","message":"❌ Failed to update inventory:","timestamp":"2026-06-27T19:32:59.637Z"}
{"level":"error","message":"❌ Failed to update inventory:","timestamp":"2026-06-27T19:32:59.642Z"}
{"level":"error","message":"❌ Failed to find product with SKU Safety Jogger Sandales Femme. -10280928674075:","timestamp":"2026-06-27T19:32:59.862Z"}
{"level":"error","message":"❌ Failed to update inventory:","timestamp":"2026-06-27T19:32:59.908Z"}
{"level":"error","message":"❌ Failed to update inventory:","timestamp":"2026-06-27T19:33:00.478Z"}
{"level":"error","message":"❌ Sync inventory error:","timestamp":"2026-06-27T19:33:00.478Z"}
{"level":"error","message":"❌ Failed to update inventory:","timestamp":"2026-06-27T19:33:00.481Z"}
{"level":"error","message":"❌ Failed to update inventory:","timestamp":"2026-06-27T19:33:00.484Z"}
{"level":"error","message":"❌ Failed to update inventory:","timestamp":"2026-06-27T19:33:00.492Z"}
{"level":"error","message":"❌ Failed to update inventory:","timestamp":"2026-06-27T19:33:00.502Z"}
{"level":"error","message":"❌ Failed to update inventory:","timestamp":"2026-06-27T19:33:01.106Z"}
{"level":"error","message":"❌ Sync inventory error:","timestamp":"2026-06-27T19:33:01.107Z"}
{"level":"error","message":"❌ Failed to update inventory:","timestamp":"2026-06-27T19:33:01.116Z"}
{"level":"error","message":"❌ Failed to update inventory:","timestamp":"2026-06-27T19:33:01.119Z"}
{"level":"error","message":"❌ Failed to update inventory:","timestamp":"2026-06-27T19:33:01.127Z"}
{"level":"error","message":"❌ Failed to find product with SKU UMBRO POLO. UAA241M011-005-10247418675483:","timestamp":"2026-06-27T19:33:01.335Z"}
{"level":"error","message":"❌ Failed to update inventory:","timestamp":"2026-06-27T19:33:01.359Z"}
{"level":"error","message":"❌ Failed to update inventory:","timestamp":"2026-06-27T19:33:01.971Z"}
{"level":"error","message":"❌ Sync inventory error:","timestamp":"2026-06-27T19:33:01.971Z"}
{"level":"error","message":"❌ Failed to update inventory:","timestamp":"2026-06-27T19:33:01.973Z"}
{"level":"error","message":"❌ Failed to update inventory:","timestamp":"2026-06-27T19:33:01.978Z"}
{"level":"error","message":"❌ Failed to update inventory:","timestamp":"2026-06-27T19:33:01.979Z"}
{"level":"error","message":"❌ Failed to update inventory:","timestamp":"2026-06-27T19:33:01.994Z"}
{"level":"error","message":"❌ Failed to update inventory:","timestamp":"2026-06-27T19:33:02.579Z"}
{"level":"error","message":"❌ Sync inventory error:","timestamp":"2026-06-27T19:33:02.580Z"}
{"level":"error","message":"❌ Failed to update inventory:","timestamp":"2026-06-27T19:33:02.591Z"}
{"level":"error","message":"❌ Failed to update inventory:","timestamp":"2026-06-27T19:33:02.592Z"}
{"level":"error","message":"❌ Failed to update inventory:","timestamp":"2026-06-27T19:33:02.595Z"}
{"level":"error","message":"❌ Failed to find product with SKU UMBRO POLO. UAA241M012-006-10247419134235:","timestamp":"2026-06-27T19:33:02.806Z"}
{"level":"error","message":"❌ Failed to update inventory:","timestamp":"2026-06-27T19:33:02.838Z"}
{"level":"error","message":"❌ Failed to update inventory:","timestamp":"2026-06-27T19:33:03.412Z"}
{"level":"error","message":"❌ Sync inventory error:","timestamp":"2026-06-27T19:33:03.412Z"}
{"level":"error","message":"❌ Failed to update inventory:","timestamp":"2026-06-27T19:33:03.414Z"}
{"level":"error","message":"❌ Failed to update inventory:","timestamp":"2026-06-27T19:33:03.424Z"}
{"level":"error","message":"❌ Failed to update inventory:","timestamp":"2026-06-27T19:33:03.425Z"}
{"level":"error","message":"❌ Failed to update inventory:","timestamp":"2026-06-27T19:33:03.438Z"}
{"level":"error","message":"❌ Failed to update inventory:","timestamp":"2026-06-27T19:33:04.034Z"}
{"level":"error","message":"❌ Sync inventory error:","timestamp":"2026-06-27T19:33:04.034Z"}
{"level":"error","message":"❌ Failed to update inventory:","timestamp":"2026-06-27T19:33:04.040Z"}
{"level":"error","message":"❌ Failed to update inventory:","timestamp":"2026-06-27T19:33:04.043Z"}
{"level":"error","message":"❌ Failed to update inventory:","timestamp":"2026-06-27T19:33:04.044Z"}
{"level":"error","message":"❌ Failed to update inventory:","timestamp":"2026-06-27T19:33:04.294Z"}
{"level":"error","message":"❌ Failed to find product with SKU UMBRO POLO. UAA241M013-028-10247419068699:","timestamp":"2026-06-27T19:33:04.470Z"}
{"level":"error","message":"❌ Failed to update inventory:","timestamp":"2026-06-27T19:33:05.321Z"}
{"level":"error","message":"❌ Sync inventory error:","timestamp":"2026-06-27T19:33:05.322Z"}
{"level":"error","message":"❌ Failed to update inventory:","timestamp":"2026-06-27T19:33:05.325Z"}
{"level":"error","message":"❌ Failed to update inventory:","timestamp":"2026-06-27T19:33:05.333Z"}
{"level":"error","message":"❌ Failed to find product with SKU UMBRO POLO. UAA241M014 -100-10247418609947:","timestamp":"2026-06-27T19:33:05.552Z"}
{"level":"error","message":"❌ Failed to update inventory:","timestamp":"2026-06-27T19:33:05.579Z"}
{"level":"error","message":"❌ Failed to find product with SKU UMBRO PULL. UAA241M004-021-10247419560219:","timestamp":"2026-06-27T19:33:05.789Z"}
{"level":"error","message":"❌ Failed to update inventory:","timestamp":"2026-06-27T19:33:06.142Z"}
{"level":"error","message":"❌ Failed to update inventory:","timestamp":"2026-06-27T19:33:06.427Z"}
{"level":"error","message":"❌ Sync inventory error:","timestamp":"2026-06-27T19:33:06.428Z"}
{"level":"error","message":"❌ Failed to update inventory:","timestamp":"2026-06-27T19:33:06.439Z"}
{"level":"error","message":"❌ Failed to update inventory:","timestamp":"2026-06-27T19:33:06.441Z"}
{"level":"error","message":"❌ Failed to update inventory:","timestamp":"2026-06-27T19:33:06.442Z"}
{"level":"error","message":"❌ Failed to update inventory:","timestamp":"2026-06-27T19:33:06.464Z"}
{"level":"error","message":"❌ Failed to update inventory:","timestamp":"2026-06-27T19:33:07.042Z"}
{"level":"error","message":"❌ Sync inventory error:","timestamp":"2026-06-27T19:33:07.063Z"}
{"level":"error","message":"❌ Failed to update inventory:","timestamp":"2026-06-27T19:33:07.066Z"}
{"level":"error","message":"❌ Failed to update inventory:","timestamp":"2026-06-27T19:33:07.070Z"}
{"level":"error","message":"❌ Failed to update inventory:","timestamp":"2026-06-27T19:33:07.074Z"}
{"level":"error","message":"❌ Failed to update inventory:","timestamp":"2026-06-27T19:33:07.322Z"}
{"level":"error","message":"❌ Failed to find product with SKU UMBRO PULL. UAA241M006-084-10247418904859:","timestamp":"2026-06-27T19:33:07.323Z"}
{"level":"error","message":"❌ Failed to update inventory:","timestamp":"2026-06-27T19:33:07.946Z"}
{"level":"error","message":"❌ Sync inventory error:","timestamp":"2026-06-27T19:33:07.946Z"}
{"level":"error","message":"❌ Failed to update inventory:","timestamp":"2026-06-27T19:33:07.958Z"}
{"level":"error","message":"❌ Failed to update inventory:","timestamp":"2026-06-27T19:33:07.960Z"}
{"level":"error","message":"❌ Failed to update inventory:","timestamp":"2026-06-27T19:33:08.177Z"}
{"level":"error","message":"❌ Failed to find product with SKU UMBRO PULL. UAA241M007-021-10247419265307:","timestamp":"2026-06-27T19:33:08.187Z"}
{"level":"error","message":"❌ Failed to find product with SKU UMBRO PULL. UAA241M007-084-10247419330843:","timestamp":"2026-06-27T19:33:08.420Z"}
{"level":"error","message":"❌ Failed to update inventory:","timestamp":"2026-06-27T19:33:08.476Z"}
{"level":"error","message":"❌ Failed to update inventory:","timestamp":"2026-06-27T19:33:09.057Z"}
{"level":"error","message":"❌ Sync inventory error:","timestamp":"2026-06-27T19:33:09.058Z"}
{"level":"error","message":"❌ Failed to update inventory:","timestamp":"2026-06-27T19:33:09.059Z"}
{"level":"error","message":"❌ Failed to update inventory:","timestamp":"2026-06-27T19:33:09.068Z"}
{"level":"error","message":"❌ Failed to update inventory:","timestamp":"2026-06-27T19:33:09.069Z"}
{"level":"error","message":"❌ Failed to find product with SKU UMBRO PULL. UAA241M009-005-10247418577179:","timestamp":"2026-06-27T19:33:09.313Z"}
{"level":"error","message":"❌ Failed to update inventory:","timestamp":"2026-06-27T19:33:09.326Z"}
{"level":"error","message":"❌ Failed to update inventory:","timestamp":"2026-06-27T19:33:09.985Z"}
{"level":"error","message":"❌ Sync inventory error:","timestamp":"2026-06-27T19:33:09.985Z"}
{"level":"error","message":"❌ Failed to update inventory:","timestamp":"2026-06-27T19:33:09.990Z"}
{"level":"error","message":"❌ Failed to update inventory:","timestamp":"2026-06-27T19:33:10.002Z"}
{"level":"error","message":"❌ Failed to update inventory:","timestamp":"2026-06-27T19:33:10.003Z"}
{"level":"error","message":"❌ Failed to update inventory:","timestamp":"2026-06-27T19:33:10.054Z"}
{"level":"error","message":"❌ Failed to update inventory:","timestamp":"2026-06-27T19:33:10.815Z"}
{"level":"error","message":"❌ Sync inventory error:","timestamp":"2026-06-27T19:33:10.815Z"}
{"level":"error","message":"❌ Failed to update inventory:","timestamp":"2026-06-27T19:33:10.820Z"}
{"level":"error","message":"❌ Failed to update inventory:","timestamp":"2026-06-27T19:33:10.872Z"}
{"level":"error","message":"❌ Failed to update inventory:","timestamp":"2026-06-27T19:33:10.873Z"}
{"level":"error","message":"❌ Failed to update inventory:","timestamp":"2026-06-27T19:33:11.099Z"}
{"level":"error","message":"❌ Failed to update inventory:","timestamp":"2026-06-27T19:33:11.548Z"}
{"level":"error","message":"❌ Sync inventory error:","timestamp":"2026-06-27T19:33:11.548Z"}
{"level":"error","message":"❌ Failed to update inventory:","timestamp":"2026-06-27T19:33:11.555Z"}
{"level":"error","message":"❌ Failed to update inventory:","timestamp":"2026-06-27T19:33:11.557Z"}
{"level":"error","message":"❌ Failed to update inventory:","timestamp":"2026-06-27T19:33:11.559Z"}
{"level":"error","message":"❌ Failed to find product with SKU UMBRO SHORT. UAA241M104-02X-10247420215579:","timestamp":"2026-06-27T19:33:11.785Z"}
{"level":"error","message":"❌ Failed to update inventory:","timestamp":"2026-06-27T19:33:11.844Z"}
{"level":"error","message":"❌ Failed to update inventory:","timestamp":"2026-06-27T19:33:12.401Z"}
{"level":"error","message":"❌ Sync inventory error:","timestamp":"2026-06-27T19:33:12.402Z"}
{"level":"error","message":"❌ Failed to update inventory:","timestamp":"2026-06-27T19:33:12.410Z"}
{"level":"error","message":"❌ Failed to update inventory:","timestamp":"2026-06-27T19:33:12.414Z"}
{"level":"error","message":"❌ Failed to update inventory:","timestamp":"2026-06-27T19:33:12.423Z"}
{"level":"error","message":"❌ Failed to update inventory:","timestamp":"2026-06-27T19:33:12.424Z"}
{"level":"error","message":"❌ Failed to update inventory:","timestamp":"2026-06-27T19:33:13.021Z"}
{"level":"error","message":"❌ Sync inventory error:","timestamp":"2026-06-27T19:33:13.021Z"}
{"level":"error","message":"❌ Failed to update inventory:","timestamp":"2026-06-27T19:33:13.033Z"}
{"level":"error","message":"❌ Failed to update inventory:","timestamp":"2026-06-27T19:33:13.043Z"}
{"level":"error","message":"❌ Failed to update inventory:","timestamp":"2026-06-27T19:33:13.046Z"}
{"level":"error","message":"❌ Failed to find product with SKU UMBRO SHORT. UAA241M105-01X-10247420346651:","timestamp":"2026-06-27T19:33:13.266Z"}
{"level":"error","message":"❌ Failed to update inventory:","timestamp":"2026-06-27T19:33:13.273Z"}
{"level":"error","message":"❌ Failed to find product with SKU UMBRO SHORT. UAA241M107-001-10247420051739:","timestamp":"2026-06-27T19:33:13.488Z"}
{"level":"error","message":"❌ Failed to update inventory:","timestamp":"2026-06-27T19:33:14.112Z"}
{"level":"error","message":"❌ Sync inventory error:","timestamp":"2026-06-27T19:33:14.113Z"}
{"level":"error","message":"❌ Failed to update inventory:","timestamp":"2026-06-27T19:33:14.125Z"}
{"level":"error","message":"❌ Failed to update inventory:","timestamp":"2026-06-27T19:33:14.130Z"}
{"level":"error","message":"❌ Failed to update inventory:","timestamp":"2026-06-27T19:33:14.138Z"}
{"level":"error","message":"❌ Failed to find product with SKU UMBRO SHORT. UAA241M107-01X-10247419986203:","timestamp":"2026-06-27T19:33:14.341Z"}
{"level":"error","message":"❌ Failed to update inventory:","timestamp":"2026-06-27T19:33:14.394Z"}
{"level":"error","message":"❌ Failed to update inventory:","timestamp":"2026-06-27T19:33:15.068Z"}
{"level":"error","message":"❌ Sync inventory error:","timestamp":"2026-06-27T19:33:15.068Z"}
{"level":"error","message":"❌ Failed to update inventory:","timestamp":"2026-06-27T19:33:15.071Z"}
{"level":"error","message":"❌ Failed to update inventory:","timestamp":"2026-06-27T19:33:15.077Z"}
{"level":"error","message":"❌ Failed to update inventory:","timestamp":"2026-06-27T19:33:15.090Z"}
{"level":"error","message":"❌ Failed to find product with SKU UMBRO SHORT. UAA241M110-002-10247420412187:","timestamp":"2026-06-27T19:33:15.301Z"}
{"level":"error","message":"❌ Failed to update inventory:","timestamp":"2026-06-27T19:33:15.363Z"}
{"level":"error","message":"❌ Failed to update inventory:","timestamp":"2026-06-27T19:33:15.900Z"}
{"level":"error","message":"❌ Sync inventory error:","timestamp":"2026-06-27T19:33:15.901Z"}
{"level":"error","message":"❌ Failed to update inventory:","timestamp":"2026-06-27T19:33:15.911Z"}
{"level":"error","message":"❌ Failed to update inventory:","timestamp":"2026-06-27T19:33:15.913Z"}
{"level":"error","message":"❌ Failed to update inventory:","timestamp":"2026-06-27T19:33:15.921Z"}
{"level":"error","message":"❌ Failed to update inventory:","timestamp":"2026-06-27T19:33:15.931Z"}
{"level":"error","message":"❌ Failed to update inventory:","timestamp":"2026-06-27T19:33:16.533Z"}
{"level":"error","message":"❌ Sync inventory error:","timestamp":"2026-06-27T19:33:16.534Z"}
{"level":"error","message":"❌ Failed to update inventory:","timestamp":"2026-06-27T19:33:16.539Z"}
{"level":"error","message":"❌ Failed to update inventory:","timestamp":"2026-06-27T19:33:16.544Z"}
{"level":"error","message":"❌ Failed to update inventory:","timestamp":"2026-06-27T19:33:16.775Z"}
{"level":"error","message":"❌ Failed to update inventory:","timestamp":"2026-06-27T19:33:16.905Z"}
{"level":"error","message":"❌ Failed to update inventory:","timestamp":"2026-06-27T19:38:20.654Z"}
{"level":"error","message":"❌ Sync inventory error:","timestamp":"2026-06-27T19:38:20.660Z"}
{"level":"error","message":"❌ Failed to update inventory:","timestamp":"2026-06-27T19:38:20.666Z"}
{"level":"error","message":"❌ Failed to update inventory:","timestamp":"2026-06-27T19:38:20.678Z"}
{"level":"error","message":"❌ Failed to update inventory:","timestamp":"2026-06-27T19:38:20.682Z"}
{"level":"error","message":"❌ Failed to update inventory:","timestamp":"2026-06-27T19:38:20.712Z"}
{"level":"error","message":"❌ Failed to update inventory:","timestamp":"2026-06-27T19:38:21.555Z"}
{"level":"error","message":"❌ Sync inventory error:","timestamp":"2026-06-27T19:38:21.555Z"}
{"level":"error","message":"❌ Failed to update inventory:","timestamp":"2026-06-27T19:38:21.557Z"}
{"level":"error","message":"❌ Failed to update inventory:","timestamp":"2026-06-27T19:38:21.560Z"}
{"level":"error","message":"❌ Failed to update inventory:","timestamp":"2026-06-27T19:38:21.565Z"}
{"level":"error","message":"❌ Failed to update inventory:","timestamp":"2026-06-27T19:38:21.596Z"}
{"level":"error","message":"❌ Failed to update inventory:","timestamp":"2026-06-27T19:38:22.452Z"}
{"level":"error","message":"❌ Sync inventory error:","timestamp":"2026-06-27T19:38:22.453Z"}
{"level":"error","message":"❌ Failed to update inventory:","timestamp":"2026-06-27T19:38:22.489Z"}
{"level":"error","message":"❌ Failed to update inventory:","timestamp":"2026-06-27T19:38:22.499Z"}
{"level":"error","message":"❌ Failed to update inventory:","timestamp":"2026-06-27T19:38:22.502Z"}
{"level":"error","message":"❌ Failed to update inventory:","timestamp":"2026-06-27T19:38:22.570Z"}
{"level":"error","message":"❌ Failed to update inventory:","timestamp":"2026-06-27T19:38:23.360Z"}
{"level":"error","message":"❌ Sync inventory error:","timestamp":"2026-06-27T19:38:23.360Z"}
{"level":"error","message":"❌ Failed to update inventory:","timestamp":"2026-06-27T19:38:23.361Z"}
{"level":"error","message":"❌ Failed to update inventory:","timestamp":"2026-06-27T19:38:23.371Z"}
{"level":"error","message":"❌ Failed to update inventory:","timestamp":"2026-06-27T19:38:23.396Z"}
{"level":"error","message":"❌ Failed to update inventory:","timestamp":"2026-06-27T19:38:23.551Z"}
{"level":"error","message":"❌ Failed to update inventory:","timestamp":"2026-06-27T19:38:23.981Z"}
{"level":"error","message":"❌ Sync inventory error:","timestamp":"2026-06-27T19:38:23.981Z"}
{"level":"error","message":"❌ Failed to update inventory:","timestamp":"2026-06-27T19:38:24.003Z"}
{"level":"error","message":"❌ Failed to find product with SKU American College T-Shirt Pour -10278999130395:","timestamp":"2026-06-27T19:38:24.231Z"}
{"level":"error","message":"❌ Failed to update inventory:","timestamp":"2026-06-27T19:38:24.233Z"}
{"level":"error","message":"❌ Failed to update inventory:","timestamp":"2026-06-27T19:38:24.234Z"}
{"level":"error","message":"❌ Failed to update inventory:","timestamp":"2026-06-27T19:38:24.258Z"}
{"level":"error","message":"❌ Failed to update inventory:","timestamp":"2026-06-27T19:38:24.877Z"}
{"level":"error","message":"❌ Sync inventory error:","timestamp":"2026-06-27T19:38:24.878Z"}
{"level":"error","message":"❌ Failed to update inventory:","timestamp":"2026-06-27T19:38:24.883Z"}
{"level":"error","message":"❌ Failed to update inventory:","timestamp":"2026-06-27T19:38:24.891Z"}
{"level":"error","message":"❌ Failed to update inventory:","timestamp":"2026-06-27T19:38:24.894Z"}
{"level":"error","message":"❌ Failed to update inventory:","timestamp":"2026-06-27T19:38:24.895Z"}
{"level":"error","message":"❌ Failed to update inventory:","timestamp":"2026-06-27T19:38:25.534Z"}
{"level":"error","message":"❌ Sync inventory error:","timestamp":"2026-06-27T19:38:25.534Z"}
{"level":"error","message":"❌ Failed to update inventory:","timestamp":"2026-06-27T19:38:25.558Z"}
{"level":"error","message":"❌ Failed to update inventory:","timestamp":"2026-06-27T19:38:25.558Z"}
{"level":"error","message":"❌ Failed to find product with SKU BEVERLY HILLS POLO CLUB CLAQUE-10278376603931:","timestamp":"2026-06-27T19:38:25.772Z"}
{"level":"error","message":"❌ Failed to update inventory:","timestamp":"2026-06-27T19:38:25.804Z"}
{"level":"error","message":"❌ Failed to update inventory:","timestamp":"2026-06-27T19:38:25.877Z"}
{"level":"error","message":"❌ Failed to update inventory:","timestamp":"2026-06-27T19:38:26.390Z"}
{"level":"error","message":"❌ Sync inventory error:","timestamp":"2026-06-27T19:38:26.391Z"}
{"level":"error","message":"❌ Failed to update inventory:","timestamp":"2026-06-27T19:38:26.397Z"}
{"level":"error","message":"❌ Failed to update inventory:","timestamp":"2026-06-27T19:38:26.399Z"}
{"level":"error","message":"❌ Failed to update inventory:","timestamp":"2026-06-27T19:38:26.404Z"}
{"level":"error","message":"❌ Failed to update inventory:","timestamp":"2026-06-27T19:38:26.405Z"}
{"level":"error","message":"❌ Failed to update inventory:","timestamp":"2026-06-27T19:38:27.023Z"}
{"level":"error","message":"❌ Sync inventory error:","timestamp":"2026-06-27T19:38:27.024Z"}
{"level":"error","message":"❌ Failed to update inventory:","timestamp":"2026-06-27T19:38:27.025Z"}
{"level":"error","message":"❌ Failed to update inventory:","timestamp":"2026-06-27T19:38:27.031Z"}
{"level":"error","message":"❌ Failed to update inventory:","timestamp":"2026-06-27T19:38:27.032Z"}
{"level":"error","message":"❌ Failed to find product with SKU BEVERLY HILLS POLO CLUB CLAQUE-10278446989595:","timestamp":"2026-06-27T19:38:27.244Z"}
{"level":"error","message":"❌ Failed to update inventory:","timestamp":"2026-06-27T19:38:27.287Z"}
{"level":"error","message":"❌ Failed to update inventory:","timestamp":"2026-06-27T19:38:27.875Z"}
{"level":"error","message":"❌ Sync inventory error:","timestamp":"2026-06-27T19:38:27.875Z"}
{"level":"error","message":"❌ Failed to update inventory:","timestamp":"2026-06-27T19:38:27.877Z"}
{"level":"error","message":"❌ Failed to update inventory:","timestamp":"2026-06-27T19:38:27.894Z"}
{"level":"error","message":"❌ Failed to update inventory:","timestamp":"2026-06-27T19:38:27.898Z"}
{"level":"error","message":"❌ Failed to update inventory:","timestamp":"2026-06-27T19:38:27.900Z"}
{"level":"error","message":"❌ Failed to update inventory:","timestamp":"2026-06-27T19:38:28.514Z"}
{"level":"error","message":"❌ Sync inventory error:","timestamp":"2026-06-27T19:38:28.515Z"}
{"level":"error","message":"❌ Failed to update inventory:","timestamp":"2026-06-27T19:38:28.522Z"}
{"level":"error","message":"❌ Failed to update inventory:","timestamp":"2026-06-27T19:38:28.537Z"}
{"level":"error","message":"❌ Failed to update inventory:","timestamp":"2026-06-27T19:38:28.546Z"}
{"level":"error","message":"❌ Failed to find product with SKU BEVERLY HILLS POLO CLUB CLAQUE-10278451052827:","timestamp":"2026-06-27T19:38:28.741Z"}
{"level":"error","message":"❌ Failed to update inventory:","timestamp":"2026-06-27T19:38:28.784Z"}
{"level":"error","message":"❌ Failed to update inventory:","timestamp":"2026-06-27T19:38:29.413Z"}
{"level":"error","message":"❌ Sync inventory error:","timestamp":"2026-06-27T19:38:29.413Z"}
{"level":"error","message":"❌ Failed to update inventory:","timestamp":"2026-06-27T19:38:29.418Z"}
{"level":"error","message":"❌ Failed to update inventory:","timestamp":"2026-06-27T19:38:29.436Z"}
{"level":"error","message":"❌ Failed to update inventory:","timestamp":"2026-06-27T19:38:29.446Z"}
{"level":"error","message":"❌ Failed to update inventory:","timestamp":"2026-06-27T19:38:29.447Z"}
{"level":"error","message":"❌ Failed to update inventory:","timestamp":"2026-06-27T19:38:30.059Z"}
{"level":"error","message":"❌ Sync inventory error:","timestamp":"2026-06-27T19:38:30.059Z"}
{"level":"error","message":"❌ Failed to update inventory:","timestamp":"2026-06-27T19:38:30.062Z"}
{"level":"error","message":"❌ Failed to update inventory:","timestamp":"2026-06-27T19:38:30.064Z"}
{"level":"error","message":"❌ Failed to update inventory:","timestamp":"2026-06-27T19:38:30.283Z"}
{"level":"error","message":"❌ Failed to find product with SKU Champion All American Slide Ho-10281706357019:","timestamp":"2026-06-27T19:38:30.289Z"}
{"level":"error","message":"❌ Failed to update inventory:","timestamp":"2026-06-27T19:38:30.331Z"}
{"level":"error","message":"❌ Failed to update inventory:","timestamp":"2026-06-27T19:38:30.898Z"}
{"level":"error","message":"❌ Sync inventory error:","timestamp":"2026-06-27T19:38:30.899Z"}
{"level":"error","message":"❌ Failed to update inventory:","timestamp":"2026-06-27T19:38:30.903Z"}
{"level":"error","message":"❌ Failed to update inventory:","timestamp":"2026-06-27T19:38:30.904Z"}
{"level":"error","message":"❌ Failed to update inventory:","timestamp":"2026-06-27T19:38:30.912Z"}
{"level":"error","message":"❌ Failed to update inventory:","timestamp":"2026-06-27T19:38:30.918Z"}
{"level":"error","message":"❌ Failed to update inventory:","timestamp":"2026-06-27T19:38:31.566Z"}
{"level":"error","message":"❌ Sync inventory error:","timestamp":"2026-06-27T19:38:31.566Z"}
{"level":"error","message":"❌ Failed to update inventory:","timestamp":"2026-06-27T19:38:31.574Z"}
{"level":"error","message":"❌ Failed to update inventory:","timestamp":"2026-06-27T19:38:31.576Z"}
{"level":"error","message":"❌ Failed to update inventory:","timestamp":"2026-06-27T19:38:31.669Z"}
{"level":"error","message":"❌ Failed to find product with SKU Champion All American Slide Ho-10281704423707:","timestamp":"2026-06-27T19:38:31.798Z"}
{"level":"error","message":"❌ Failed to update inventory:","timestamp":"2026-06-27T19:38:31.823Z"}
{"level":"error","message":"❌ Failed to update inventory:","timestamp":"2026-06-27T19:42:19.036Z"}
{"level":"error","message":"❌ Shopify API Error:","timestamp":"2026-06-27T19:42:19.039Z"}
{"level":"error","message":"❌ Sync inventory error:","timestamp":"2026-06-27T19:42:19.039Z"}
{"level":"error","message":"❌ Failed to update inventory:","timestamp":"2026-06-27T19:42:19.054Z"}
{"level":"error","message":"❌ Shopify API Error:","timestamp":"2026-06-27T19:42:19.055Z"}
{"level":"error","message":"❌ Failed to update inventory:","timestamp":"2026-06-27T19:42:19.057Z"}
{"level":"error","message":"❌ Shopify API Error:","timestamp":"2026-06-27T19:42:19.057Z"}
{"level":"error","message":"❌ Failed to update inventory:","timestamp":"2026-06-27T19:42:19.072Z"}
{"level":"error","message":"❌ Shopify API Error:","timestamp":"2026-06-27T19:42:19.073Z"}
{"level":"error","message":"❌ Failed to update inventory:","timestamp":"2026-06-27T19:42:19.254Z"}
{"level":"error","message":"❌ Shopify API Error:","timestamp":"2026-06-27T19:42:19.255Z"}
{"level":"error","message":"❌ Failed to update inventory:","timestamp":"2026-06-27T19:42:19.800Z"}
{"level":"error","message":"❌ Shopify API Error:","timestamp":"2026-06-27T19:42:19.801Z"}
{"level":"error","message":"❌ Sync inventory error:","timestamp":"2026-06-27T19:42:19.801Z"}
{"level":"error","message":"❌ Failed to update inventory:","timestamp":"2026-06-27T19:42:19.811Z"}
{"level":"error","message":"❌ Shopify API Error:","timestamp":"2026-06-27T19:42:19.812Z"}
{"level":"error","message":"❌ Failed to update inventory:","timestamp":"2026-06-27T19:42:19.841Z"}
{"level":"error","message":"❌ Shopify API Error:","timestamp":"2026-06-27T19:42:19.850Z"}
{"level":"error","message":"❌ Failed to update inventory:","timestamp":"2026-06-27T19:42:19.883Z"}
{"level":"error","message":"❌ Shopify API Error:","timestamp":"2026-06-27T19:42:19.884Z"}
{"level":"error","message":"❌ Failed to update inventory:","timestamp":"2026-06-27T19:42:20.563Z"}
{"level":"error","message":"❌ Shopify API Error:","timestamp":"2026-06-27T19:42:20.563Z"}
{"level":"error","message":"❌ Sync inventory error:","timestamp":"2026-06-27T19:42:20.564Z"}
{"level":"error","message":"❌ Failed to update inventory:","timestamp":"2026-06-27T19:42:20.579Z"}
{"level":"error","message":"❌ Shopify API Error:","timestamp":"2026-06-27T19:42:20.579Z"}
{"level":"error","message":"❌ Failed to update inventory:","timestamp":"2026-06-27T19:42:20.602Z"}
{"level":"error","message":"❌ Shopify API Error:","timestamp":"2026-06-27T19:42:20.603Z"}
{"level":"error","message":"❌ Failed to update inventory:","timestamp":"2026-06-27T19:42:21.314Z"}
{"level":"error","message":"❌ Shopify API Error:","timestamp":"2026-06-27T19:42:21.314Z"}
{"level":"error","message":"❌ Sync inventory error:","timestamp":"2026-06-27T19:42:21.315Z"}
{"level":"error","message":"❌ Failed to update inventory:","timestamp":"2026-06-27T19:42:21.335Z"}
{"level":"error","message":"❌ Shopify API Error:","timestamp":"2026-06-27T19:42:21.336Z"}
{"level":"error","message":"❌ Failed to update inventory:","timestamp":"2026-06-27T19:42:22.080Z"}
{"level":"error","message":"❌ Shopify API Error:","timestamp":"2026-06-27T19:42:22.080Z"}
{"level":"error","message":"❌ Sync inventory error:","timestamp":"2026-06-27T19:42:22.080Z"}
{"level":"error","message":"❌ Failed to update inventory:","timestamp":"2026-06-27T19:42:22.114Z"}
{"level":"error","message":"❌ Shopify API Error:","timestamp":"2026-06-27T19:42:22.114Z"}
{"level":"error","message":"❌ Failed to update inventory:","timestamp":"2026-06-27T19:42:22.821Z"}
{"level":"error","message":"❌ Shopify API Error:","timestamp":"2026-06-27T19:42:22.821Z"}
{"level":"error","message":"❌ Sync inventory error:","timestamp":"2026-06-27T19:42:22.822Z"}
{"level":"error","message":"❌ Failed to update inventory:","timestamp":"2026-06-27T19:42:22.824Z"}
{"level":"error","message":"❌ Shopify API Error:","timestamp":"2026-06-27T19:42:22.825Z"}
{"level":"error","message":"❌ Failed to update inventory:","timestamp":"2026-06-27T19:42:22.834Z"}
{"level":"error","message":"❌ Shopify API Error:","timestamp":"2026-06-27T19:42:22.834Z"}
{"level":"error","message":"❌ Failed to update inventory:","timestamp":"2026-06-27T19:42:22.848Z"}
{"level":"error","message":"❌ Shopify API Error:","timestamp":"2026-06-27T19:42:22.848Z"}
{"level":"error","message":"❌ Failed to update inventory:","timestamp":"2026-06-27T19:42:23.307Z"}
{"level":"error","message":"❌ Shopify API Error:","timestamp":"2026-06-27T19:42:23.308Z"}
{"level":"error","message":"❌ Sync inventory error:","timestamp":"2026-06-27T19:42:23.308Z"}
{"level":"error","message":"❌ Failed to update inventory:","timestamp":"2026-06-27T19:42:23.314Z"}
{"level":"error","message":"❌ Shopify API Error:","timestamp":"2026-06-27T19:42:23.314Z"}
{"level":"error","message":"❌ Failed to update inventory:","timestamp":"2026-06-27T19:42:23.334Z"}
{"level":"error","message":"❌ Shopify API Error:","timestamp":"2026-06-27T19:42:23.334Z"}
{"level":"error","message":"❌ Failed to update inventory:","timestamp":"2026-06-27T19:42:23.548Z"}
{"level":"error","message":"❌ Shopify API Error:","timestamp":"2026-06-27T19:42:23.548Z"}
{"level":"error","message":"❌ Failed to get product 10278438764827:","timestamp":"2026-06-27T19:42:23.561Z"}
{"level":"error","message":"❌ Failed to update inventory:","timestamp":"2026-06-27T19:42:23.570Z"}
{"level":"error","message":"❌ Shopify API Error:","timestamp":"2026-06-27T19:42:23.570Z"}
{"level":"error","message":"❌ Failed to update inventory:","timestamp":"2026-06-27T19:42:23.800Z"}
{"level":"error","message":"❌ Shopify API Error:","timestamp":"2026-06-27T19:42:23.800Z"}
{"level":"error","message":"❌ Failed to get product 10278376603931:","timestamp":"2026-06-27T19:42:23.810Z"}
{"level":"error","message":"❌ Failed to update inventory:","timestamp":"2026-06-27T19:42:24.290Z"}
{"level":"error","message":"❌ Shopify API Error:","timestamp":"2026-06-27T19:42:24.290Z"}
{"level":"error","message":"❌ Sync inventory error:","timestamp":"2026-06-27T19:42:24.290Z"}
{"level":"error","message":"❌ Failed to update inventory:","timestamp":"2026-06-27T19:42:24.293Z"}
{"level":"error","message":"❌ Shopify API Error:","timestamp":"2026-06-27T19:42:24.294Z"}
{"level":"error","message":"❌ Failed to update inventory:","timestamp":"2026-06-27T19:42:24.307Z"}
{"level":"error","message":"❌ Shopify API Error:","timestamp":"2026-06-27T19:42:24.308Z"}
{"level":"error","message":"❌ Failed to update inventory:","timestamp":"2026-06-27T19:42:24.309Z"}
{"level":"error","message":"❌ Shopify API Error:","timestamp":"2026-06-27T19:42:24.309Z"}
{"level":"error","message":"❌ Failed to update inventory:","timestamp":"2026-06-27T19:42:24.311Z"}
{"level":"error","message":"❌ Shopify API Error:","timestamp":"2026-06-27T19:42:24.311Z"}
{"level":"error","message":"❌ Failed to update inventory:","timestamp":"2026-06-27T19:42:24.312Z"}
{"level":"error","message":"❌ Shopify API Error:","timestamp":"2026-06-27T19:42:24.312Z"}
{"level":"error","message":"❌ Failed to update inventory:","timestamp":"2026-06-27T19:42:24.774Z"}
{"level":"error","message":"❌ Shopify API Error:","timestamp":"2026-06-27T19:42:24.775Z"}
{"level":"error","message":"❌ Sync inventory error:","timestamp":"2026-06-27T19:42:24.775Z"}
{"level":"error","message":"❌ Failed to update inventory:","timestamp":"2026-06-27T19:42:24.791Z"}
{"level":"error","message":"❌ Shopify API Error:","timestamp":"2026-06-27T19:42:24.791Z"}
{"level":"error","message":"❌ Failed to get product 10278446989595:","timestamp":"2026-06-27T19:42:24.993Z"}
{"level":"error","message":"❌ Failed to update inventory:","timestamp":"2026-06-27T19:42:25.471Z"}
{"level":"error","message":"❌ Shopify API Error:","timestamp":"2026-06-27T19:42:25.471Z"}
{"level":"error","message":"❌ Sync inventory error:","timestamp":"2026-06-27T19:42:25.471Z"}
{"level":"error","message":"❌ Failed to update inventory:","timestamp":"2026-06-27T19:42:25.474Z"}
{"level":"error","message":"❌ Shopify API Error:","timestamp":"2026-06-27T19:42:25.474Z"}
{"level":"error","message":"❌ Failed to update inventory:","timestamp":"2026-06-27T19:42:25.956Z"}
{"level":"error","message":"❌ Shopify API Error:","timestamp":"2026-06-27T19:42:25.959Z"}
{"level":"error","message":"❌ Sync inventory error:","timestamp":"2026-06-27T19:42:25.959Z"}
{"level":"error","message":"❌ Failed to update inventory:","timestamp":"2026-06-27T19:42:25.964Z"}
{"level":"error","message":"❌ Shopify API Error:","timestamp":"2026-06-27T19:42:25.965Z"}
{"level":"error","message":"❌ Failed to get product 10278451052827:","timestamp":"2026-06-27T19:42:26.188Z"}
{"level":"error","message":"❌ Failed to get product 10281719300379:","timestamp":"2026-06-27T19:42:26.414Z"}
{"level":"error","message":"❌ Failed to update inventory:","timestamp":"2026-06-27T19:42:26.458Z"}
{"level":"error","message":"❌ Shopify API Error:","timestamp":"2026-06-27T19:42:26.458Z"}
{"level":"error","message":"❌ Failed to update inventory:","timestamp":"2026-06-27T19:42:26.897Z"}
{"level":"error","message":"❌ Shopify API Error:","timestamp":"2026-06-27T19:42:26.897Z"}
{"level":"error","message":"❌ Sync inventory error:","timestamp":"2026-06-27T19:42:26.897Z"}
{"level":"error","message":"❌ Failed to update inventory:","timestamp":"2026-06-27T19:42:26.910Z"}
{"level":"error","message":"❌ Shopify API Error:","timestamp":"2026-06-27T19:42:26.911Z"}
{"level":"error","message":"❌ Failed to update inventory:","timestamp":"2026-06-27T19:42:26.917Z"}
{"level":"error","message":"❌ Shopify API Error:","timestamp":"2026-06-27T19:42:26.918Z"}
{"level":"error","message":"❌ Failed to update inventory:","timestamp":"2026-06-27T19:42:26.919Z"}
{"level":"error","message":"❌ Shopify API Error:","timestamp":"2026-06-27T19:42:26.920Z"}
{"level":"error","message":"❌ Failed to update inventory:","timestamp":"2026-06-27T19:42:26.931Z"}
{"level":"error","message":"❌ Shopify API Error:","timestamp":"2026-06-27T19:42:26.932Z"}
{"level":"error","message":"❌ Failed to update inventory:","timestamp":"2026-06-27T19:42:27.376Z"}
{"level":"error","message":"❌ Shopify API Error:","timestamp":"2026-06-27T19:42:27.376Z"}
{"level":"error","message":"❌ Sync inventory error:","timestamp":"2026-06-27T19:42:27.377Z"}
{"level":"error","message":"❌ Failed to update inventory:","timestamp":"2026-06-27T19:42:27.380Z"}
{"level":"error","message":"❌ Shopify API Error:","timestamp":"2026-06-27T19:42:27.388Z"}
{"level":"error","message":"❌ Failed to update inventory:","timestamp":"2026-06-27T19:42:27.392Z"}
{"level":"error","message":"❌ Shopify API Error:","timestamp":"2026-06-27T19:42:27.392Z"}
{"level":"error","message":"❌ Failed to update inventory:","timestamp":"2026-06-27T19:42:27.394Z"}
{"level":"error","message":"❌ Shopify API Error:","timestamp":"2026-06-27T19:42:27.394Z"}
{"level":"error","message":"❌ Failed to update inventory:","timestamp":"2026-06-27T19:42:27.396Z"}
{"level":"error","message":"❌ Shopify API Error:","timestamp":"2026-06-27T19:42:27.398Z"}
{"level":"error","message":"❌ Failed to update inventory:","timestamp":"2026-06-27T19:42:27.400Z"}
{"level":"error","message":"❌ Shopify API Error:","timestamp":"2026-06-27T19:42:27.400Z"}
{"level":"error","message":"❌ Failed to update inventory:","timestamp":"2026-06-27T19:42:27.870Z"}
{"level":"error","message":"❌ Shopify API Error:","timestamp":"2026-06-27T19:42:27.870Z"}
{"level":"error","message":"❌ Sync inventory error:","timestamp":"2026-06-27T19:42:27.870Z"}
{"level":"error","message":"❌ Failed to update inventory:","timestamp":"2026-06-27T19:42:27.873Z"}
{"level":"error","message":"❌ Shopify API Error:","timestamp":"2026-06-27T19:42:27.874Z"}
{"level":"error","message":"❌ Failed to update inventory:","timestamp":"2026-06-27T19:42:27.883Z"}
{"level":"error","message":"❌ Shopify API Error:","timestamp":"2026-06-27T19:42:27.884Z"}
{"level":"error","message":"❌ Failed to update inventory:","timestamp":"2026-06-27T19:42:27.885Z"}
{"level":"error","message":"❌ Shopify API Error:","timestamp":"2026-06-27T19:42:27.885Z"}
{"level":"error","message":"❌ Failed to update inventory:","timestamp":"2026-06-27T19:42:27.886Z"}
{"level":"error","message":"❌ Shopify API Error:","timestamp":"2026-06-27T19:42:27.886Z"}
{"level":"error","message":"❌ Failed to update inventory:","timestamp":"2026-06-27T19:42:27.889Z"}
{"level":"error","message":"❌ Shopify API Error:","timestamp":"2026-06-27T19:42:27.889Z"}
{"level":"error","message":"❌ Failed to update inventory:","timestamp":"2026-06-27T19:42:28.372Z"}
{"level":"error","message":"❌ Shopify API Error:","timestamp":"2026-06-27T19:42:28.373Z"}
{"level":"error","message":"❌ Sync inventory error:","timestamp":"2026-06-27T19:42:28.373Z"}
{"level":"error","message":"❌ Failed to update inventory:","timestamp":"2026-06-27T19:42:28.374Z"}
{"level":"error","message":"❌ Shopify API Error:","timestamp":"2026-06-27T19:42:28.374Z"}
{"level":"error","message":"❌ Failed to update inventory:","timestamp":"2026-06-27T19:42:28.378Z"}
{"level":"error","message":"❌ Shopify API Error:","timestamp":"2026-06-27T19:42:28.378Z"}
{"level":"error","message":"❌ Failed to update inventory:","timestamp":"2026-06-27T19:42:28.379Z"}
{"level":"error","message":"❌ Shopify API Error:","timestamp":"2026-06-27T19:42:28.380Z"}
{"level":"error","message":"❌ Failed to update inventory:","timestamp":"2026-06-27T19:42:28.385Z"}
{"level":"error","message":"❌ Shopify API Error:","timestamp":"2026-06-27T19:42:28.385Z"}
{"level":"error","message":"❌ Failed to update inventory:","timestamp":"2026-06-27T19:42:28.386Z"}
{"level":"error","message":"❌ Shopify API Error:","timestamp":"2026-06-27T19:42:28.387Z"}
{"level":"error","message":"❌ Failed to update inventory:","timestamp":"2026-06-27T19:42:28.878Z"}
{"level":"error","message":"❌ Shopify API Error:","timestamp":"2026-06-27T19:42:28.878Z"}
{"level":"error","message":"❌ Sync inventory error:","timestamp":"2026-06-27T19:42:28.878Z"}
{"level":"error","message":"❌ Failed to update inventory:","timestamp":"2026-06-27T19:42:28.881Z"}
{"level":"error","message":"❌ Shopify API Error:","timestamp":"2026-06-27T19:42:28.881Z"}
{"level":"error","message":"❌ Failed to update inventory:","timestamp":"2026-06-27T19:42:28.883Z"}
{"level":"error","message":"❌ Shopify API Error:","timestamp":"2026-06-27T19:42:28.884Z"}
{"level":"error","message":"❌ Failed to update inventory:","timestamp":"2026-06-27T19:42:28.885Z"}
{"level":"error","message":"❌ Shopify API Error:","timestamp":"2026-06-27T19:42:28.885Z"}
{"level":"error","message":"❌ Failed to update inventory:","timestamp":"2026-06-27T19:42:28.886Z"}
{"level":"error","message":"❌ Shopify API Error:","timestamp":"2026-06-27T19:42:28.886Z"}
{"level":"error","message":"❌ Failed to update inventory:","timestamp":"2026-06-27T19:42:28.893Z"}
{"level":"error","message":"❌ Shopify API Error:","timestamp":"2026-06-27T19:42:28.893Z"}
{"level":"error","message":"❌ Failed to update inventory:","timestamp":"2026-06-27T19:42:29.379Z"}
{"level":"error","message":"❌ Shopify API Error:","timestamp":"2026-06-27T19:42:29.380Z"}
{"level":"error","message":"❌ Sync inventory error:","timestamp":"2026-06-27T19:42:29.381Z"}
{"level":"error","message":"❌ Failed to update inventory:","timestamp":"2026-06-27T19:42:29.382Z"}
{"level":"error","message":"❌ Shopify API Error:","timestamp":"2026-06-27T19:42:29.499Z"}
{"level":"error","message":"❌ Failed to update inventory:","timestamp":"2026-06-27T19:42:29.501Z"}
{"level":"error","message":"❌ Shopify API Error:","timestamp":"2026-06-27T19:42:29.502Z"}
{"level":"error","message":"❌ Failed to update inventory:","timestamp":"2026-06-27T19:42:29.503Z"}
{"level":"error","message":"❌ Shopify API Error:","timestamp":"2026-06-27T19:42:29.503Z"}
{"level":"error","message":"❌ Failed to update inventory:","timestamp":"2026-06-27T19:42:29.504Z"}
{"level":"error","message":"❌ Shopify API Error:","timestamp":"2026-06-27T19:42:29.504Z"}
{"level":"error","message":"❌ Failed to update inventory:","timestamp":"2026-06-27T19:42:29.505Z"}
{"level":"error","message":"❌ Shopify API Error:","timestamp":"2026-06-27T19:42:29.511Z"}
{"level":"error","message":"❌ Failed to update inventory:","timestamp":"2026-06-27T19:42:29.994Z"}
{"level":"error","message":"❌ Shopify API Error:","timestamp":"2026-06-27T19:42:29.994Z"}
{"level":"error","message":"❌ Sync inventory error:","timestamp":"2026-06-27T19:42:29.994Z"}
{"level":"error","message":"❌ Failed to update inventory:","timestamp":"2026-06-27T19:42:29.999Z"}
{"level":"error","message":"❌ Shopify API Error:","timestamp":"2026-06-27T19:42:29.999Z"}
{"level":"error","message":"❌ Failed to update inventory:","timestamp":"2026-06-27T19:42:30.018Z"}
{"level":"error","message":"❌ Shopify API Error:","timestamp":"2026-06-27T19:42:30.019Z"}
{"level":"error","message":"❌ Failed to update inventory:","timestamp":"2026-06-27T19:42:30.023Z"}
{"level":"error","message":"❌ Shopify API Error:","timestamp":"2026-06-27T19:42:30.023Z"}
{"level":"error","message":"❌ Failed to update inventory:","timestamp":"2026-06-27T19:42:30.038Z"}
{"level":"error","message":"❌ Shopify API Error:","timestamp":"2026-06-27T19:42:30.040Z"}
{"level":"error","message":"❌ Failed to get product 10281715138843:","timestamp":"2026-06-27T19:42:30.247Z"}
{"level":"error","message":"❌ Failed to update inventory:","timestamp":"2026-06-27T19:42:30.272Z"}
{"level":"error","message":"❌ Shopify API Error:","timestamp":"2026-06-27T19:42:30.272Z"}
{"level":"error","message":"❌ Failed to get product 10281734668571:","timestamp":"2026-06-27T19:42:30.496Z"}
{"level":"error","message":"❌ Failed to update inventory:","timestamp":"2026-06-27T19:42:30.985Z"}
{"level":"error","message":"❌ Shopify API Error:","timestamp":"2026-06-27T19:42:30.985Z"}
{"level":"error","message":"❌ Sync inventory error:","timestamp":"2026-06-27T19:42:30.985Z"}
{"level":"error","message":"❌ Failed to update inventory:","timestamp":"2026-06-27T19:42:30.990Z"}
{"level":"error","message":"❌ Shopify API Error:","timestamp":"2026-06-27T19:42:30.990Z"}
{"level":"error","message":"❌ Failed to update inventory:","timestamp":"2026-06-27T19:42:30.991Z"}
{"level":"error","message":"❌ Shopify API Error:","timestamp":"2026-06-27T19:42:30.991Z"}
{"level":"error","message":"❌ Failed to update inventory:","timestamp":"2026-06-27T19:42:30.998Z"}
{"level":"error","message":"❌ Shopify API Error:","timestamp":"2026-06-27T19:42:30.998Z"}
{"level":"error","message":"❌ Failed to update inventory:","timestamp":"2026-06-27T19:42:31.003Z"}
{"level":"error","message":"❌ Shopify API Error:","timestamp":"2026-06-27T19:42:31.003Z"}
{"level":"error","message":"❌ Failed to update inventory:","timestamp":"2026-06-27T19:42:31.006Z"}
{"level":"error","message":"❌ Shopify API Error:","timestamp":"2026-06-27T19:42:31.007Z"}
{"level":"error","message":"❌ Failed to update inventory:","timestamp":"2026-06-27T19:42:31.449Z"}
{"level":"error","message":"❌ Shopify API Error:","timestamp":"2026-06-27T19:42:31.450Z"}
{"level":"error","message":"❌ Sync inventory error:","timestamp":"2026-06-27T19:42:31.450Z"}
{"level":"error","message":"❌ Failed to update inventory:","timestamp":"2026-06-27T19:42:31.454Z"}
{"level":"error","message":"❌ Shopify API Error:","timestamp":"2026-06-27T19:42:31.454Z"}
{"level":"error","message":"❌ Failed to update inventory:","timestamp":"2026-06-27T19:42:31.456Z"}
{"level":"error","message":"❌ Shopify API Error:","timestamp":"2026-06-27T19:42:31.456Z"}
{"level":"error","message":"❌ Failed to update inventory:","timestamp":"2026-06-27T19:42:31.459Z"}
{"level":"error","message":"❌ Shopify API Error:","timestamp":"2026-06-27T19:42:31.459Z"}
{"level":"error","message":"❌ Failed to update inventory:","timestamp":"2026-06-27T19:42:31.461Z"}
{"level":"error","message":"❌ Shopify API Error:","timestamp":"2026-06-27T19:42:31.461Z"}
{"level":"error","message":"❌ Failed to update inventory:","timestamp":"2026-06-27T19:42:31.461Z"}
{"level":"error","message":"❌ Shopify API Error:","timestamp":"2026-06-27T19:42:31.462Z"}
{"level":"error","message":"❌ Failed to update inventory:","timestamp":"2026-06-27T19:42:31.937Z"}
{"level":"error","message":"❌ Shopify API Error:","timestamp":"2026-06-27T19:42:31.938Z"}
{"level":"error","message":"❌ Sync inventory error:","timestamp":"2026-06-27T19:42:31.938Z"}
{"level":"error","message":"❌ Failed to update inventory:","timestamp":"2026-06-27T19:42:31.952Z"}
{"level":"error","message":"❌ Shopify API Error:","timestamp":"2026-06-27T19:42:31.952Z"}
{"level":"error","message":"❌ Failed to update inventory:","timestamp":"2026-06-27T19:42:31.962Z"}
{"level":"error","message":"❌ Shopify API Error:","timestamp":"2026-06-27T19:42:31.962Z"}
{"level":"error","message":"❌ Failed to update inventory:","timestamp":"2026-06-27T19:42:31.965Z"}
{"level":"error","message":"❌ Shopify API Error:","timestamp":"2026-06-27T19:42:31.966Z"}
{"level":"error","message":"❌ Failed to update inventory:","timestamp":"2026-06-27T19:42:31.967Z"}
{"level":"error","message":"❌ Shopify API Error:","timestamp":"2026-06-27T19:42:31.972Z"}
{"level":"error","message":"❌ Failed to update inventory:","timestamp":"2026-06-27T19:42:31.983Z"}
{"level":"error","message":"❌ Shopify API Error:","timestamp":"2026-06-27T19:42:31.983Z"}
{"level":"error","message":"❌ Failed to update inventory:","timestamp":"2026-06-27T19:42:32.430Z"}
{"level":"error","message":"❌ Shopify API Error:","timestamp":"2026-06-27T19:42:32.430Z"}
{"level":"error","message":"❌ Sync inventory error:","timestamp":"2026-06-27T19:42:32.431Z"}
{"level":"error","message":"❌ Failed to update inventory:","timestamp":"2026-06-27T19:42:32.455Z"}
{"level":"error","message":"❌ Shopify API Error:","timestamp":"2026-06-27T19:42:32.456Z"}
{"level":"error","message":"❌ Failed to update inventory:","timestamp":"2026-06-27T19:42:32.456Z"}
{"level":"error","message":"❌ Shopify API Error:","timestamp":"2026-06-27T19:42:32.457Z"}
{"level":"error","message":"❌ Failed to get product 10285244842267:","timestamp":"2026-06-27T19:42:32.666Z"}
{"level":"error","message":"❌ Failed to update inventory:","timestamp":"2026-06-27T19:42:32.899Z"}
{"level":"error","message":"❌ Shopify API Error:","timestamp":"2026-06-27T19:42:32.899Z"}
{"level":"error","message":"❌ Failed to get product 10285236715803:","timestamp":"2026-06-27T19:42:32.900Z"}
{"level":"error","message":"❌ Failed to update inventory:","timestamp":"2026-06-27T19:42:33.386Z"}
{"level":"error","message":"❌ Shopify API Error:","timestamp":"2026-06-27T19:42:33.386Z"}
{"level":"error","message":"❌ Sync inventory error:","timestamp":"2026-06-27T19:42:33.386Z"}
{"level":"error","message":"❌ Failed to update inventory:","timestamp":"2026-06-27T19:42:33.388Z"}
{"level":"error","message":"❌ Shopify API Error:","timestamp":"2026-06-27T19:42:33.389Z"}
{"level":"error","message":"❌ Failed to update inventory:","timestamp":"2026-06-27T19:42:33.391Z"}
{"level":"error","message":"❌ Shopify API Error:","timestamp":"2026-06-27T19:42:33.391Z"}
{"level":"error","message":"❌ Failed to update inventory:","timestamp":"2026-06-27T19:42:33.403Z"}
{"level":"error","message":"❌ Shopify API Error:","timestamp":"2026-06-27T19:42:33.404Z"}
{"level":"error","message":"❌ Failed to update inventory:","timestamp":"2026-06-27T19:42:33.404Z"}
{"level":"error","message":"❌ Shopify API Error:","timestamp":"2026-06-27T19:42:33.405Z"}
{"level":"error","message":"❌ Failed to update inventory:","timestamp":"2026-06-27T19:42:33.854Z"}
{"level":"error","message":"❌ Shopify API Error:","timestamp":"2026-06-27T19:42:33.855Z"}
{"level":"error","message":"❌ Sync inventory error:","timestamp":"2026-06-27T19:42:33.855Z"}
{"level":"error","message":"❌ Failed to update inventory:","timestamp":"2026-06-27T19:42:33.860Z"}
{"level":"error","message":"❌ Shopify API Error:","timestamp":"2026-06-27T19:42:33.860Z"}
{"level":"error","message":"❌ Failed to update inventory:","timestamp":"2026-06-27T19:42:33.864Z"}
{"level":"error","message":"❌ Shopify API Error:","timestamp":"2026-06-27T19:42:33.864Z"}
{"level":"error","message":"❌ Failed to update inventory:","timestamp":"2026-06-27T19:42:33.871Z"}
{"level":"error","message":"❌ Shopify API Error:","timestamp":"2026-06-27T19:42:33.871Z"}
{"level":"error","message":"❌ Failed to update inventory:","timestamp":"2026-06-27T19:42:33.872Z"}
{"level":"error","message":"❌ Shopify API Error:","timestamp":"2026-06-27T19:42:33.873Z"}
{"level":"error","message":"❌ Failed to update inventory:","timestamp":"2026-06-27T19:42:34.323Z"}
{"level":"error","message":"❌ Shopify API Error:","timestamp":"2026-06-27T19:42:34.324Z"}
{"level":"error","message":"❌ Sync inventory error:","timestamp":"2026-06-27T19:42:34.325Z"}
{"level":"error","message":"❌ Failed to update inventory:","timestamp":"2026-06-27T19:42:34.328Z"}
{"level":"error","message":"❌ Shopify API Error:","timestamp":"2026-06-27T19:42:34.331Z"}
{"level":"error","message":"❌ Failed to update inventory:","timestamp":"2026-06-27T19:42:34.332Z"}
{"level":"error","message":"❌ Shopify API Error:","timestamp":"2026-06-27T19:42:34.333Z"}
{"level":"error","message":"❌ Failed to update inventory:","timestamp":"2026-06-27T19:42:34.338Z"}
{"level":"error","message":"❌ Shopify API Error:","timestamp":"2026-06-27T19:42:34.339Z"}
{"level":"error","message":"❌ Failed to update inventory:","timestamp":"2026-06-27T19:42:34.340Z"}
{"level":"error","message":"❌ Shopify API Error:","timestamp":"2026-06-27T19:42:34.340Z"}
{"level":"error","message":"❌ Failed to update inventory:","timestamp":"2026-06-27T19:42:34.805Z"}
{"level":"error","message":"❌ Shopify API Error:","timestamp":"2026-06-27T19:42:34.805Z"}
{"level":"error","message":"❌ Sync inventory error:","timestamp":"2026-06-27T19:42:34.806Z"}
{"level":"error","message":"❌ Failed to update inventory:","timestamp":"2026-06-27T19:42:34.807Z"}
{"level":"error","message":"❌ Shopify API Error:","timestamp":"2026-06-27T19:42:34.807Z"}
{"level":"error","message":"❌ Failed to update inventory:","timestamp":"2026-06-27T19:42:34.812Z"}
{"level":"error","message":"❌ Shopify API Error:","timestamp":"2026-06-27T19:42:34.813Z"}
{"level":"error","message":"❌ Failed to update inventory:","timestamp":"2026-06-27T19:42:34.819Z"}
{"level":"error","message":"❌ Shopify API Error:","timestamp":"2026-06-27T19:42:34.820Z"}
{"level":"error","message":"❌ Failed to update inventory:","timestamp":"2026-06-27T19:42:34.821Z"}
{"level":"error","message":"❌ Shopify API Error:","timestamp":"2026-06-27T19:42:34.821Z"}
{"level":"error","message":"❌ Failed to update inventory:","timestamp":"2026-06-27T19:42:35.283Z"}
{"level":"error","message":"❌ Shopify API Error:","timestamp":"2026-06-27T19:42:35.284Z"}
{"level":"error","message":"❌ Sync inventory error:","timestamp":"2026-06-27T19:42:35.284Z"}
{"level":"error","message":"❌ Failed to update inventory:","timestamp":"2026-06-27T19:42:35.290Z"}
{"level":"error","message":"❌ Shopify API Error:","timestamp":"2026-06-27T19:42:35.290Z"}
{"level":"error","message":"❌ Failed to update inventory:","timestamp":"2026-06-27T19:42:35.293Z"}
{"level":"error","message":"❌ Shopify API Error:","timestamp":"2026-06-27T19:42:35.294Z"}
{"level":"error","message":"❌ Failed to update inventory:","timestamp":"2026-06-27T19:42:35.295Z"}
{"level":"error","message":"❌ Shopify API Error:","timestamp":"2026-06-27T19:42:35.296Z"}
{"level":"error","message":"❌ Failed to update inventory:","timestamp":"2026-06-27T19:42:35.314Z"}
{"level":"error","message":"❌ Shopify API Error:","timestamp":"2026-06-27T19:42:35.314Z"}
{"level":"error","message":"❌ Failed to update inventory:","timestamp":"2026-06-27T19:42:35.764Z"}
{"level":"error","message":"❌ Shopify API Error:","timestamp":"2026-06-27T19:42:35.765Z"}
{"level":"error","message":"❌ Sync inventory error:","timestamp":"2026-06-27T19:42:35.765Z"}
{"level":"error","message":"❌ Failed to update inventory:","timestamp":"2026-06-27T19:42:35.768Z"}
{"level":"error","message":"❌ Shopify API Error:","timestamp":"2026-06-27T19:42:35.773Z"}
{"level":"error","message":"❌ Failed to update inventory:","timestamp":"2026-06-27T19:42:35.779Z"}
{"level":"error","message":"❌ Shopify API Error:","timestamp":"2026-06-27T19:42:35.780Z"}
{"level":"error","message":"❌ Failed to update inventory:","timestamp":"2026-06-27T19:42:35.782Z"}
{"level":"error","message":"❌ Shopify API Error:","timestamp":"2026-06-27T19:42:35.784Z"}
{"level":"error","message":"❌ Failed to update inventory:","timestamp":"2026-06-27T19:42:35.785Z"}
{"level":"error","message":"❌ Shopify API Error:","timestamp":"2026-06-27T19:42:35.785Z"}
{"level":"error","message":"❌ Failed to update inventory:","timestamp":"2026-06-27T19:42:36.257Z"}
{"level":"error","message":"❌ Shopify API Error:","timestamp":"2026-06-27T19:42:36.257Z"}
{"level":"error","message":"❌ Sync inventory error:","timestamp":"2026-06-27T19:42:36.257Z"}
{"level":"error","message":"❌ Failed to update inventory:","timestamp":"2026-06-27T19:42:36.264Z"}
{"level":"error","message":"❌ Shopify API Error:","timestamp":"2026-06-27T19:42:36.265Z"}
{"level":"error","message":"❌ Failed to update inventory:","timestamp":"2026-06-27T19:42:36.266Z"}
{"level":"error","message":"❌ Shopify API Error:","timestamp":"2026-06-27T19:42:36.266Z"}
{"level":"error","message":"❌ Failed to update inventory:","timestamp":"2026-06-27T19:42:36.270Z"}
{"level":"error","message":"❌ Shopify API Error:","timestamp":"2026-06-27T19:42:36.271Z"}
{"level":"error","message":"❌ Failed to update inventory:","timestamp":"2026-06-27T19:42:36.271Z"}
{"level":"error","message":"❌ Shopify API Error:","timestamp":"2026-06-27T19:42:36.272Z"}
{"level":"error","message":"❌ Failed to get product 10284322259227:","timestamp":"2026-06-27T19:42:36.495Z"}
{"level":"error","message":"❌ Failed to update inventory:","timestamp":"2026-06-27T19:42:36.987Z"}
{"level":"error","message":"❌ Shopify API Error:","timestamp":"2026-06-27T19:42:36.987Z"}
{"level":"error","message":"❌ Sync inventory error:","timestamp":"2026-06-27T19:42:36.987Z"}
{"level":"error","message":"❌ Failed to update inventory:","timestamp":"2026-06-27T19:42:36.989Z"}
{"level":"error","message":"❌ Shopify API Error:","timestamp":"2026-06-27T19:42:36.989Z"}
{"level":"error","message":"❌ Failed to update inventory:","timestamp":"2026-06-27T19:42:36.991Z"}
{"level":"error","message":"❌ Shopify API Error:","timestamp":"2026-06-27T19:42:36.991Z"}
{"level":"error","message":"❌ Failed to update inventory:","timestamp":"2026-06-27T19:42:36.993Z"}
{"level":"error","message":"❌ Shopify API Error:","timestamp":"2026-06-27T19:42:36.993Z"}
{"level":"error","message":"❌ Failed to get product 10284334252315:","timestamp":"2026-06-27T19:42:37.216Z"}
{"level":"error","message":"❌ Failed to update inventory:","timestamp":"2026-06-27T19:42:37.279Z"}
{"level":"error","message":"❌ Shopify API Error:","timestamp":"2026-06-27T19:42:37.279Z"}
{"level":"error","message":"❌ Failed to get product 10284324552987:","timestamp":"2026-06-27T19:42:37.447Z"}
{"level":"error","message":"❌ Failed to update inventory:","timestamp":"2026-06-27T19:42:37.992Z"}
{"level":"error","message":"❌ Shopify API Error:","timestamp":"2026-06-27T19:42:37.993Z"}
{"level":"error","message":"❌ Sync inventory error:","timestamp":"2026-06-27T19:42:37.993Z"}
{"level":"error","message":"❌ Failed to update inventory:","timestamp":"2026-06-27T19:42:37.994Z"}
{"level":"error","message":"❌ Shopify API Error:","timestamp":"2026-06-27T19:42:37.995Z"}
{"level":"error","message":"❌ Failed to get product 10247421133083:","timestamp":"2026-06-27T19:42:38.236Z"}
{"level":"error","message":"❌ Failed to update inventory:","timestamp":"2026-06-27T19:42:38.446Z"}
{"level":"error","message":"❌ Shopify API Error:","timestamp":"2026-06-27T19:42:38.446Z"}
{"level":"error","message":"❌ Failed to get product 10247421198619:","timestamp":"2026-06-27T19:42:38.467Z"}
{"level":"error","message":"❌ Failed to update inventory:","timestamp":"2026-06-27T19:42:38.972Z"}
{"level":"error","message":"❌ Shopify API Error:","timestamp":"2026-06-27T19:42:38.972Z"}
{"level":"error","message":"❌ Sync inventory error:","timestamp":"2026-06-27T19:42:38.973Z"}
{"level":"error","message":"❌ Failed to update inventory:","timestamp":"2026-06-27T19:42:38.974Z"}
{"level":"error","message":"❌ Shopify API Error:","timestamp":"2026-06-27T19:42:38.974Z"}
{"level":"error","message":"❌ Failed to update inventory:","timestamp":"2026-06-27T19:42:39.046Z"}
{"level":"error","message":"❌ Shopify API Error:","timestamp":"2026-06-27T19:42:39.046Z"}
{"level":"error","message":"❌ Failed to update inventory:","timestamp":"2026-06-27T19:42:39.380Z"}
{"level":"error","message":"❌ Shopify API Error:","timestamp":"2026-06-27T19:42:39.381Z"}
{"level":"error","message":"❌ Failed to update inventory:","timestamp":"2026-06-27T19:42:39.460Z"}
{"level":"error","message":"❌ Shopify API Error:","timestamp":"2026-06-27T19:42:39.460Z"}
{"level":"error","message":"❌ Sync inventory error:","timestamp":"2026-06-27T19:42:39.461Z"}
{"level":"error","message":"❌ Failed to update inventory:","timestamp":"2026-06-27T19:42:39.468Z"}
{"level":"error","message":"❌ Shopify API Error:","timestamp":"2026-06-27T19:42:39.469Z"}
{"level":"error","message":"❌ Failed to update inventory:","timestamp":"2026-06-27T19:42:39.474Z"}
{"level":"error","message":"❌ Shopify API Error:","timestamp":"2026-06-27T19:42:39.474Z"}
{"level":"error","message":"❌ Failed to update inventory:","timestamp":"2026-06-27T19:42:39.935Z"}
{"level":"error","message":"❌ Shopify API Error:","timestamp":"2026-06-27T19:42:39.935Z"}
{"level":"error","message":"❌ Sync inventory error:","timestamp":"2026-06-27T19:42:39.935Z"}
{"level":"error","message":"❌ Failed to update inventory:","timestamp":"2026-06-27T19:42:39.946Z"}
{"level":"error","message":"❌ Shopify API Error:","timestamp":"2026-06-27T19:42:39.947Z"}
{"level":"error","message":"❌ Failed to update inventory:","timestamp":"2026-06-27T19:42:39.951Z"}
{"level":"error","message":"❌ Shopify API Error:","timestamp":"2026-06-27T19:42:39.951Z"}
{"level":"error","message":"❌ Failed to update inventory:","timestamp":"2026-06-27T19:42:39.953Z"}
{"level":"error","message":"❌ Shopify API Error:","timestamp":"2026-06-27T19:42:39.953Z"}
{"level":"error","message":"❌ Failed to get product 10247420510491:","timestamp":"2026-06-27T19:42:40.170Z"}
{"level":"error","message":"❌ Failed to get product 10247420707099:","timestamp":"2026-06-27T19:42:40.388Z"}
{"level":"error","message":"❌ Failed to update inventory:","timestamp":"2026-06-27T19:42:40.425Z"}
{"level":"error","message":"❌ Shopify API Error:","timestamp":"2026-06-27T19:42:40.425Z"}
{"level":"error","message":"❌ Failed to update inventory:","timestamp":"2026-06-27T19:42:40.860Z"}
{"level":"error","message":"❌ Shopify API Error:","timestamp":"2026-06-27T19:42:40.860Z"}
{"level":"error","message":"❌ Sync inventory error:","timestamp":"2026-06-27T19:42:40.860Z"}
{"level":"error","message":"❌ Failed to update inventory:","timestamp":"2026-06-27T19:42:40.861Z"}
{"level":"error","message":"❌ Shopify API Error:","timestamp":"2026-06-27T19:42:40.861Z"}
{"level":"error","message":"❌ Failed to update inventory:","timestamp":"2026-06-27T19:42:40.883Z"}
{"level":"error","message":"❌ Shopify API Error:","timestamp":"2026-06-27T19:42:40.883Z"}
{"level":"error","message":"❌ Failed to update inventory:","timestamp":"2026-06-27T19:42:41.415Z"}
{"level":"error","message":"❌ Shopify API Error:","timestamp":"2026-06-27T19:42:41.415Z"}
{"level":"error","message":"❌ Sync inventory error:","timestamp":"2026-06-27T19:42:41.416Z"}
{"level":"error","message":"❌ Failed to update inventory:","timestamp":"2026-06-27T19:42:41.429Z"}
{"level":"error","message":"❌ Shopify API Error:","timestamp":"2026-06-27T19:42:41.430Z"}
{"level":"error","message":"❌ Failed to update inventory:","timestamp":"2026-06-27T19:42:41.433Z"}
{"level":"error","message":"❌ Shopify API Error:","timestamp":"2026-06-27T19:42:41.433Z"}
{"level":"error","message":"❌ Failed to update inventory:","timestamp":"2026-06-27T19:42:41.434Z"}
{"level":"error","message":"❌ Shopify API Error:","timestamp":"2026-06-27T19:42:41.434Z"}
{"level":"error","message":"❌ Failed to update inventory:","timestamp":"2026-06-27T19:42:41.912Z"}
{"level":"error","message":"❌ Shopify API Error:","timestamp":"2026-06-27T19:42:41.913Z"}
{"level":"error","message":"❌ Sync inventory error:","timestamp":"2026-06-27T19:42:41.913Z"}
{"level":"error","message":"❌ Failed to update inventory:","timestamp":"2026-06-27T19:42:41.928Z"}
{"level":"error","message":"❌ Shopify API Error:","timestamp":"2026-06-27T19:42:41.928Z"}
{"level":"error","message":"❌ Failed to update inventory:","timestamp":"2026-06-27T19:42:42.376Z"}
{"level":"error","message":"❌ Shopify API Error:","timestamp":"2026-06-27T19:42:42.377Z"}
{"level":"error","message":"❌ Sync inventory error:","timestamp":"2026-06-27T19:42:42.377Z"}
{"level":"error","message":"❌ Failed to update inventory:","timestamp":"2026-06-27T19:42:42.383Z"}
{"level":"error","message":"❌ Shopify API Error:","timestamp":"2026-06-27T19:42:42.383Z"}
{"level":"error","message":"❌ Failed to update inventory:","timestamp":"2026-06-27T19:42:42.393Z"}
{"level":"error","message":"❌ Shopify API Error:","timestamp":"2026-06-27T19:42:42.393Z"}
{"level":"error","message":"❌ Failed to update inventory:","timestamp":"2026-06-27T19:42:42.398Z"}
{"level":"error","message":"❌ Shopify API Error:","timestamp":"2026-06-27T19:42:42.399Z"}
{"level":"error","message":"❌ Failed to update inventory:","timestamp":"2026-06-27T19:42:42.430Z"}
{"level":"error","message":"❌ Shopify API Error:","timestamp":"2026-06-27T19:42:42.431Z"}
{"level":"error","message":"❌ Failed to update inventory:","timestamp":"2026-06-27T19:42:42.854Z"}
{"level":"error","message":"❌ Shopify API Error:","timestamp":"2026-06-27T19:42:42.855Z"}
{"level":"error","message":"❌ Sync inventory error:","timestamp":"2026-06-27T19:42:42.855Z"}
{"level":"error","message":"❌ Failed to update inventory:","timestamp":"2026-06-27T19:42:42.868Z"}
{"level":"error","message":"❌ Shopify API Error:","timestamp":"2026-06-27T19:42:42.868Z"}
{"level":"error","message":"❌ Failed to update inventory:","timestamp":"2026-06-27T19:42:42.870Z"}
{"level":"error","message":"❌ Shopify API Error:","timestamp":"2026-06-27T19:42:42.871Z"}
{"level":"error","message":"❌ Failed to get product 10278886048027:","timestamp":"2026-06-27T19:42:43.085Z"}
{"level":"error","message":"❌ Failed to get product 10279413809435:","timestamp":"2026-06-27T19:42:43.310Z"}
{"level":"error","message":"❌ Failed to update inventory:","timestamp":"2026-06-27T19:42:43.334Z"}
{"level":"error","message":"❌ Shopify API Error:","timestamp":"2026-06-27T19:42:43.334Z"}
{"level":"error","message":"❌ Failed to update inventory:","timestamp":"2026-06-27T19:42:43.774Z"}
{"level":"error","message":"❌ Shopify API Error:","timestamp":"2026-06-27T19:42:43.774Z"}
{"level":"error","message":"❌ Sync inventory error:","timestamp":"2026-06-27T19:42:43.774Z"}
{"level":"error","message":"❌ Failed to update inventory:","timestamp":"2026-06-27T19:42:43.777Z"}
{"level":"error","message":"❌ Shopify API Error:","timestamp":"2026-06-27T19:42:43.782Z"}
{"level":"error","message":"❌ Failed to update inventory:","timestamp":"2026-06-27T19:42:43.783Z"}
{"level":"error","message":"❌ Shopify API Error:","timestamp":"2026-06-27T19:42:43.784Z"}
{"level":"error","message":"❌ Failed to update inventory:","timestamp":"2026-06-27T19:42:43.787Z"}
{"level":"error","message":"❌ Shopify API Error:","timestamp":"2026-06-27T19:42:43.787Z"}
{"level":"error","message":"❌ Failed to update inventory:","timestamp":"2026-06-27T19:42:43.791Z"}
{"level":"error","message":"❌ Shopify API Error:","timestamp":"2026-06-27T19:42:43.792Z"}
{"level":"error","message":"❌ Failed to update inventory:","timestamp":"2026-06-27T19:42:44.273Z"}
{"level":"error","message":"❌ Shopify API Error:","timestamp":"2026-06-27T19:42:44.274Z"}
{"level":"error","message":"❌ Sync inventory error:","timestamp":"2026-06-27T19:42:44.274Z"}
{"level":"error","message":"❌ Failed to update inventory:","timestamp":"2026-06-27T19:42:44.282Z"}
{"level":"error","message":"❌ Shopify API Error:","timestamp":"2026-06-27T19:42:44.282Z"}
{"level":"error","message":"❌ Failed to update inventory:","timestamp":"2026-06-27T19:42:44.287Z"}
{"level":"error","message":"❌ Shopify API Error:","timestamp":"2026-06-27T19:42:44.288Z"}
{"level":"error","message":"❌ Failed to update inventory:","timestamp":"2026-06-27T19:42:44.304Z"}
{"level":"error","message":"❌ Shopify API Error:","timestamp":"2026-06-27T19:42:44.304Z"}
{"level":"error","message":"❌ Failed to update inventory:","timestamp":"2026-06-27T19:42:44.317Z"}
{"level":"error","message":"❌ Shopify API Error:","timestamp":"2026-06-27T19:42:44.317Z"}
{"level":"error","message":"❌ Failed to update inventory:","timestamp":"2026-06-27T19:42:44.785Z"}
{"level":"error","message":"❌ Shopify API Error:","timestamp":"2026-06-27T19:42:44.785Z"}
{"level":"error","message":"❌ Sync inventory error:","timestamp":"2026-06-27T19:42:44.786Z"}
{"level":"error","message":"❌ Failed to update inventory:","timestamp":"2026-06-27T19:42:44.792Z"}
{"level":"error","message":"❌ Shopify API Error:","timestamp":"2026-06-27T19:42:44.792Z"}
{"level":"error","message":"❌ Failed to update inventory:","timestamp":"2026-06-27T19:42:44.797Z"}
{"level":"error","message":"❌ Shopify API Error:","timestamp":"2026-06-27T19:42:44.797Z"}
{"level":"error","message":"❌ Failed to update inventory:","timestamp":"2026-06-27T19:42:44.809Z"}
{"level":"error","message":"❌ Shopify API Error:","timestamp":"2026-06-27T19:42:44.809Z"}
{"level":"error","message":"❌ Failed to update inventory:","timestamp":"2026-06-27T19:42:44.813Z"}
{"level":"error","message":"❌ Shopify API Error:","timestamp":"2026-06-27T19:42:44.813Z"}
{"level":"error","message":"❌ Failed to update inventory:","timestamp":"2026-06-27T19:42:45.309Z"}
{"level":"error","message":"❌ Shopify API Error:","timestamp":"2026-06-27T19:42:45.309Z"}
{"level":"error","message":"❌ Sync inventory error:","timestamp":"2026-06-27T19:42:45.309Z"}
{"level":"error","message":"❌ Failed to update inventory:","timestamp":"2026-06-27T19:42:45.310Z"}
{"level":"error","message":"❌ Shopify API Error:","timestamp":"2026-06-27T19:42:45.311Z"}
{"level":"error","message":"❌ Failed to update inventory:","timestamp":"2026-06-27T19:42:45.311Z"}
{"level":"error","message":"❌ Shopify API Error:","timestamp":"2026-06-27T19:42:45.311Z"}
{"level":"error","message":"❌ Failed to update inventory:","timestamp":"2026-06-27T19:42:45.331Z"}
{"level":"error","message":"❌ Shopify API Error:","timestamp":"2026-06-27T19:42:45.332Z"}
{"level":"error","message":"❌ Failed to get product 10278479069467:","timestamp":"2026-06-27T19:42:45.550Z"}
{"level":"error","message":"❌ Failed to get product 10278493847835:","timestamp":"2026-06-27T19:42:45.797Z"}
{"level":"error","message":"❌ Failed to update inventory:","timestamp":"2026-06-27T19:42:45.801Z"}
{"level":"error","message":"❌ Shopify API Error:","timestamp":"2026-06-27T19:42:45.801Z"}
{"level":"error","message":"❌ Failed to update inventory:","timestamp":"2026-06-27T19:42:46.272Z"}
{"level":"error","message":"❌ Shopify API Error:","timestamp":"2026-06-27T19:42:46.273Z"}
{"level":"error","message":"❌ Sync inventory error:","timestamp":"2026-06-27T19:42:46.273Z"}
{"level":"error","message":"❌ Failed to update inventory:","timestamp":"2026-06-27T19:42:46.278Z"}
{"level":"error","message":"❌ Shopify API Error:","timestamp":"2026-06-27T19:42:46.279Z"}
{"level":"error","message":"❌ Failed to update inventory:","timestamp":"2026-06-27T19:42:46.281Z"}
{"level":"error","message":"❌ Shopify API Error:","timestamp":"2026-06-27T19:42:46.282Z"}
{"level":"error","message":"❌ Failed to update inventory:","timestamp":"2026-06-27T19:42:46.288Z"}
{"level":"error","message":"❌ Shopify API Error:","timestamp":"2026-06-27T19:42:46.288Z"}
{"level":"error","message":"❌ Failed to update inventory:","timestamp":"2026-06-27T19:42:46.293Z"}
{"level":"error","message":"❌ Shopify API Error:","timestamp":"2026-06-27T19:42:46.293Z"}
{"level":"error","message":"❌ Failed to update inventory:","timestamp":"2026-06-27T19:42:46.773Z"}
{"level":"error","message":"❌ Shopify API Error:","timestamp":"2026-06-27T19:42:46.774Z"}
{"level":"error","message":"❌ Sync inventory error:","timestamp":"2026-06-27T19:42:46.774Z"}
{"level":"error","message":"❌ Failed to update inventory:","timestamp":"2026-06-27T19:42:46.779Z"}
{"level":"error","message":"❌ Shopify API Error:","timestamp":"2026-06-27T19:42:46.780Z"}
{"level":"error","message":"❌ Failed to update inventory:","timestamp":"2026-06-27T19:42:46.781Z"}
{"level":"error","message":"❌ Shopify API Error:","timestamp":"2026-06-27T19:42:46.781Z"}
{"level":"error","message":"❌ Failed to update inventory:","timestamp":"2026-06-27T19:42:46.811Z"}
{"level":"error","message":"❌ Shopify API Error:","timestamp":"2026-06-27T19:42:46.811Z"}
{"level":"error","message":"❌ Failed to update inventory:","timestamp":"2026-06-27T19:42:47.300Z"}
{"level":"error","message":"❌ Shopify API Error:","timestamp":"2026-06-27T19:42:47.300Z"}
{"level":"error","message":"❌ Sync inventory error:","timestamp":"2026-06-27T19:42:47.300Z"}
{"level":"error","message":"❌ Failed to update inventory:","timestamp":"2026-06-27T19:42:47.310Z"}
{"level":"error","message":"❌ Shopify API Error:","timestamp":"2026-06-27T19:42:47.310Z"}
{"level":"error","message":"❌ Failed to update inventory:","timestamp":"2026-06-27T19:42:47.312Z"}
{"level":"error","message":"❌ Shopify API Error:","timestamp":"2026-06-27T19:42:47.312Z"}
{"level":"error","message":"❌ Failed to update inventory:","timestamp":"2026-06-27T19:42:47.313Z"}
{"level":"error","message":"❌ Shopify API Error:","timestamp":"2026-06-27T19:42:47.314Z"}
{"level":"error","message":"❌ Failed to update inventory:","timestamp":"2026-06-27T19:42:47.314Z"}
{"level":"error","message":"❌ Shopify API Error:","timestamp":"2026-06-27T19:42:47.314Z"}
{"level":"error","message":"❌ Failed to update inventory:","timestamp":"2026-06-27T19:42:47.336Z"}
{"level":"error","message":"❌ Shopify API Error:","timestamp":"2026-06-27T19:42:47.337Z"}
{"level":"error","message":"❌ Failed to update inventory:","timestamp":"2026-06-27T19:42:47.807Z"}
{"level":"error","message":"❌ Shopify API Error:","timestamp":"2026-06-27T19:42:47.807Z"}
{"level":"error","message":"❌ Sync inventory error:","timestamp":"2026-06-27T19:42:47.807Z"}
{"level":"error","message":"❌ Failed to update inventory:","timestamp":"2026-06-27T19:42:47.827Z"}
{"level":"error","message":"❌ Shopify API Error:","timestamp":"2026-06-27T19:42:47.827Z"}
{"level":"error","message":"❌ Failed to update inventory:","timestamp":"2026-06-27T19:42:47.828Z"}
{"level":"error","message":"❌ Shopify API Error:","timestamp":"2026-06-27T19:42:47.828Z"}
{"level":"error","message":"❌ Failed to update inventory:","timestamp":"2026-06-27T19:42:47.829Z"}
{"level":"error","message":"❌ Shopify API Error:","timestamp":"2026-06-27T19:42:47.829Z"}
{"level":"error","message":"❌ Failed to update inventory:","timestamp":"2026-06-27T19:42:47.830Z"}
{"level":"error","message":"❌ Shopify API Error:","timestamp":"2026-06-27T19:42:47.831Z"}
{"level":"error","message":"❌ Failed to update inventory:","timestamp":"2026-06-27T19:42:47.848Z"}
{"level":"error","message":"❌ Shopify API Error:","timestamp":"2026-06-27T19:42:47.848Z"}
{"level":"error","message":"❌ Failed to update inventory:","timestamp":"2026-06-27T19:42:48.280Z"}
{"level":"error","message":"❌ Shopify API Error:","timestamp":"2026-06-27T19:42:48.281Z"}
{"level":"error","message":"❌ Sync inventory error:","timestamp":"2026-06-27T19:42:48.281Z"}
{"level":"error","message":"❌ Failed to update inventory:","timestamp":"2026-06-27T19:42:48.294Z"}
{"level":"error","message":"❌ Shopify API Error:","timestamp":"2026-06-27T19:42:48.302Z"}
{"level":"error","message":"❌ Failed to update inventory:","timestamp":"2026-06-27T19:42:48.309Z"}
{"level":"error","message":"❌ Shopify API Error:","timestamp":"2026-06-27T19:42:48.309Z"}
{"level":"error","message":"❌ Failed to update inventory:","timestamp":"2026-06-27T19:42:48.311Z"}
{"level":"error","message":"❌ Shopify API Error:","timestamp":"2026-06-27T19:42:48.311Z"}
{"level":"error","message":"❌ Failed to update inventory:","timestamp":"2026-06-27T19:42:48.312Z"}
{"level":"error","message":"❌ Shopify API Error:","timestamp":"2026-06-27T19:42:48.312Z"}
{"level":"error","message":"❌ Failed to update inventory:","timestamp":"2026-06-27T19:42:48.781Z"}
{"level":"error","message":"❌ Shopify API Error:","timestamp":"2026-06-27T19:42:48.781Z"}
{"level":"error","message":"❌ Sync inventory error:","timestamp":"2026-06-27T19:42:48.781Z"}
{"level":"error","message":"❌ Failed to update inventory:","timestamp":"2026-06-27T19:42:48.784Z"}
{"level":"error","message":"❌ Shopify API Error:","timestamp":"2026-06-27T19:42:48.785Z"}
{"level":"error","message":"❌ Failed to update inventory:","timestamp":"2026-06-27T19:42:48.786Z"}
{"level":"error","message":"❌ Shopify API Error:","timestamp":"2026-06-27T19:42:48.786Z"}
{"level":"error","message":"❌ Failed to update inventory:","timestamp":"2026-06-27T19:42:48.792Z"}
{"level":"error","message":"❌ Shopify API Error:","timestamp":"2026-06-27T19:42:48.792Z"}
{"level":"error","message":"❌ Failed to update inventory:","timestamp":"2026-06-27T19:42:48.803Z"}
{"level":"error","message":"❌ Shopify API Error:","timestamp":"2026-06-27T19:42:48.803Z"}
{"level":"error","message":"❌ Failed to update inventory:","timestamp":"2026-06-27T19:42:49.247Z"}
{"level":"error","message":"❌ Shopify API Error:","timestamp":"2026-06-27T19:42:49.248Z"}
{"level":"error","message":"❌ Sync inventory error:","timestamp":"2026-06-27T19:42:49.248Z"}
{"level":"error","message":"❌ Failed to update inventory:","timestamp":"2026-06-27T19:42:49.259Z"}
{"level":"error","message":"❌ Shopify API Error:","timestamp":"2026-06-27T19:42:49.259Z"}
{"level":"error","message":"❌ Failed to update inventory:","timestamp":"2026-06-27T19:42:49.273Z"}
{"level":"error","message":"❌ Shopify API Error:","timestamp":"2026-06-27T19:42:49.273Z"}
{"level":"error","message":"❌ Failed to update inventory:","timestamp":"2026-06-27T19:42:49.294Z"}
{"level":"error","message":"❌ Shopify API Error:","timestamp":"2026-06-27T19:42:49.294Z"}
{"level":"error","message":"❌ Failed to update inventory:","timestamp":"2026-06-27T19:42:49.295Z"}
{"level":"error","message":"❌ Shopify API Error:","timestamp":"2026-06-27T19:42:49.296Z"}
{"level":"error","message":"❌ Failed to get product 10285203980571:","timestamp":"2026-06-27T19:42:49.483Z"}
{"level":"error","message":"❌ Failed to update inventory:","timestamp":"2026-06-27T19:42:49.485Z"}
{"level":"error","message":"❌ Shopify API Error:","timestamp":"2026-06-27T19:42:49.486Z"}
{"level":"error","message":"❌ Failed to update inventory:","timestamp":"2026-06-27T19:42:49.973Z"}
{"level":"error","message":"❌ Shopify API Error:","timestamp":"2026-06-27T19:42:49.973Z"}
{"level":"error","message":"❌ Sync inventory error:","timestamp":"2026-06-27T19:42:49.974Z"}
{"level":"error","message":"❌ Failed to update inventory:","timestamp":"2026-06-27T19:42:49.986Z"}
{"level":"error","message":"❌ Shopify API Error:","timestamp":"2026-06-27T19:42:49.988Z"}
{"level":"error","message":"❌ Failed to update inventory:","timestamp":"2026-06-27T19:42:49.989Z"}
{"level":"error","message":"❌ Shopify API Error:","timestamp":"2026-06-27T19:42:49.990Z"}
{"level":"error","message":"❌ Failed to update inventory:","timestamp":"2026-06-27T19:42:49.990Z"}
{"level":"error","message":"❌ Shopify API Error:","timestamp":"2026-06-27T19:42:49.991Z"}
{"level":"error","message":"❌ Failed to update inventory:","timestamp":"2026-06-27T19:42:49.991Z"}
{"level":"error","message":"❌ Shopify API Error:","timestamp":"2026-06-27T19:42:49.992Z"}
{"level":"error","message":"❌ Failed to update inventory:","timestamp":"2026-06-27T19:42:50.702Z"}
{"level":"error","message":"❌ Shopify API Error:","timestamp":"2026-06-27T19:42:50.703Z"}
{"level":"error","message":"❌ Sync inventory error:","timestamp":"2026-06-27T19:42:50.703Z"}
{"level":"error","message":"❌ Failed to update inventory:","timestamp":"2026-06-27T19:42:50.707Z"}
{"level":"error","message":"❌ Shopify API Error:","timestamp":"2026-06-27T19:42:50.708Z"}
{"level":"error","message":"❌ Failed to update inventory:","timestamp":"2026-06-27T19:42:50.717Z"}
{"level":"error","message":"❌ Shopify API Error:","timestamp":"2026-06-27T19:42:50.717Z"}
{"level":"error","message":"❌ Failed to update inventory:","timestamp":"2026-06-27T19:42:50.721Z"}
{"level":"error","message":"❌ Shopify API Error:","timestamp":"2026-06-27T19:42:50.723Z"}
{"level":"error","message":"❌ Failed to get product 10285208502555:","timestamp":"2026-06-27T19:42:50.944Z"}
{"level":"error","message":"❌ Failed to update inventory:","timestamp":"2026-06-27T19:42:50.969Z"}
{"level":"error","message":"❌ Shopify API Error:","timestamp":"2026-06-27T19:42:50.970Z"}
{"level":"error","message":"❌ Failed to update inventory:","timestamp":"2026-06-27T19:42:51.421Z"}
{"level":"error","message":"❌ Shopify API Error:","timestamp":"2026-06-27T19:42:51.421Z"}
{"level":"error","message":"❌ Sync inventory error:","timestamp":"2026-06-27T19:42:51.421Z"}
{"level":"error","message":"❌ Failed to update inventory:","timestamp":"2026-06-27T19:42:51.423Z"}
{"level":"error","message":"❌ Shopify API Error:","timestamp":"2026-06-27T19:42:51.423Z"}
{"level":"error","message":"❌ Failed to update inventory:","timestamp":"2026-06-27T19:42:51.425Z"}
{"level":"error","message":"❌ Shopify API Error:","timestamp":"2026-06-27T19:42:51.425Z"}
{"level":"error","message":"❌ Failed to update inventory:","timestamp":"2026-06-27T19:42:51.431Z"}
{"level":"error","message":"❌ Shopify API Error:","timestamp":"2026-06-27T19:42:51.431Z"}
{"level":"error","message":"❌ Failed to update inventory:","timestamp":"2026-06-27T19:42:51.432Z"}
{"level":"error","message":"❌ Shopify API Error:","timestamp":"2026-06-27T19:42:51.433Z"}
{"level":"error","message":"❌ Failed to update inventory:","timestamp":"2026-06-27T19:42:51.433Z"}
{"level":"error","message":"❌ Shopify API Error:","timestamp":"2026-06-27T19:42:51.433Z"}
{"level":"error","message":"❌ Failed to update inventory:","timestamp":"2026-06-27T19:42:51.924Z"}
{"level":"error","message":"❌ Shopify API Error:","timestamp":"2026-06-27T19:42:51.924Z"}
{"level":"error","message":"❌ Sync inventory error:","timestamp":"2026-06-27T19:42:51.924Z"}
{"level":"error","message":"❌ Failed to update inventory:","timestamp":"2026-06-27T19:42:51.925Z"}
{"level":"error","message":"❌ Shopify API Error:","timestamp":"2026-06-27T19:42:51.926Z"}
{"level":"error","message":"❌ Failed to update inventory:","timestamp":"2026-06-27T19:42:51.938Z"}
{"level":"error","message":"❌ Shopify API Error:","timestamp":"2026-06-27T19:42:51.938Z"}
{"level":"error","message":"❌ Failed to update inventory:","timestamp":"2026-06-27T19:42:52.400Z"}
{"level":"error","message":"❌ Shopify API Error:","timestamp":"2026-06-27T19:42:52.400Z"}
{"level":"error","message":"❌ Sync inventory error:","timestamp":"2026-06-27T19:42:52.400Z"}
{"level":"error","message":"❌ Failed to update inventory:","timestamp":"2026-06-27T19:42:52.403Z"}
{"level":"error","message":"❌ Shopify API Error:","timestamp":"2026-06-27T19:42:52.403Z"}
{"level":"error","message":"❌ Failed to update inventory:","timestamp":"2026-06-27T19:42:52.405Z"}
{"level":"error","message":"❌ Shopify API Error:","timestamp":"2026-06-27T19:42:52.406Z"}
{"level":"error","message":"❌ Failed to update inventory:","timestamp":"2026-06-27T19:42:52.409Z"}
{"level":"error","message":"❌ Shopify API Error:","timestamp":"2026-06-27T19:42:52.409Z"}
{"level":"error","message":"❌ Failed to update inventory:","timestamp":"2026-06-27T19:42:52.921Z"}
{"level":"error","message":"❌ Shopify API Error:","timestamp":"2026-06-27T19:42:52.921Z"}
{"level":"error","message":"❌ Sync inventory error:","timestamp":"2026-06-27T19:42:52.922Z"}
{"level":"error","message":"❌ Failed to update inventory:","timestamp":"2026-06-27T19:42:52.925Z"}
{"level":"error","message":"❌ Shopify API Error:","timestamp":"2026-06-27T19:42:52.925Z"}
{"level":"error","message":"❌ Failed to update inventory:","timestamp":"2026-06-27T19:42:52.926Z"}
{"level":"error","message":"❌ Shopify API Error:","timestamp":"2026-06-27T19:42:52.926Z"}
{"level":"error","message":"❌ Failed to update inventory:","timestamp":"2026-06-27T19:42:52.937Z"}
{"level":"error","message":"❌ Shopify API Error:","timestamp":"2026-06-27T19:42:52.937Z"}
{"level":"error","message":"❌ Failed to get product 10279412039963:","timestamp":"2026-06-27T19:42:53.201Z"}
{"level":"error","message":"❌ Failed to update inventory:","timestamp":"2026-06-27T19:42:53.401Z"}
{"level":"error","message":"❌ Shopify API Error:","timestamp":"2026-06-27T19:42:53.401Z"}
{"level":"error","message":"❌ Failed to get product 10278497681691:","timestamp":"2026-06-27T19:42:53.446Z"}
{"level":"error","message":"❌ Failed to update inventory:","timestamp":"2026-06-27T19:42:53.928Z"}
{"level":"error","message":"❌ Shopify API Error:","timestamp":"2026-06-27T19:42:53.928Z"}
{"level":"error","message":"❌ Sync inventory error:","timestamp":"2026-06-27T19:42:53.928Z"}
{"level":"error","message":"❌ Failed to update inventory:","timestamp":"2026-06-27T19:42:53.930Z"}
{"level":"error","message":"❌ Shopify API Error:","timestamp":"2026-06-27T19:42:53.930Z"}
{"level":"error","message":"❌ Failed to update inventory:","timestamp":"2026-06-27T19:42:53.936Z"}
{"level":"error","message":"❌ Shopify API Error:","timestamp":"2026-06-27T19:42:53.936Z"}
{"level":"error","message":"❌ Failed to update inventory:","timestamp":"2026-06-27T19:42:53.950Z"}
{"level":"error","message":"❌ Shopify API Error:","timestamp":"2026-06-27T19:42:53.950Z"}
{"level":"error","message":"❌ Failed to update inventory:","timestamp":"2026-06-27T19:42:53.951Z"}
{"level":"error","message":"❌ Shopify API Error:","timestamp":"2026-06-27T19:42:53.951Z"}
{"level":"error","message":"❌ Failed to update inventory:","timestamp":"2026-06-27T19:42:54.405Z"}
{"level":"error","message":"❌ Shopify API Error:","timestamp":"2026-06-27T19:42:54.405Z"}
{"level":"error","message":"❌ Sync inventory error:","timestamp":"2026-06-27T19:42:54.405Z"}
{"level":"error","message":"❌ Failed to update inventory:","timestamp":"2026-06-27T19:42:54.415Z"}
{"level":"error","message":"❌ Shopify API Error:","timestamp":"2026-06-27T19:42:54.415Z"}
{"level":"error","message":"❌ Failed to update inventory:","timestamp":"2026-06-27T19:42:54.416Z"}
{"level":"error","message":"❌ Shopify API Error:","timestamp":"2026-06-27T19:42:54.416Z"}
{"level":"error","message":"❌ Failed to update inventory:","timestamp":"2026-06-27T19:42:54.419Z"}
{"level":"error","message":"❌ Shopify API Error:","timestamp":"2026-06-27T19:42:54.419Z"}
{"level":"error","message":"❌ Failed to update inventory:","timestamp":"2026-06-27T19:42:54.653Z"}
{"level":"error","message":"❌ Shopify API Error:","timestamp":"2026-06-27T19:42:54.653Z"}
{"level":"error","message":"❌ Failed to update inventory:","timestamp":"2026-06-27T19:42:54.859Z"}
{"level":"error","message":"❌ Shopify API Error:","timestamp":"2026-06-27T19:42:54.860Z"}
{"level":"error","message":"❌ Sync inventory error:","timestamp":"2026-06-27T19:42:54.860Z"}
{"level":"error","message":"❌ Failed to update inventory:","timestamp":"2026-06-27T19:42:54.870Z"}
{"level":"error","message":"❌ Shopify API Error:","timestamp":"2026-06-27T19:42:54.871Z"}
{"level":"error","message":"❌ Failed to update inventory:","timestamp":"2026-06-27T19:42:54.873Z"}
{"level":"error","message":"❌ Shopify API Error:","timestamp":"2026-06-27T19:42:54.874Z"}
{"level":"error","message":"❌ Failed to update inventory:","timestamp":"2026-06-27T19:42:54.875Z"}
{"level":"error","message":"❌ Shopify API Error:","timestamp":"2026-06-27T19:42:54.876Z"}
{"level":"error","message":"❌ Failed to update inventory:","timestamp":"2026-06-27T19:42:54.879Z"}
{"level":"error","message":"❌ Shopify API Error:","timestamp":"2026-06-27T19:42:54.879Z"}
{"level":"error","message":"❌ Failed to update inventory:","timestamp":"2026-06-27T19:42:55.344Z"}
{"level":"error","message":"❌ Shopify API Error:","timestamp":"2026-06-27T19:42:55.344Z"}
{"level":"error","message":"❌ Sync inventory error:","timestamp":"2026-06-27T19:42:55.344Z"}
{"level":"error","message":"❌ Failed to update inventory:","timestamp":"2026-06-27T19:42:55.353Z"}
{"level":"error","message":"❌ Shopify API Error:","timestamp":"2026-06-27T19:42:55.353Z"}
{"level":"error","message":"❌ Failed to update inventory:","timestamp":"2026-06-27T19:42:55.356Z"}
{"level":"error","message":"❌ Shopify API Error:","timestamp":"2026-06-27T19:42:55.357Z"}
{"level":"error","message":"❌ Failed to update inventory:","timestamp":"2026-06-27T19:42:55.367Z"}
{"level":"error","message":"❌ Shopify API Error:","timestamp":"2026-06-27T19:42:55.367Z"}
{"level":"error","message":"❌ Failed to update inventory:","timestamp":"2026-06-27T19:42:55.371Z"}
{"level":"error","message":"❌ Shopify API Error:","timestamp":"2026-06-27T19:42:55.371Z"}
{"level":"error","message":"❌ Failed to get product 10281745449243:","timestamp":"2026-06-27T19:42:55.815Z"}
{"level":"error","message":"❌ Failed to update inventory:","timestamp":"2026-06-27T19:42:55.841Z"}
{"level":"error","message":"❌ Shopify API Error:","timestamp":"2026-06-27T19:42:55.842Z"}
{"level":"error","message":"❌ Failed to update inventory:","timestamp":"2026-06-27T19:42:56.313Z"}
{"level":"error","message":"❌ Shopify API Error:","timestamp":"2026-06-27T19:42:56.314Z"}
{"level":"error","message":"❌ Sync inventory error:","timestamp":"2026-06-27T19:42:56.314Z"}
{"level":"error","message":"❌ Failed to update inventory:","timestamp":"2026-06-27T19:42:56.321Z"}
{"level":"error","message":"❌ Shopify API Error:","timestamp":"2026-06-27T19:42:56.332Z"}
{"level":"error","message":"❌ Failed to update inventory:","timestamp":"2026-06-27T19:42:56.333Z"}
{"level":"error","message":"❌ Shopify API Error:","timestamp":"2026-06-27T19:42:56.334Z"}
{"level":"error","message":"❌ Failed to update inventory:","timestamp":"2026-06-27T19:42:56.334Z"}
{"level":"error","message":"❌ Shopify API Error:","timestamp":"2026-06-27T19:42:56.341Z"}
{"level":"error","message":"❌ Failed to update inventory:","timestamp":"2026-06-27T19:42:56.344Z"}
{"level":"error","message":"❌ Shopify API Error:","timestamp":"2026-06-27T19:42:56.344Z"}
{"level":"error","message":"❌ Failed to update inventory:","timestamp":"2026-06-27T19:42:56.351Z"}
{"level":"error","message":"❌ Shopify API Error:","timestamp":"2026-06-27T19:42:56.351Z"}
{"level":"error","message":"❌ Failed to update inventory:","timestamp":"2026-06-27T19:42:56.851Z"}
{"level":"error","message":"❌ Shopify API Error:","timestamp":"2026-06-27T19:42:56.852Z"}
{"level":"error","message":"❌ Sync inventory error:","timestamp":"2026-06-27T19:42:56.852Z"}
{"level":"error","message":"❌ Failed to update inventory:","timestamp":"2026-06-27T19:42:56.853Z"}
{"level":"error","message":"❌ Shopify API Error:","timestamp":"2026-06-27T19:42:56.854Z"}
{"level":"error","message":"❌ Failed to update inventory:","timestamp":"2026-06-27T19:42:56.854Z"}
{"level":"error","message":"❌ Shopify API Error:","timestamp":"2026-06-27T19:42:56.854Z"}
{"level":"error","message":"❌ Failed to update inventory:","timestamp":"2026-06-27T19:42:56.855Z"}
{"level":"error","message":"❌ Shopify API Error:","timestamp":"2026-06-27T19:42:56.855Z"}
{"level":"error","message":"❌ Failed to update inventory:","timestamp":"2026-06-27T19:42:56.859Z"}
{"level":"error","message":"❌ Shopify API Error:","timestamp":"2026-06-27T19:42:56.860Z"}
{"level":"error","message":"❌ Failed to update inventory:","timestamp":"2026-06-27T19:42:56.861Z"}
{"level":"error","message":"❌ Shopify API Error:","timestamp":"2026-06-27T19:42:56.862Z"}
{"level":"error","message":"❌ Failed to update inventory:","timestamp":"2026-06-27T19:42:56.876Z"}
{"level":"error","message":"❌ Shopify API Error:","timestamp":"2026-06-27T19:42:56.876Z"}
{"level":"error","message":"❌ Failed to update inventory:","timestamp":"2026-06-27T19:42:57.329Z"}
{"level":"error","message":"❌ Shopify API Error:","timestamp":"2026-06-27T19:42:57.330Z"}
{"level":"error","message":"❌ Sync inventory error:","timestamp":"2026-06-27T19:42:57.330Z"}
{"level":"error","message":"❌ Failed to update inventory:","timestamp":"2026-06-27T19:42:57.331Z"}
{"level":"error","message":"❌ Shopify API Error:","timestamp":"2026-06-27T19:42:57.331Z"}
{"level":"error","message":"❌ Failed to update inventory:","timestamp":"2026-06-27T19:42:57.335Z"}
{"level":"error","message":"❌ Shopify API Error:","timestamp":"2026-06-27T19:42:57.335Z"}
{"level":"error","message":"❌ Failed to update inventory:","timestamp":"2026-06-27T19:42:57.336Z"}
{"level":"error","message":"❌ Shopify API Error:","timestamp":"2026-06-27T19:42:57.336Z"}
{"level":"error","message":"❌ Failed to update inventory:","timestamp":"2026-06-27T19:42:57.337Z"}
{"level":"error","message":"❌ Shopify API Error:","timestamp":"2026-06-27T19:42:57.337Z"}
{"level":"error","message":"❌ Failed to update inventory:","timestamp":"2026-06-27T19:42:57.343Z"}
{"level":"error","message":"❌ Shopify API Error:","timestamp":"2026-06-27T19:42:57.343Z"}
{"level":"error","message":"❌ Failed to update inventory:","timestamp":"2026-06-27T19:42:57.796Z"}
{"level":"error","message":"❌ Shopify API Error:","timestamp":"2026-06-27T19:42:57.796Z"}
{"level":"error","message":"❌ Sync inventory error:","timestamp":"2026-06-27T19:42:57.796Z"}
{"level":"error","message":"❌ Failed to update inventory:","timestamp":"2026-06-27T19:42:57.798Z"}
{"level":"error","message":"❌ Shopify API Error:","timestamp":"2026-06-27T19:42:57.798Z"}
{"level":"error","message":"❌ Failed to update inventory:","timestamp":"2026-06-27T19:42:57.798Z"}
{"level":"error","message":"❌ Shopify API Error:","timestamp":"2026-06-27T19:42:57.799Z"}
{"level":"error","message":"❌ Failed to update inventory:","timestamp":"2026-06-27T19:42:57.800Z"}
{"level":"error","message":"❌ Shopify API Error:","timestamp":"2026-06-27T19:42:57.800Z"}
{"level":"error","message":"❌ Failed to update inventory:","timestamp":"2026-06-27T19:42:57.801Z"}
{"level":"error","message":"❌ Shopify API Error:","timestamp":"2026-06-27T19:42:57.801Z"}
{"level":"error","message":"❌ Failed to update inventory:","timestamp":"2026-06-27T19:42:57.801Z"}
{"level":"error","message":"❌ Shopify API Error:","timestamp":"2026-06-27T19:42:57.801Z"}
{"level":"error","message":"❌ Failed to update inventory:","timestamp":"2026-06-27T19:42:57.810Z"}
{"level":"error","message":"❌ Shopify API Error:","timestamp":"2026-06-27T19:42:57.810Z"}
{"level":"error","message":"❌ Failed to update inventory:","timestamp":"2026-06-27T19:42:58.272Z"}
{"level":"error","message":"❌ Shopify API Error:","timestamp":"2026-06-27T19:42:58.273Z"}
{"level":"error","message":"❌ Sync inventory error:","timestamp":"2026-06-27T19:42:58.273Z"}
{"level":"error","message":"❌ Failed to update inventory:","timestamp":"2026-06-27T19:42:58.274Z"}
{"level":"error","message":"❌ Shopify API Error:","timestamp":"2026-06-27T19:42:58.274Z"}
{"level":"error","message":"❌ Failed to update inventory:","timestamp":"2026-06-27T19:42:58.275Z"}
{"level":"error","message":"❌ Shopify API Error:","timestamp":"2026-06-27T19:42:58.275Z"}
{"level":"error","message":"❌ Failed to update inventory:","timestamp":"2026-06-27T19:42:58.276Z"}
{"level":"error","message":"❌ Shopify API Error:","timestamp":"2026-06-27T19:42:58.276Z"}
{"level":"error","message":"❌ Failed to update inventory:","timestamp":"2026-06-27T19:42:58.284Z"}
{"level":"error","message":"❌ Shopify API Error:","timestamp":"2026-06-27T19:42:58.284Z"}
{"level":"error","message":"❌ Failed to update inventory:","timestamp":"2026-06-27T19:42:58.294Z"}
{"level":"error","message":"❌ Shopify API Error:","timestamp":"2026-06-27T19:42:58.294Z"}
{"level":"error","message":"❌ Failed to get product 10279074038043:","timestamp":"2026-06-27T19:42:58.507Z"}
{"level":"error","message":"❌ Failed to update inventory:","timestamp":"2026-06-27T19:42:58.989Z"}
{"level":"error","message":"❌ Shopify API Error:","timestamp":"2026-06-27T19:42:58.990Z"}
{"level":"error","message":"❌ Sync inventory error:","timestamp":"2026-06-27T19:42:58.990Z"}
{"level":"error","message":"❌ Failed to update inventory:","timestamp":"2026-06-27T19:42:58.994Z"}
{"level":"error","message":"❌ Shopify API Error:","timestamp":"2026-06-27T19:42:58.994Z"}
{"level":"error","message":"❌ Failed to update inventory:","timestamp":"2026-06-27T19:42:58.995Z"}
{"level":"error","message":"❌ Shopify API Error:","timestamp":"2026-06-27T19:42:58.995Z"}
{"level":"error","message":"❌ Failed to update inventory:","timestamp":"2026-06-27T19:42:59.010Z"}
{"level":"error","message":"❌ Shopify API Error:","timestamp":"2026-06-27T19:42:59.011Z"}
{"level":"error","message":"❌ Failed to update inventory:","timestamp":"2026-06-27T19:42:59.467Z"}
{"level":"error","message":"❌ Shopify API Error:","timestamp":"2026-06-27T19:42:59.467Z"}
{"level":"error","message":"❌ Sync inventory error:","timestamp":"2026-06-27T19:42:59.467Z"}
{"level":"error","message":"❌ Failed to update inventory:","timestamp":"2026-06-27T19:42:59.472Z"}
{"level":"error","message":"❌ Shopify API Error:","timestamp":"2026-06-27T19:42:59.473Z"}
{"level":"error","message":"❌ Failed to update inventory:","timestamp":"2026-06-27T19:42:59.474Z"}
{"level":"error","message":"❌ Shopify API Error:","timestamp":"2026-06-27T19:42:59.474Z"}
{"level":"error","message":"❌ Failed to update inventory:","timestamp":"2026-06-27T19:42:59.475Z"}
{"level":"error","message":"❌ Shopify API Error:","timestamp":"2026-06-27T19:42:59.475Z"}
{"level":"error","message":"❌ Failed to update inventory:","timestamp":"2026-06-27T19:42:59.479Z"}
{"level":"error","message":"❌ Shopify API Error:","timestamp":"2026-06-27T19:42:59.480Z"}
{"level":"error","message":"❌ Failed to update inventory:","timestamp":"2026-06-27T19:42:59.482Z"}
{"level":"error","message":"❌ Shopify API Error:","timestamp":"2026-06-27T19:42:59.482Z"}
{"level":"error","message":"❌ Failed to update inventory:","timestamp":"2026-06-27T19:42:59.495Z"}
{"level":"error","message":"❌ Shopify API Error:","timestamp":"2026-06-27T19:42:59.496Z"}
{"level":"error","message":"❌ Failed to update inventory:","timestamp":"2026-06-27T19:42:59.957Z"}
{"level":"error","message":"❌ Shopify API Error:","timestamp":"2026-06-27T19:42:59.957Z"}
{"level":"error","message":"❌ Sync inventory error:","timestamp":"2026-06-27T19:42:59.958Z"}
{"level":"error","message":"❌ Failed to update inventory:","timestamp":"2026-06-27T19:42:59.958Z"}
{"level":"error","message":"❌ Shopify API Error:","timestamp":"2026-06-27T19:42:59.959Z"}
{"level":"error","message":"❌ Failed to update inventory:","timestamp":"2026-06-27T19:42:59.960Z"}
{"level":"error","message":"❌ Shopify API Error:","timestamp":"2026-06-27T19:42:59.960Z"}
{"level":"error","message":"❌ Failed to update inventory:","timestamp":"2026-06-27T19:42:59.963Z"}
{"level":"error","message":"❌ Shopify API Error:","timestamp":"2026-06-27T19:42:59.963Z"}
{"level":"error","message":"❌ Failed to update inventory:","timestamp":"2026-06-27T19:42:59.969Z"}
{"level":"error","message":"❌ Shopify API Error:","timestamp":"2026-06-27T19:42:59.969Z"}
{"level":"error","message":"❌ Failed to update inventory:","timestamp":"2026-06-27T19:42:59.979Z"}
{"level":"error","message":"❌ Shopify API Error:","timestamp":"2026-06-27T19:42:59.979Z"}
{"level":"error","message":"❌ Failed to update inventory:","timestamp":"2026-06-27T19:43:00.421Z"}
{"level":"error","message":"❌ Shopify API Error:","timestamp":"2026-06-27T19:43:00.421Z"}
{"level":"error","message":"❌ Sync inventory error:","timestamp":"2026-06-27T19:43:00.422Z"}
{"level":"error","message":"❌ Failed to update inventory:","timestamp":"2026-06-27T19:43:00.431Z"}
{"level":"error","message":"❌ Shopify API Error:","timestamp":"2026-06-27T19:43:00.431Z"}
{"level":"error","message":"❌ Failed to update inventory:","timestamp":"2026-06-27T19:43:00.433Z"}
{"level":"error","message":"❌ Shopify API Error:","timestamp":"2026-06-27T19:43:00.433Z"}
{"level":"error","message":"❌ Failed to update inventory:","timestamp":"2026-06-27T19:43:00.436Z"}
{"level":"error","message":"❌ Shopify API Error:","timestamp":"2026-06-27T19:43:00.436Z"}
{"level":"error","message":"❌ Failed to update inventory:","timestamp":"2026-06-27T19:43:00.443Z"}
{"level":"error","message":"❌ Shopify API Error:","timestamp":"2026-06-27T19:43:00.444Z"}
{"level":"error","message":"❌ Failed to update inventory:","timestamp":"2026-06-27T19:43:00.446Z"}
{"level":"error","message":"❌ Shopify API Error:","timestamp":"2026-06-27T19:43:00.446Z"}
{"level":"error","message":"❌ Failed to update inventory:","timestamp":"2026-06-27T19:43:00.447Z"}
{"level":"error","message":"❌ Shopify API Error:","timestamp":"2026-06-27T19:43:00.447Z"}
{"level":"error","message":"❌ Failed to update inventory:","timestamp":"2026-06-27T19:43:00.454Z"}
{"level":"error","message":"❌ Shopify API Error:","timestamp":"2026-06-27T19:43:00.454Z"}
{"level":"error","message":"❌ Failed to update inventory:","timestamp":"2026-06-27T19:43:00.487Z"}
{"level":"error","message":"❌ Shopify API Error:","timestamp":"2026-06-27T19:43:00.488Z"}
{"level":"error","message":"❌ Failed to get product 10280928674075:","timestamp":"2026-06-27T19:43:00.668Z"}
{"level":"error","message":"❌ Failed to get product 10279364952347:","timestamp":"2026-06-27T19:43:00.909Z"}
{"level":"error","message":"❌ Failed to update inventory:","timestamp":"2026-06-27T19:43:01.177Z"}
{"level":"error","message":"❌ Shopify API Error:","timestamp":"2026-06-27T19:43:01.178Z"}
{"level":"error","message":"❌ Failed to update inventory:","timestamp":"2026-06-27T19:43:01.391Z"}
{"level":"error","message":"❌ Shopify API Error:","timestamp":"2026-06-27T19:43:01.391Z"}
{"level":"error","message":"❌ Sync inventory error:","timestamp":"2026-06-27T19:43:01.391Z"}
{"level":"error","message":"❌ Failed to update inventory:","timestamp":"2026-06-27T19:43:01.392Z"}
{"level":"error","message":"❌ Shopify API Error:","timestamp":"2026-06-27T19:43:01.392Z"}
{"level":"error","message":"❌ Failed to update inventory:","timestamp":"2026-06-27T19:43:01.393Z"}
{"level":"error","message":"❌ Shopify API Error:","timestamp":"2026-06-27T19:43:01.393Z"}
{"level":"error","message":"❌ Failed to update inventory:","timestamp":"2026-06-27T19:43:01.399Z"}
{"level":"error","message":"❌ Shopify API Error:","timestamp":"2026-06-27T19:43:01.399Z"}
{"level":"error","message":"❌ Failed to update inventory:","timestamp":"2026-06-27T19:43:01.413Z"}
{"level":"error","message":"❌ Shopify API Error:","timestamp":"2026-06-27T19:43:01.413Z"}
{"level":"error","message":"❌ Failed to get product 10247418675483:","timestamp":"2026-06-27T19:43:01.605Z"}
{"level":"error","message":"❌ Failed to get product 10247418937627:","timestamp":"2026-06-27T19:43:01.860Z"}
{"level":"error","message":"❌ Failed to update inventory:","timestamp":"2026-06-27T19:43:01.878Z"}
{"level":"error","message":"❌ Shopify API Error:","timestamp":"2026-06-27T19:43:01.879Z"}
{"level":"error","message":"❌ Failed to update inventory:","timestamp":"2026-06-27T19:43:02.340Z"}
{"level":"error","message":"❌ Shopify API Error:","timestamp":"2026-06-27T19:43:02.340Z"}
{"level":"error","message":"❌ Sync inventory error:","timestamp":"2026-06-27T19:43:02.340Z"}
{"level":"error","message":"❌ Failed to update inventory:","timestamp":"2026-06-27T19:43:02.351Z"}
{"level":"error","message":"❌ Shopify API Error:","timestamp":"2026-06-27T19:43:02.351Z"}
{"level":"error","message":"❌ Failed to update inventory:","timestamp":"2026-06-27T19:43:02.352Z"}
{"level":"error","message":"❌ Shopify API Error:","timestamp":"2026-06-27T19:43:02.352Z"}
{"level":"error","message":"❌ Failed to update inventory:","timestamp":"2026-06-27T19:43:02.353Z"}
{"level":"error","message":"❌ Shopify API Error:","timestamp":"2026-06-27T19:43:02.353Z"}
{"level":"error","message":"❌ Failed to update inventory:","timestamp":"2026-06-27T19:43:02.357Z"}
{"level":"error","message":"❌ Shopify API Error:","timestamp":"2026-06-27T19:43:02.357Z"}
{"level":"error","message":"❌ Failed to update inventory:","timestamp":"2026-06-27T19:43:02.525Z"}
{"level":"error","message":"❌ Shopify API Error:","timestamp":"2026-06-27T19:43:02.525Z"}
{"level":"error","message":"❌ Failed to update inventory:","timestamp":"2026-06-27T19:43:02.839Z"}
{"level":"error","message":"❌ Shopify API Error:","timestamp":"2026-06-27T19:43:02.840Z"}
{"level":"error","message":"❌ Sync inventory error:","timestamp":"2026-06-27T19:43:02.840Z"}
{"level":"error","message":"❌ Failed to update inventory:","timestamp":"2026-06-27T19:43:02.842Z"}
{"level":"error","message":"❌ Shopify API Error:","timestamp":"2026-06-27T19:43:02.842Z"}
{"level":"error","message":"❌ Failed to update inventory:","timestamp":"2026-06-27T19:43:02.844Z"}
{"level":"error","message":"❌ Shopify API Error:","timestamp":"2026-06-27T19:43:02.844Z"}
{"level":"error","message":"❌ Failed to update inventory:","timestamp":"2026-06-27T19:43:02.848Z"}
{"level":"error","message":"❌ Shopify API Error:","timestamp":"2026-06-27T19:43:02.848Z"}
{"level":"error","message":"❌ Failed to update inventory:","timestamp":"2026-06-27T19:43:02.849Z"}
{"level":"error","message":"❌ Shopify API Error:","timestamp":"2026-06-27T19:43:02.849Z"}
{"level":"error","message":"❌ Failed to get product 10247418511643:","timestamp":"2026-06-27T19:43:03.087Z"}
{"level":"error","message":"❌ Failed to update inventory:","timestamp":"2026-06-27T19:43:03.314Z"}
{"level":"error","message":"❌ Shopify API Error:","timestamp":"2026-06-27T19:43:03.314Z"}
{"level":"error","message":"❌ Failed to get product 10247418741019:","timestamp":"2026-06-27T19:43:03.323Z"}
{"level":"error","message":"❌ Failed to update inventory:","timestamp":"2026-06-27T19:43:03.809Z"}
{"level":"error","message":"❌ Shopify API Error:","timestamp":"2026-06-27T19:43:03.809Z"}
{"level":"error","message":"❌ Sync inventory error:","timestamp":"2026-06-27T19:43:03.810Z"}
{"level":"error","message":"❌ Failed to update inventory:","timestamp":"2026-06-27T19:43:03.811Z"}
{"level":"error","message":"❌ Shopify API Error:","timestamp":"2026-06-27T19:43:03.811Z"}
{"level":"error","message":"❌ Failed to update inventory:","timestamp":"2026-06-27T19:43:03.813Z"}
{"level":"error","message":"❌ Shopify API Error:","timestamp":"2026-06-27T19:43:03.813Z"}
{"level":"error","message":"❌ Failed to update inventory:","timestamp":"2026-06-27T19:43:03.821Z"}
{"level":"error","message":"❌ Shopify API Error:","timestamp":"2026-06-27T19:43:03.821Z"}
{"level":"error","message":"❌ Failed to update inventory:","timestamp":"2026-06-27T19:43:03.824Z"}
{"level":"error","message":"❌ Shopify API Error:","timestamp":"2026-06-27T19:43:03.824Z"}
{"level":"error","message":"❌ Failed to update inventory:","timestamp":"2026-06-27T19:43:03.827Z"}
{"level":"error","message":"❌ Shopify API Error:","timestamp":"2026-06-27T19:43:03.828Z"}
{"level":"error","message":"❌ Failed to update inventory:","timestamp":"2026-06-27T19:43:04.281Z"}
{"level":"error","message":"❌ Shopify API Error:","timestamp":"2026-06-27T19:43:04.282Z"}
{"level":"error","message":"❌ Sync inventory error:","timestamp":"2026-06-27T19:43:04.282Z"}
{"level":"error","message":"❌ Failed to update inventory:","timestamp":"2026-06-27T19:43:04.284Z"}
{"level":"error","message":"❌ Shopify API Error:","timestamp":"2026-06-27T19:43:04.285Z"}
{"level":"error","message":"❌ Failed to update inventory:","timestamp":"2026-06-27T19:43:04.288Z"}
{"level":"error","message":"❌ Shopify API Error:","timestamp":"2026-06-27T19:43:04.288Z"}
{"level":"error","message":"❌ Failed to update inventory:","timestamp":"2026-06-27T19:43:04.291Z"}
{"level":"error","message":"❌ Shopify API Error:","timestamp":"2026-06-27T19:43:04.291Z"}
{"level":"error","message":"❌ Failed to update inventory:","timestamp":"2026-06-27T19:43:04.296Z"}
{"level":"error","message":"❌ Shopify API Error:","timestamp":"2026-06-27T19:43:04.296Z"}
{"level":"error","message":"❌ Failed to update inventory:","timestamp":"2026-06-27T19:43:04.306Z"}
{"level":"error","message":"❌ Shopify API Error:","timestamp":"2026-06-27T19:43:04.306Z"}
{"level":"error","message":"❌ Failed to update inventory:","timestamp":"2026-06-27T19:43:04.766Z"}
{"level":"error","message":"❌ Shopify API Error:","timestamp":"2026-06-27T19:43:04.767Z"}
{"level":"error","message":"❌ Sync inventory error:","timestamp":"2026-06-27T19:43:04.767Z"}
{"level":"error","message":"❌ Failed to update inventory:","timestamp":"2026-06-27T19:43:04.770Z"}
{"level":"error","message":"❌ Shopify API Error:","timestamp":"2026-06-27T19:43:04.771Z"}
{"level":"error","message":"❌ Failed to update inventory:","timestamp":"2026-06-27T19:43:04.774Z"}
{"level":"error","message":"❌ Shopify API Error:","timestamp":"2026-06-27T19:43:04.774Z"}
{"level":"error","message":"❌ Failed to update inventory:","timestamp":"2026-06-27T19:43:04.776Z"}
{"level":"error","message":"❌ Shopify API Error:","timestamp":"2026-06-27T19:43:04.776Z"}
{"level":"error","message":"❌ Failed to update inventory:","timestamp":"2026-06-27T19:43:04.778Z"}
{"level":"error","message":"❌ Shopify API Error:","timestamp":"2026-06-27T19:43:04.779Z"}
{"level":"error","message":"❌ Failed to update inventory:","timestamp":"2026-06-27T19:43:04.783Z"}
{"level":"error","message":"❌ Shopify API Error:","timestamp":"2026-06-27T19:43:04.783Z"}
{"level":"error","message":"❌ Failed to update inventory:","timestamp":"2026-06-27T19:43:05.268Z"}
{"level":"error","message":"❌ Shopify API Error:","timestamp":"2026-06-27T19:43:05.269Z"}
{"level":"error","message":"❌ Sync inventory error:","timestamp":"2026-06-27T19:43:05.269Z"}
{"level":"error","message":"❌ Failed to update inventory:","timestamp":"2026-06-27T19:43:05.272Z"}
{"level":"error","message":"❌ Shopify API Error:","timestamp":"2026-06-27T19:43:05.272Z"}
{"level":"error","message":"❌ Failed to update inventory:","timestamp":"2026-06-27T19:43:05.275Z"}
{"level":"error","message":"❌ Shopify API Error:","timestamp":"2026-06-27T19:43:05.276Z"}
{"level":"error","message":"❌ Failed to update inventory:","timestamp":"2026-06-27T19:43:05.278Z"}
{"level":"error","message":"❌ Shopify API Error:","timestamp":"2026-06-27T19:43:05.279Z"}
{"level":"error","message":"❌ Failed to update inventory:","timestamp":"2026-06-27T19:43:05.281Z"}
{"level":"error","message":"❌ Shopify API Error:","timestamp":"2026-06-27T19:43:05.282Z"}
{"level":"error","message":"❌ Failed to update inventory:","timestamp":"2026-06-27T19:43:05.282Z"}
{"level":"error","message":"❌ Shopify API Error:","timestamp":"2026-06-27T19:43:05.283Z"}
{"level":"error","message":"❌ Failed to get product 10247419461915:","timestamp":"2026-06-27T19:43:05.522Z"}
{"level":"error","message":"❌ Failed to update inventory:","timestamp":"2026-06-27T19:43:06.020Z"}
{"level":"error","message":"❌ Shopify API Error:","timestamp":"2026-06-27T19:43:06.021Z"}
{"level":"error","message":"❌ Sync inventory error:","timestamp":"2026-06-27T19:43:06.021Z"}
{"level":"error","message":"❌ Failed to update inventory:","timestamp":"2026-06-27T19:43:06.031Z"}
{"level":"error","message":"❌ Shopify API Error:","timestamp":"2026-06-27T19:43:06.033Z"}
{"level":"error","message":"❌ Failed to update inventory:","timestamp":"2026-06-27T19:43:06.034Z"}
{"level":"error","message":"❌ Shopify API Error:","timestamp":"2026-06-27T19:43:06.034Z"}
{"level":"error","message":"❌ Failed to update inventory:","timestamp":"2026-06-27T19:43:06.039Z"}
{"level":"error","message":"❌ Shopify API Error:","timestamp":"2026-06-27T19:43:06.039Z"}
{"level":"error","message":"❌ Failed to update inventory:","timestamp":"2026-06-27T19:43:06.235Z"}
{"level":"error","message":"❌ Shopify API Error:","timestamp":"2026-06-27T19:43:06.235Z"}
{"level":"error","message":"❌ Failed to update inventory:","timestamp":"2026-06-27T19:43:06.273Z"}
{"level":"error","message":"❌ Shopify API Error:","timestamp":"2026-06-27T19:43:06.274Z"}
{"level":"error","message":"❌ Failed to get product 10247418904859:","timestamp":"2026-06-27T19:43:06.278Z"}
{"level":"error","message":"❌ Failed to update inventory:","timestamp":"2026-06-27T19:43:06.776Z"}
{"level":"error","message":"❌ Shopify API Error:","timestamp":"2026-06-27T19:43:06.777Z"}
{"level":"error","message":"❌ Sync inventory error:","timestamp":"2026-06-27T19:43:06.777Z"}
{"level":"error","message":"❌ Failed to update inventory:","timestamp":"2026-06-27T19:43:06.780Z"}
{"level":"error","message":"❌ Shopify API Error:","timestamp":"2026-06-27T19:43:06.780Z"}
{"level":"error","message":"❌ Failed to update inventory:","timestamp":"2026-06-27T19:43:06.785Z"}
{"level":"error","message":"❌ Shopify API Error:","timestamp":"2026-06-27T19:43:06.786Z"}
{"level":"error","message":"❌ Failed to update inventory:","timestamp":"2026-06-27T19:43:06.789Z"}
{"level":"error","message":"❌ Shopify API Error:","timestamp":"2026-06-27T19:43:06.790Z"}
{"level":"error","message":"❌ Failed to update inventory:","timestamp":"2026-06-27T19:43:06.795Z"}
{"level":"error","message":"❌ Shopify API Error:","timestamp":"2026-06-27T19:43:06.795Z"}
{"level":"error","message":"❌ Failed to update inventory:","timestamp":"2026-06-27T19:43:06.799Z"}
{"level":"error","message":"❌ Shopify API Error:","timestamp":"2026-06-27T19:43:06.799Z"}
{"level":"error","message":"❌ Failed to update inventory:","timestamp":"2026-06-27T19:43:07.277Z"}
{"level":"error","message":"❌ Shopify API Error:","timestamp":"2026-06-27T19:43:07.277Z"}
{"level":"error","message":"❌ Sync inventory error:","timestamp":"2026-06-27T19:43:07.278Z"}
{"level":"error","message":"❌ Failed to update inventory:","timestamp":"2026-06-27T19:43:07.290Z"}
{"level":"error","message":"❌ Shopify API Error:","timestamp":"2026-06-27T19:43:07.291Z"}
{"level":"error","message":"❌ Failed to update inventory:","timestamp":"2026-06-27T19:43:07.293Z"}
{"level":"error","message":"❌ Shopify API Error:","timestamp":"2026-06-27T19:43:07.293Z"}
{"level":"error","message":"❌ Failed to update inventory:","timestamp":"2026-06-27T19:43:07.295Z"}
{"level":"error","message":"❌ Shopify API Error:","timestamp":"2026-06-27T19:43:07.295Z"}
{"level":"error","message":"❌ Failed to update inventory:","timestamp":"2026-06-27T19:43:07.296Z"}
{"level":"error","message":"❌ Shopify API Error:","timestamp":"2026-06-27T19:43:07.296Z"}
{"level":"error","message":"❌ Failed to update inventory:","timestamp":"2026-06-27T19:43:07.301Z"}
{"level":"error","message":"❌ Shopify API Error:","timestamp":"2026-06-27T19:43:07.301Z"}
{"level":"error","message":"❌ Failed to update inventory:","timestamp":"2026-06-27T19:43:07.787Z"}
{"level":"error","message":"❌ Shopify API Error:","timestamp":"2026-06-27T19:43:07.787Z"}
{"level":"error","message":"❌ Sync inventory error:","timestamp":"2026-06-27T19:43:07.788Z"}
{"level":"error","message":"❌ Failed to update inventory:","timestamp":"2026-06-27T19:43:07.791Z"}
{"level":"error","message":"❌ Shopify API Error:","timestamp":"2026-06-27T19:43:07.792Z"}
{"level":"error","message":"❌ Failed to update inventory:","timestamp":"2026-06-27T19:43:07.796Z"}
{"level":"error","message":"❌ Shopify API Error:","timestamp":"2026-06-27T19:43:07.797Z"}
{"level":"error","message":"❌ Failed to update inventory:","timestamp":"2026-06-27T19:43:07.799Z"}
{"level":"error","message":"❌ Shopify API Error:","timestamp":"2026-06-27T19:43:07.799Z"}
{"level":"error","message":"❌ Failed to update inventory:","timestamp":"2026-06-27T19:43:07.825Z"}
{"level":"error","message":"❌ Shopify API Error:","timestamp":"2026-06-27T19:43:07.826Z"}
{"level":"error","message":"❌ Failed to update inventory:","timestamp":"2026-06-27T19:43:07.832Z"}
{"level":"error","message":"❌ Shopify API Error:","timestamp":"2026-06-27T19:43:07.834Z"}
{"level":"error","message":"❌ Failed to update inventory:","timestamp":"2026-06-27T19:43:08.312Z"}
{"level":"error","message":"❌ Shopify API Error:","timestamp":"2026-06-27T19:43:08.313Z"}
{"level":"error","message":"❌ Sync inventory error:","timestamp":"2026-06-27T19:43:08.313Z"}
{"level":"error","message":"❌ Failed to update inventory:","timestamp":"2026-06-27T19:43:08.317Z"}
{"level":"error","message":"❌ Shopify API Error:","timestamp":"2026-06-27T19:43:08.317Z"}
{"level":"error","message":"❌ Failed to update inventory:","timestamp":"2026-06-27T19:43:08.319Z"}
{"level":"error","message":"❌ Shopify API Error:","timestamp":"2026-06-27T19:43:08.320Z"}
{"level":"error","message":"❌ Failed to update inventory:","timestamp":"2026-06-27T19:43:08.322Z"}
{"level":"error","message":"❌ Shopify API Error:","timestamp":"2026-06-27T19:43:08.322Z"}
{"level":"error","message":"❌ Failed to update inventory:","timestamp":"2026-06-27T19:43:08.324Z"}
{"level":"error","message":"❌ Shopify API Error:","timestamp":"2026-06-27T19:43:08.324Z"}
{"level":"error","message":"❌ Failed to update inventory:","timestamp":"2026-06-27T19:43:08.334Z"}
{"level":"error","message":"❌ Shopify API Error:","timestamp":"2026-06-27T19:43:08.334Z"}
{"level":"error","message":"❌ Failed to update inventory:","timestamp":"2026-06-27T19:43:08.865Z"}
{"level":"error","message":"❌ Shopify API Error:","timestamp":"2026-06-27T19:43:08.866Z"}
{"level":"error","message":"❌ Sync inventory error:","timestamp":"2026-06-27T19:43:08.867Z"}
{"level":"error","message":"❌ Failed to update inventory:","timestamp":"2026-06-27T19:43:08.869Z"}
{"level":"error","message":"❌ Shopify API Error:","timestamp":"2026-06-27T19:43:08.870Z"}
{"level":"error","message":"❌ Failed to update inventory:","timestamp":"2026-06-27T19:43:08.872Z"}
{"level":"error","message":"❌ Shopify API Error:","timestamp":"2026-06-27T19:43:08.872Z"}
{"level":"error","message":"❌ Failed to update inventory:","timestamp":"2026-06-27T19:43:08.876Z"}
{"level":"error","message":"❌ Shopify API Error:","timestamp":"2026-06-27T19:43:08.876Z"}
{"level":"error","message":"❌ Failed to update inventory:","timestamp":"2026-06-27T19:43:08.879Z"}
{"level":"error","message":"❌ Shopify API Error:","timestamp":"2026-06-27T19:43:08.879Z"}
{"level":"error","message":"❌ Failed to update inventory:","timestamp":"2026-06-27T19:43:08.882Z"}
{"level":"error","message":"❌ Shopify API Error:","timestamp":"2026-06-27T19:43:08.882Z"}
{"level":"error","message":"❌ Failed to update inventory:","timestamp":"2026-06-27T19:43:09.353Z"}
{"level":"error","message":"❌ Shopify API Error:","timestamp":"2026-06-27T19:43:09.353Z"}
{"level":"error","message":"❌ Sync inventory error:","timestamp":"2026-06-27T19:43:09.353Z"}
{"level":"error","message":"❌ Failed to update inventory:","timestamp":"2026-06-27T19:43:09.360Z"}
{"level":"error","message":"❌ Shopify API Error:","timestamp":"2026-06-27T19:43:09.360Z"}
{"level":"error","message":"❌ Failed to update inventory:","timestamp":"2026-06-27T19:43:09.361Z"}
{"level":"error","message":"❌ Shopify API Error:","timestamp":"2026-06-27T19:43:09.361Z"}
{"level":"error","message":"❌ Failed to update inventory:","timestamp":"2026-06-27T19:43:09.366Z"}
{"level":"error","message":"❌ Shopify API Error:","timestamp":"2026-06-27T19:43:09.366Z"}
{"level":"error","message":"❌ Failed to update inventory:","timestamp":"2026-06-27T19:43:09.366Z"}
{"level":"error","message":"❌ Shopify API Error:","timestamp":"2026-06-27T19:43:09.367Z"}
{"level":"error","message":"❌ Failed to update inventory:","timestamp":"2026-06-27T19:43:09.408Z"}
{"level":"error","message":"❌ Shopify API Error:","timestamp":"2026-06-27T19:43:09.409Z"}
{"level":"error","message":"❌ Failed to update inventory:","timestamp":"2026-06-27T19:43:09.841Z"}
{"level":"error","message":"❌ Shopify API Error:","timestamp":"2026-06-27T19:43:09.841Z"}
{"level":"error","message":"❌ Sync inventory error:","timestamp":"2026-06-27T19:43:09.841Z"}
{"level":"error","message":"❌ Failed to update inventory:","timestamp":"2026-06-27T19:43:09.849Z"}
{"level":"error","message":"❌ Shopify API Error:","timestamp":"2026-06-27T19:43:09.849Z"}
{"level":"error","message":"❌ Failed to update inventory:","timestamp":"2026-06-27T19:43:09.855Z"}
{"level":"error","message":"❌ Shopify API Error:","timestamp":"2026-06-27T19:43:09.856Z"}
{"level":"error","message":"❌ Failed to update inventory:","timestamp":"2026-06-27T19:43:09.864Z"}
{"level":"error","message":"❌ Shopify API Error:","timestamp":"2026-06-27T19:43:09.865Z"}
{"level":"error","message":"❌ Failed to update inventory:","timestamp":"2026-06-27T19:43:10.007Z"}
{"level":"error","message":"❌ Shopify API Error:","timestamp":"2026-06-27T19:43:10.007Z"}
{"level":"error","message":"❌ Failed to get product 10247420182811:","timestamp":"2026-06-27T19:43:10.072Z"}
{"level":"error","message":"❌ Failed to get product 10247420215579:","timestamp":"2026-06-27T19:43:10.308Z"}
{"level":"error","message":"❌ Failed to update inventory:","timestamp":"2026-06-27T19:43:10.328Z"}
{"level":"error","message":"❌ Shopify API Error:","timestamp":"2026-06-27T19:43:10.328Z"}
{"level":"error","message":"❌ Failed to update inventory:","timestamp":"2026-06-27T19:43:10.825Z"}
{"level":"error","message":"❌ Shopify API Error:","timestamp":"2026-06-27T19:43:10.826Z"}
{"level":"error","message":"❌ Sync inventory error:","timestamp":"2026-06-27T19:43:10.826Z"}
{"level":"error","message":"❌ Failed to update inventory:","timestamp":"2026-06-27T19:43:10.829Z"}
{"level":"error","message":"❌ Shopify API Error:","timestamp":"2026-06-27T19:43:10.829Z"}
{"level":"error","message":"❌ Failed to update inventory:","timestamp":"2026-06-27T19:43:10.833Z"}
{"level":"error","message":"❌ Shopify API Error:","timestamp":"2026-06-27T19:43:10.833Z"}
{"level":"error","message":"❌ Failed to update inventory:","timestamp":"2026-06-27T19:43:10.835Z"}
{"level":"error","message":"❌ Shopify API Error:","timestamp":"2026-06-27T19:43:10.836Z"}
{"level":"error","message":"❌ Failed to update inventory:","timestamp":"2026-06-27T19:43:10.840Z"}
{"level":"error","message":"❌ Shopify API Error:","timestamp":"2026-06-27T19:43:10.840Z"}
{"level":"error","message":"❌ Failed to update inventory:","timestamp":"2026-06-27T19:43:10.853Z"}
{"level":"error","message":"❌ Shopify API Error:","timestamp":"2026-06-27T19:43:10.853Z"}
{"level":"error","message":"❌ Failed to update inventory:","timestamp":"2026-06-27T19:43:11.325Z"}
{"level":"error","message":"❌ Shopify API Error:","timestamp":"2026-06-27T19:43:11.325Z"}
{"level":"error","message":"❌ Sync inventory error:","timestamp":"2026-06-27T19:43:11.326Z"}
{"level":"error","message":"❌ Failed to update inventory:","timestamp":"2026-06-27T19:43:11.328Z"}
{"level":"error","message":"❌ Shopify API Error:","timestamp":"2026-06-27T19:43:11.329Z"}
{"level":"error","message":"❌ Failed to update inventory:","timestamp":"2026-06-27T19:43:11.331Z"}
{"level":"error","message":"❌ Shopify API Error:","timestamp":"2026-06-27T19:43:11.331Z"}
{"level":"error","message":"❌ Failed to update inventory:","timestamp":"2026-06-27T19:43:11.334Z"}
{"level":"error","message":"❌ Shopify API Error:","timestamp":"2026-06-27T19:43:11.335Z"}
{"level":"error","message":"❌ Failed to update inventory:","timestamp":"2026-06-27T19:43:11.336Z"}
{"level":"error","message":"❌ Shopify API Error:","timestamp":"2026-06-27T19:43:11.337Z"}
{"level":"error","message":"❌ Failed to update inventory:","timestamp":"2026-06-27T19:43:11.391Z"}
{"level":"error","message":"❌ Shopify API Error:","timestamp":"2026-06-27T19:43:11.391Z"}
{"level":"error","message":"❌ Failed to update inventory:","timestamp":"2026-06-27T19:43:11.845Z"}
{"level":"error","message":"❌ Shopify API Error:","timestamp":"2026-06-27T19:43:11.845Z"}
{"level":"error","message":"❌ Sync inventory error:","timestamp":"2026-06-27T19:43:11.846Z"}
{"level":"error","message":"❌ Failed to update inventory:","timestamp":"2026-06-27T19:43:11.849Z"}
{"level":"error","message":"❌ Shopify API Error:","timestamp":"2026-06-27T19:43:11.849Z"}
{"level":"error","message":"❌ Failed to update inventory:","timestamp":"2026-06-27T19:43:11.854Z"}
{"level":"error","message":"❌ Shopify API Error:","timestamp":"2026-06-27T19:43:11.854Z"}
{"level":"error","message":"❌ Failed to update inventory:","timestamp":"2026-06-27T19:43:11.857Z"}
{"level":"error","message":"❌ Shopify API Error:","timestamp":"2026-06-27T19:43:11.857Z"}
{"level":"error","message":"❌ Failed to update inventory:","timestamp":"2026-06-27T19:43:11.858Z"}
{"level":"error","message":"❌ Shopify API Error:","timestamp":"2026-06-27T19:43:11.858Z"}
{"level":"error","message":"❌ Failed to update inventory:","timestamp":"2026-06-27T19:43:11.885Z"}
{"level":"error","message":"❌ Shopify API Error:","timestamp":"2026-06-27T19:43:11.885Z"}
{"level":"error","message":"❌ Failed to update inventory:","timestamp":"2026-06-27T19:43:12.380Z"}
{"level":"error","message":"❌ Shopify API Error:","timestamp":"2026-06-27T19:43:12.380Z"}
{"level":"error","message":"❌ Sync inventory error:","timestamp":"2026-06-27T19:43:12.380Z"}
{"level":"error","message":"❌ Failed to update inventory:","timestamp":"2026-06-27T19:43:12.382Z"}
{"level":"error","message":"❌ Shopify API Error:","timestamp":"2026-06-27T19:43:12.382Z"}
{"level":"error","message":"❌ Failed to update inventory:","timestamp":"2026-06-27T19:43:12.383Z"}
{"level":"error","message":"❌ Shopify API Error:","timestamp":"2026-06-27T19:43:12.384Z"}
{"level":"error","message":"❌ Failed to update inventory:","timestamp":"2026-06-27T19:43:12.385Z"}
{"level":"error","message":"❌ Shopify API Error:","timestamp":"2026-06-27T19:43:12.385Z"}
{"level":"error","message":"❌ Failed to update inventory:","timestamp":"2026-06-27T19:43:12.386Z"}
{"level":"error","message":"❌ Shopify API Error:","timestamp":"2026-06-27T19:43:12.386Z"}
{"level":"error","message":"❌ Failed to update inventory:","timestamp":"2026-06-27T19:43:12.397Z"}
{"level":"error","message":"❌ Shopify API Error:","timestamp":"2026-06-27T19:43:12.398Z"}
{"level":"error","message":"❌ Failed to update inventory:","timestamp":"2026-06-27T19:43:12.861Z"}
{"level":"error","message":"❌ Shopify API Error:","timestamp":"2026-06-27T19:43:12.861Z"}
{"level":"error","message":"❌ Sync inventory error:","timestamp":"2026-06-27T19:43:12.862Z"}
{"level":"error","message":"❌ Failed to update inventory:","timestamp":"2026-06-27T19:43:12.865Z"}
{"level":"error","message":"❌ Shopify API Error:","timestamp":"2026-06-27T19:43:12.866Z"}
{"level":"error","message":"❌ Failed to update inventory:","timestamp":"2026-06-27T19:43:12.873Z"}
{"level":"error","message":"❌ Shopify API Error:","timestamp":"2026-06-27T19:43:12.874Z"}
{"level":"error","message":"❌ Failed to update inventory:","timestamp":"2026-06-27T19:43:12.877Z"}
{"level":"error","message":"❌ Shopify API Error:","timestamp":"2026-06-27T19:43:12.877Z"}
{"level":"error","message":"❌ Failed to update inventory:","timestamp":"2026-06-27T19:43:12.900Z"}
{"level":"error","message":"❌ Shopify API Error:","timestamp":"2026-06-27T19:43:12.900Z"}
{"level":"error","message":"❌ Failed to update inventory:","timestamp":"2026-06-27T19:43:12.921Z"}
{"level":"error","message":"❌ Shopify API Error:","timestamp":"2026-06-27T19:43:12.922Z"}
{"level":"error","message":"❌ Failed to update inventory:","timestamp":"2026-06-27T19:43:13.347Z"}
{"level":"error","message":"❌ Shopify API Error:","timestamp":"2026-06-27T19:43:13.348Z"}
{"level":"error","message":"❌ Sync inventory error:","timestamp":"2026-06-27T19:43:13.349Z"}
{"level":"error","message":"❌ Failed to update inventory:","timestamp":"2026-06-27T19:43:13.353Z"}
{"level":"error","message":"❌ Shopify API Error:","timestamp":"2026-06-27T19:43:13.353Z"}
{"level":"error","message":"❌ Failed to update inventory:","timestamp":"2026-06-27T19:43:13.356Z"}
{"level":"error","message":"❌ Shopify API Error:","timestamp":"2026-06-27T19:43:13.356Z"}
{"level":"error","message":"❌ Failed to update inventory:","timestamp":"2026-06-27T19:43:13.358Z"}
{"level":"error","message":"❌ Shopify API Error:","timestamp":"2026-06-27T19:43:13.358Z"}
{"level":"error","message":"❌ Failed to update inventory:","timestamp":"2026-06-27T19:43:13.363Z"}
{"level":"error","message":"❌ Shopify API Error:","timestamp":"2026-06-27T19:43:13.363Z"}
{"level":"error","message":"❌ Failed to update inventory:","timestamp":"2026-06-27T19:43:13.364Z"}
{"level":"error","message":"❌ Shopify API Error:","timestamp":"2026-06-27T19:43:13.364Z"}
{"level":"error","message":"❌ Failed to update inventory:","timestamp":"2026-06-27T19:43:13.893Z"}
{"level":"error","message":"❌ Shopify API Error:","timestamp":"2026-06-27T19:43:13.893Z"}
{"level":"error","message":"❌ Sync inventory error:","timestamp":"2026-06-27T19:43:13.893Z"}
{"level":"error","message":"❌ Failed to update inventory:","timestamp":"2026-06-27T19:43:13.894Z"}
{"level":"error","message":"❌ Shopify API Error:","timestamp":"2026-06-27T19:43:13.894Z"}
{"level":"error","message":"❌ Failed to update inventory:","timestamp":"2026-06-27T19:43:13.895Z"}
{"level":"error","message":"❌ Shopify API Error:","timestamp":"2026-06-27T19:43:13.895Z"}
{"level":"error","message":"❌ Failed to update inventory:","timestamp":"2026-06-27T19:43:13.896Z"}
{"level":"error","message":"❌ Shopify API Error:","timestamp":"2026-06-27T19:43:13.896Z"}
{"level":"error","message":"❌ Failed to update inventory:","timestamp":"2026-06-27T19:43:13.897Z"}
{"level":"error","message":"❌ Shopify API Error:","timestamp":"2026-06-27T19:43:13.897Z"}
{"level":"error","message":"❌ Failed to update inventory:","timestamp":"2026-06-27T19:43:13.901Z"}
{"level":"error","message":"❌ Shopify API Error:","timestamp":"2026-06-27T19:43:13.901Z"}
{"level":"error","message":"❌ Failed to update inventory:","timestamp":"2026-06-27T19:43:14.379Z"}
{"level":"error","message":"❌ Shopify API Error:","timestamp":"2026-06-27T19:43:14.380Z"}
{"level":"error","message":"❌ Sync inventory error:","timestamp":"2026-06-27T19:43:14.380Z"}
{"level":"error","message":"❌ Failed to update inventory:","timestamp":"2026-06-27T19:43:14.387Z"}
{"level":"error","message":"❌ Shopify API Error:","timestamp":"2026-06-27T19:43:14.388Z"}
{"level":"error","message":"❌ Failed to update inventory:","timestamp":"2026-06-27T19:43:14.390Z"}
{"level":"error","message":"❌ Shopify API Error:","timestamp":"2026-06-27T19:43:14.390Z"}
{"level":"error","message":"❌ Failed to update inventory:","timestamp":"2026-06-27T19:43:14.401Z"}
{"level":"error","message":"❌ Shopify API Error:","timestamp":"2026-06-27T19:43:14.402Z"}
{"level":"error","message":"❌ Failed to update inventory:","timestamp":"2026-06-27T19:43:14.407Z"}
{"level":"error","message":"❌ Shopify API Error:","timestamp":"2026-06-27T19:43:14.407Z"}
{"level":"error","message":"❌ Failed to update inventory:","timestamp":"2026-06-27T19:43:14.409Z"}
{"level":"error","message":"❌ Shopify API Error:","timestamp":"2026-06-27T19:43:14.409Z"}
{"level":"error","message":"❌ Failed to update inventory:","timestamp":"2026-06-27T19:43:14.898Z"}
{"level":"error","message":"❌ Shopify API Error:","timestamp":"2026-06-27T19:43:14.899Z"}
{"level":"error","message":"❌ Sync inventory error:","timestamp":"2026-06-27T19:43:14.899Z"}
{"level":"error","message":"❌ Failed to update inventory:","timestamp":"2026-06-27T19:43:14.903Z"}
{"level":"error","message":"❌ Shopify API Error:","timestamp":"2026-06-27T19:43:14.904Z"}
{"level":"error","message":"❌ Failed to update inventory:","timestamp":"2026-06-27T19:43:14.906Z"}
{"level":"error","message":"❌ Shopify API Error:","timestamp":"2026-06-27T19:43:14.908Z"}
{"level":"error","message":"❌ Failed to update inventory:","timestamp":"2026-06-27T19:43:14.916Z"}
{"level":"error","message":"❌ Shopify API Error:","timestamp":"2026-06-27T19:43:14.916Z"}
{"level":"error","message":"❌ Failed to update inventory:","timestamp":"2026-06-27T19:43:14.921Z"}
{"level":"error","message":"❌ Shopify API Error:","timestamp":"2026-06-27T19:43:14.921Z"}
{"level":"error","message":"❌ Failed to update inventory:","timestamp":"2026-06-27T19:43:14.930Z"}
{"level":"error","message":"❌ Shopify API Error:","timestamp":"2026-06-27T19:43:14.932Z"}
{"level":"error","message":"❌ Failed to update inventory:","timestamp":"2026-06-27T19:43:15.383Z"}
{"level":"error","message":"❌ Shopify API Error:","timestamp":"2026-06-27T19:43:15.383Z"}
{"level":"error","message":"❌ Sync inventory error:","timestamp":"2026-06-27T19:43:15.384Z"}
{"level":"error","message":"❌ Failed to update inventory:","timestamp":"2026-06-27T19:43:15.387Z"}
{"level":"error","message":"❌ Shopify API Error:","timestamp":"2026-06-27T19:43:15.387Z"}
{"level":"error","message":"❌ Failed to update inventory:","timestamp":"2026-06-27T19:43:15.391Z"}
{"level":"error","message":"❌ Shopify API Error:","timestamp":"2026-06-27T19:43:15.391Z"}
{"level":"error","message":"❌ Failed to update inventory:","timestamp":"2026-06-27T19:43:15.392Z"}
{"level":"error","message":"❌ Shopify API Error:","timestamp":"2026-06-27T19:43:15.392Z"}
{"level":"error","message":"❌ Failed to update inventory:","timestamp":"2026-06-27T19:43:15.398Z"}
{"level":"error","message":"❌ Shopify API Error:","timestamp":"2026-06-27T19:43:15.398Z"}
{"level":"error","message":"❌ Failed to update inventory:","timestamp":"2026-06-27T19:43:15.424Z"}
{"level":"error","message":"❌ Shopify API Error:","timestamp":"2026-06-27T19:43:15.425Z"}
{"level":"error","message":"❌ Failed to update inventory:","timestamp":"2026-06-27T19:45:01.029Z"}
{"level":"error","message":"❌ Shopify API Error:","timestamp":"2026-06-27T19:45:01.032Z"}
{"level":"error","message":"❌ Sync inventory error:","timestamp":"2026-06-27T19:45:01.032Z"}
{"level":"error","message":"❌ Failed to update inventory:","timestamp":"2026-06-27T19:45:01.038Z"}
{"level":"error","message":"❌ Shopify API Error:","timestamp":"2026-06-27T19:45:01.039Z"}
{"level":"error","message":"❌ Failed to update inventory:","timestamp":"2026-06-27T19:45:01.057Z"}
{"level":"error","message":"❌ Shopify API Error:","timestamp":"2026-06-27T19:45:01.057Z"}
{"level":"error","message":"❌ Failed to update inventory:","timestamp":"2026-06-27T19:45:01.074Z"}
{"level":"error","message":"❌ Shopify API Error:","timestamp":"2026-06-27T19:45:01.075Z"}
{"level":"error","message":"❌ Failed to update inventory:","timestamp":"2026-06-27T19:45:01.255Z"}
{"level":"error","message":"❌ Shopify API Error:","timestamp":"2026-06-27T19:45:01.256Z"}
{"level":"error","message":"❌ Failed to update inventory:","timestamp":"2026-06-27T19:45:01.806Z"}
{"level":"error","message":"❌ Shopify API Error:","timestamp":"2026-06-27T19:45:01.806Z"}
{"level":"error","message":"❌ Sync inventory error:","timestamp":"2026-06-27T19:45:01.807Z"}
{"level":"error","message":"❌ Failed to update inventory:","timestamp":"2026-06-27T19:45:01.815Z"}
{"level":"error","message":"❌ Shopify API Error:","timestamp":"2026-06-27T19:45:01.816Z"}
{"level":"error","message":"❌ Failed to update inventory:","timestamp":"2026-06-27T19:45:01.818Z"}
{"level":"error","message":"❌ Shopify API Error:","timestamp":"2026-06-27T19:45:01.818Z"}
{"level":"error","message":"❌ Failed to update inventory:","timestamp":"2026-06-27T19:45:02.056Z"}
{"level":"error","message":"❌ Shopify API Error:","timestamp":"2026-06-27T19:45:02.056Z"}
{"level":"error","message":"❌ Failed to update inventory:","timestamp":"2026-06-27T19:45:02.534Z"}
{"level":"error","message":"❌ Shopify API Error:","timestamp":"2026-06-27T19:45:02.534Z"}
{"level":"error","message":"❌ Sync inventory error:","timestamp":"2026-06-27T19:45:02.534Z"}
{"level":"error","message":"❌ Failed to update inventory:","timestamp":"2026-06-27T19:45:02.562Z"}
{"level":"error","message":"❌ Shopify API Error:","timestamp":"2026-06-27T19:45:02.563Z"}
{"level":"error","message":"❌ Failed to update inventory:","timestamp":"2026-06-27T19:45:02.568Z"}
{"level":"error","message":"❌ Shopify API Error:","timestamp":"2026-06-27T19:45:02.568Z"}
{"level":"error","message":"❌ Failed to update inventory:","timestamp":"2026-06-27T19:45:03.350Z"}
{"level":"error","message":"❌ Shopify API Error:","timestamp":"2026-06-27T19:45:03.350Z"}
{"level":"error","message":"❌ Sync inventory error:","timestamp":"2026-06-27T19:45:03.351Z"}
{"level":"error","message":"❌ Failed to update inventory:","timestamp":"2026-06-27T19:45:03.358Z"}
{"level":"error","message":"❌ Shopify API Error:","timestamp":"2026-06-27T19:45:03.358Z"}
{"level":"error","message":"❌ Failed to update inventory:","timestamp":"2026-06-27T19:45:04.162Z"}
{"level":"error","message":"❌ Shopify API Error:","timestamp":"2026-06-27T19:45:04.162Z"}
{"level":"error","message":"❌ Sync inventory error:","timestamp":"2026-06-27T19:45:04.163Z"}
{"level":"error","message":"❌ Failed to update inventory:","timestamp":"2026-06-27T19:45:04.187Z"}
{"level":"error","message":"❌ Shopify API Error:","timestamp":"2026-06-27T19:45:04.187Z"}
{"level":"error","message":"❌ Failed to update inventory:","timestamp":"2026-06-27T19:45:04.973Z"}
{"level":"error","message":"❌ Shopify API Error:","timestamp":"2026-06-27T19:45:04.973Z"}
{"level":"error","message":"❌ Sync inventory error:","timestamp":"2026-06-27T19:45:04.973Z"}
{"level":"error","message":"❌ Failed to update inventory:","timestamp":"2026-06-27T19:45:04.981Z"}
{"level":"error","message":"❌ Shopify API Error:","timestamp":"2026-06-27T19:45:04.982Z"}
{"level":"error","message":"❌ Failed to update inventory:","timestamp":"2026-06-27T19:45:04.983Z"}
{"level":"error","message":"❌ Shopify API Error:","timestamp":"2026-06-27T19:45:04.983Z"}
{"level":"error","message":"❌ Failed to update inventory:","timestamp":"2026-06-27T19:45:05.170Z"}
{"level":"error","message":"❌ Shopify API Error:","timestamp":"2026-06-27T19:45:05.170Z"}
{"level":"error","message":"❌ Failed to update inventory:","timestamp":"2026-06-27T19:45:05.512Z"}
{"level":"error","message":"❌ Shopify API Error:","timestamp":"2026-06-27T19:45:05.512Z"}
{"level":"error","message":"❌ Sync inventory error:","timestamp":"2026-06-27T19:45:05.512Z"}
{"level":"error","message":"❌ Failed to update inventory:","timestamp":"2026-06-27T19:45:05.550Z"}
{"level":"error","message":"❌ Shopify API Error:","timestamp":"2026-06-27T19:45:05.551Z"}
{"level":"error","message":"❌ Failed to update inventory:","timestamp":"2026-06-27T19:45:05.602Z"}
{"level":"error","message":"❌ Shopify API Error:","timestamp":"2026-06-27T19:45:05.603Z"}
{"level":"error","message":"❌ Failed to update inventory:","timestamp":"2026-06-27T19:45:05.752Z"}
{"level":"error","message":"❌ Shopify API Error:","timestamp":"2026-06-27T19:45:05.753Z"}
{"level":"error","message":"❌ Failed to update inventory:","timestamp":"2026-06-27T19:45:05.757Z"}
{"level":"error","message":"❌ Shopify API Error:","timestamp":"2026-06-27T19:45:05.758Z"}
{"level":"error","message":"❌ Failed to update inventory:","timestamp":"2026-06-27T19:45:05.775Z"}
{"level":"error","message":"❌ Shopify API Error:","timestamp":"2026-06-27T19:45:05.775Z"}
{"level":"error","message":"❌ Failed to get product 10278438764827:","timestamp":"2026-06-27T19:45:05.778Z"}
{"level":"error","message":"❌ Failed to update inventory:","timestamp":"2026-06-27T19:45:06.301Z"}
{"level":"error","message":"❌ Shopify API Error:","timestamp":"2026-06-27T19:45:06.301Z"}
{"level":"error","message":"❌ Sync inventory error:","timestamp":"2026-06-27T19:45:06.302Z"}
{"level":"error","message":"❌ Failed to update inventory:","timestamp":"2026-06-27T19:45:06.307Z"}
{"level":"error","message":"❌ Shopify API Error:","timestamp":"2026-06-27T19:45:06.307Z"}
{"level":"error","message":"❌ Failed to update inventory:","timestamp":"2026-06-27T19:45:06.310Z"}
{"level":"error","message":"❌ Shopify API Error:","timestamp":"2026-06-27T19:45:06.313Z"}
{"level":"error","message":"❌ Failed to update inventory:","timestamp":"2026-06-27T19:45:06.317Z"}
{"level":"error","message":"❌ Shopify API Error:","timestamp":"2026-06-27T19:45:06.318Z"}
{"level":"error","message":"❌ Failed to update inventory:","timestamp":"2026-06-27T19:45:06.323Z"}
{"level":"error","message":"❌ Shopify API Error:","timestamp":"2026-06-27T19:45:06.323Z"}
{"level":"error","message":"❌ Failed to update inventory:","timestamp":"2026-06-27T19:45:06.350Z"}
{"level":"error","message":"❌ Shopify API Error:","timestamp":"2026-06-27T19:45:06.350Z"}
{"level":"error","message":"❌ Failed to update inventory:","timestamp":"2026-06-27T19:45:06.403Z"}
{"level":"error","message":"❌ Shopify API Error:","timestamp":"2026-06-27T19:45:06.406Z"}
{"level":"error","message":"❌ Failed to update inventory:","timestamp":"2026-06-27T19:45:06.799Z"}
{"level":"error","message":"❌ Shopify API Error:","timestamp":"2026-06-27T19:45:06.800Z"}
{"level":"error","message":"❌ Sync inventory error:","timestamp":"2026-06-27T19:45:06.800Z"}
{"level":"error","message":"❌ Failed to update inventory:","timestamp":"2026-06-27T19:45:06.813Z"}
{"level":"error","message":"❌ Shopify API Error:","timestamp":"2026-06-27T19:45:06.813Z"}
{"level":"error","message":"❌ Failed to update inventory:","timestamp":"2026-06-27T19:45:06.815Z"}
{"level":"error","message":"❌ Shopify API Error:","timestamp":"2026-06-27T19:45:06.815Z"}
{"level":"error","message":"❌ Failed to update inventory:","timestamp":"2026-06-27T19:45:06.816Z"}
{"level":"error","message":"❌ Shopify API Error:","timestamp":"2026-06-27T19:45:06.817Z"}
{"level":"error","message":"❌ Failed to update inventory:","timestamp":"2026-06-27T19:45:06.818Z"}
{"level":"error","message":"❌ Shopify API Error:","timestamp":"2026-06-27T19:45:06.818Z"}
{"level":"error","message":"❌ Failed to update inventory:","timestamp":"2026-06-27T19:45:06.876Z"}
{"level":"error","message":"❌ Shopify API Error:","timestamp":"2026-06-27T19:45:06.876Z"}
{"level":"error","message":"❌ Failed to update inventory:","timestamp":"2026-06-27T19:45:07.276Z"}
{"level":"error","message":"❌ Shopify API Error:","timestamp":"2026-06-27T19:45:07.276Z"}
{"level":"error","message":"❌ Sync inventory error:","timestamp":"2026-06-27T19:45:07.277Z"}
{"level":"error","message":"❌ Failed to update inventory:","timestamp":"2026-06-27T19:45:07.454Z"}
{"level":"error","message":"❌ Shopify API Error:","timestamp":"2026-06-27T19:45:07.454Z"}
{"level":"error","message":"❌ Failed to update inventory:","timestamp":"2026-06-27T19:45:07.751Z"}
{"level":"error","message":"❌ Shopify API Error:","timestamp":"2026-06-27T19:45:07.751Z"}
{"level":"error","message":"❌ Sync inventory error:","timestamp":"2026-06-27T19:45:07.751Z"}
{"level":"error","message":"❌ Failed to update inventory:","timestamp":"2026-06-27T19:45:07.753Z"}
{"level":"error","message":"❌ Shopify API Error:","timestamp":"2026-06-27T19:45:07.753Z"}
{"level":"error","message":"❌ Failed to update inventory:","timestamp":"2026-06-27T19:45:07.756Z"}
{"level":"error","message":"❌ Shopify API Error:","timestamp":"2026-06-27T19:45:07.757Z"}
{"level":"error","message":"❌ Failed to update inventory:","timestamp":"2026-06-27T19:45:07.826Z"}
{"level":"error","message":"❌ Shopify API Error:","timestamp":"2026-06-27T19:45:07.826Z"}
{"level":"error","message":"❌ Failed to update inventory:","timestamp":"2026-06-27T19:45:08.258Z"}
{"level":"error","message":"❌ Shopify API Error:","timestamp":"2026-06-27T19:45:08.258Z"}
{"level":"error","message":"❌ Sync inventory error:","timestamp":"2026-06-27T19:45:08.259Z"}
{"level":"error","message":"❌ Failed to update inventory:","timestamp":"2026-06-27T19:45:08.378Z"}
{"level":"error","message":"❌ Shopify API Error:","timestamp":"2026-06-27T19:45:08.378Z"}
{"level":"error","message":"❌ Failed to update inventory:","timestamp":"2026-06-27T19:45:08.751Z"}
{"level":"error","message":"❌ Shopify API Error:","timestamp":"2026-06-27T19:45:08.754Z"}
{"level":"error","message":"❌ Sync inventory error:","timestamp":"2026-06-27T19:45:08.754Z"}
{"level":"error","message":"❌ Failed to update inventory:","timestamp":"2026-06-27T19:45:08.756Z"}
{"level":"error","message":"❌ Shopify API Error:","timestamp":"2026-06-27T19:45:08.756Z"}
{"level":"error","message":"❌ Failed to update inventory:","timestamp":"2026-06-27T19:45:08.816Z"}
{"level":"error","message":"❌ Shopify API Error:","timestamp":"2026-06-27T19:45:08.816Z"}
{"level":"error","message":"❌ Failed to update inventory:","timestamp":"2026-06-27T19:45:09.273Z"}
{"level":"error","message":"❌ Shopify API Error:","timestamp":"2026-06-27T19:45:09.273Z"}
{"level":"error","message":"❌ Sync inventory error:","timestamp":"2026-06-27T19:45:09.273Z"}
{"level":"error","message":"❌ Failed to update inventory:","timestamp":"2026-06-27T19:45:09.286Z"}
{"level":"error","message":"❌ Shopify API Error:","timestamp":"2026-06-27T19:45:09.287Z"}
{"level":"error","message":"❌ Failed to update inventory:","timestamp":"2026-06-27T19:45:09.303Z"}
{"level":"error","message":"❌ Shopify API Error:","timestamp":"2026-06-27T19:45:09.303Z"}
{"level":"error","message":"❌ Failed to update inventory:","timestamp":"2026-06-27T19:45:09.353Z"}
{"level":"error","message":"❌ Shopify API Error:","timestamp":"2026-06-27T19:45:09.354Z"}
{"level":"error","message":"❌ Failed to update inventory:","timestamp":"2026-06-27T19:45:09.790Z"}
{"level":"error","message":"❌ Shopify API Error:","timestamp":"2026-06-27T19:45:09.791Z"}
{"level":"error","message":"❌ Sync inventory error:","timestamp":"2026-06-27T19:45:09.791Z"}
{"level":"error","message":"❌ Failed to update inventory:","timestamp":"2026-06-27T19:45:09.793Z"}
{"level":"error","message":"❌ Shopify API Error:","timestamp":"2026-06-27T19:45:09.794Z"}
{"level":"error","message":"❌ Failed to update inventory:","timestamp":"2026-06-27T19:45:09.795Z"}
{"level":"error","message":"❌ Shopify API Error:","timestamp":"2026-06-27T19:45:09.800Z"}
{"level":"error","message":"❌ Failed to update inventory:","timestamp":"2026-06-27T19:45:09.802Z"}
{"level":"error","message":"❌ Shopify API Error:","timestamp":"2026-06-27T19:45:09.803Z"}
{"level":"error","message":"❌ Failed to update inventory:","timestamp":"2026-06-27T19:45:09.808Z"}
{"level":"error","message":"❌ Shopify API Error:","timestamp":"2026-06-27T19:45:09.809Z"}
{"level":"error","message":"❌ Failed to update inventory:","timestamp":"2026-06-27T19:45:09.841Z"}
{"level":"error","message":"❌ Shopify API Error:","timestamp":"2026-06-27T19:45:09.842Z"}
{"level":"error","message":"❌ Failed to update inventory:","timestamp":"2026-06-27T19:45:10.301Z"}
{"level":"error","message":"❌ Shopify API Error:","timestamp":"2026-06-27T19:45:10.301Z"}
{"level":"error","message":"❌ Sync inventory error:","timestamp":"2026-06-27T19:45:10.301Z"}
{"level":"error","message":"❌ Failed to update inventory:","timestamp":"2026-06-27T19:45:10.303Z"}
{"level":"error","message":"❌ Shopify API Error:","timestamp":"2026-06-27T19:45:10.303Z"}
{"level":"error","message":"❌ Failed to update inventory:","timestamp":"2026-06-27T19:45:10.324Z"}
{"level":"error","message":"❌ Shopify API Error:","timestamp":"2026-06-27T19:45:10.324Z"}
{"level":"error","message":"❌ Failed to update inventory:","timestamp":"2026-06-27T19:45:10.351Z"}
{"level":"error","message":"❌ Shopify API Error:","timestamp":"2026-06-27T19:45:10.351Z"}
{"level":"error","message":"❌ Failed to update inventory:","timestamp":"2026-06-27T19:45:10.352Z"}
{"level":"error","message":"❌ Shopify API Error:","timestamp":"2026-06-27T19:45:10.352Z"}
{"level":"error","message":"❌ Failed to update inventory:","timestamp":"2026-06-27T19:45:10.785Z"}
{"level":"error","message":"❌ Shopify API Error:","timestamp":"2026-06-27T19:45:10.785Z"}
{"level":"error","message":"❌ Sync inventory error:","timestamp":"2026-06-27T19:45:10.786Z"}
{"level":"error","message":"❌ Failed to update inventory:","timestamp":"2026-06-27T19:45:10.789Z"}
{"level":"error","message":"❌ Shopify API Error:","timestamp":"2026-06-27T19:45:10.789Z"}
{"level":"error","message":"❌ Failed to update inventory:","timestamp":"2026-06-27T19:45:10.799Z"}
{"level":"error","message":"❌ Shopify API Error:","timestamp":"2026-06-27T19:45:10.802Z"}
{"level":"error","message":"❌ Failed to update inventory:","timestamp":"2026-06-27T19:45:10.804Z"}
{"level":"error","message":"❌ Shopify API Error:","timestamp":"2026-06-27T19:45:10.804Z"}
{"level":"error","message":"❌ Failed to update inventory:","timestamp":"2026-06-27T19:45:10.818Z"}
{"level":"error","message":"❌ Shopify API Error:","timestamp":"2026-06-27T19:45:10.819Z"}
{"level":"error","message":"❌ Failed to update inventory:","timestamp":"2026-06-27T19:45:10.842Z"}
{"level":"error","message":"❌ Shopify API Error:","timestamp":"2026-06-27T19:45:10.842Z"}
{"level":"error","message":"❌ Failed to update inventory:","timestamp":"2026-06-27T19:45:11.274Z"}
{"level":"error","message":"❌ Shopify API Error:","timestamp":"2026-06-27T19:45:11.274Z"}
{"level":"error","message":"❌ Sync inventory error:","timestamp":"2026-06-27T19:45:11.274Z"}
{"level":"error","message":"❌ Failed to update inventory:","timestamp":"2026-06-27T19:45:11.282Z"}
{"level":"error","message":"❌ Shopify API Error:","timestamp":"2026-06-27T19:45:11.282Z"}
{"level":"error","message":"❌ Failed to update inventory:","timestamp":"2026-06-27T19:45:11.284Z"}
{"level":"error","message":"❌ Shopify API Error:","timestamp":"2026-06-27T19:45:11.291Z"}
{"level":"error","message":"❌ Failed to update inventory:","timestamp":"2026-06-27T19:45:11.315Z"}
{"level":"error","message":"❌ Shopify API Error:","timestamp":"2026-06-27T19:45:11.315Z"}
{"level":"error","message":"❌ Failed to update inventory:","timestamp":"2026-06-27T19:45:11.316Z"}
{"level":"error","message":"❌ Shopify API Error:","timestamp":"2026-06-27T19:45:11.317Z"}
{"level":"error","message":"❌ Failed to update inventory:","timestamp":"2026-06-27T19:45:11.336Z"}
{"level":"error","message":"❌ Shopify API Error:","timestamp":"2026-06-27T19:45:11.336Z"}
{"level":"error","message":"❌ Failed to update inventory:","timestamp":"2026-06-27T19:45:11.781Z"}
{"level":"error","message":"❌ Shopify API Error:","timestamp":"2026-06-27T19:45:11.781Z"}
{"level":"error","message":"❌ Sync inventory error:","timestamp":"2026-06-27T19:45:11.781Z"}
{"level":"error","message":"❌ Failed to update inventory:","timestamp":"2026-06-27T19:45:11.783Z"}
{"level":"error","message":"❌ Shopify API Error:","timestamp":"2026-06-27T19:45:11.784Z"}
{"level":"error","message":"❌ Failed to update inventory:","timestamp":"2026-06-27T19:45:11.791Z"}
{"level":"error","message":"❌ Shopify API Error:","timestamp":"2026-06-27T19:45:11.791Z"}
{"level":"error","message":"❌ Failed to update inventory:","timestamp":"2026-06-27T19:45:11.792Z"}
{"level":"error","message":"❌ Shopify API Error:","timestamp":"2026-06-27T19:45:11.792Z"}
{"level":"error","message":"❌ Failed to update inventory:","timestamp":"2026-06-27T19:45:11.795Z"}
{"level":"error","message":"❌ Shopify API Error:","timestamp":"2026-06-27T19:45:11.796Z"}
{"level":"error","message":"❌ Failed to update inventory:","timestamp":"2026-06-27T19:45:11.877Z"}
{"level":"error","message":"❌ Shopify API Error:","timestamp":"2026-06-27T19:45:11.877Z"}
{"level":"error","message":"❌ Failed to update inventory:","timestamp":"2026-06-27T19:45:12.264Z"}
{"level":"error","message":"❌ Shopify API Error:","timestamp":"2026-06-27T19:45:12.265Z"}
{"level":"error","message":"❌ Sync inventory error:","timestamp":"2026-06-27T19:45:12.265Z"}
{"level":"error","message":"❌ Failed to update inventory:","timestamp":"2026-06-27T19:45:12.274Z"}
{"level":"error","message":"❌ Shopify API Error:","timestamp":"2026-06-27T19:45:12.275Z"}
{"level":"error","message":"❌ Failed to update inventory:","timestamp":"2026-06-27T19:45:12.276Z"}
{"level":"error","message":"❌ Shopify API Error:","timestamp":"2026-06-27T19:45:12.277Z"}
{"level":"error","message":"❌ Failed to update inventory:","timestamp":"2026-06-27T19:45:12.278Z"}
{"level":"error","message":"❌ Shopify API Error:","timestamp":"2026-06-27T19:45:12.279Z"}
{"level":"error","message":"❌ Failed to update inventory:","timestamp":"2026-06-27T19:45:12.289Z"}
{"level":"error","message":"❌ Shopify API Error:","timestamp":"2026-06-27T19:45:12.290Z"}
{"level":"error","message":"❌ Failed to update inventory:","timestamp":"2026-06-27T19:45:12.332Z"}
{"level":"error","message":"❌ Shopify API Error:","timestamp":"2026-06-27T19:45:12.333Z"}
{"level":"error","message":"❌ Failed to update inventory:","timestamp":"2026-06-27T19:45:12.739Z"}
{"level":"error","message":"❌ Shopify API Error:","timestamp":"2026-06-27T19:45:12.739Z"}
{"level":"error","message":"❌ Sync inventory error:","timestamp":"2026-06-27T19:45:12.739Z"}
{"level":"error","message":"❌ Failed to update inventory:","timestamp":"2026-06-27T19:45:12.753Z"}
{"level":"error","message":"❌ Shopify API Error:","timestamp":"2026-06-27T19:45:12.754Z"}
{"level":"error","message":"❌ Failed to update inventory:","timestamp":"2026-06-27T19:45:12.764Z"}
{"level":"error","message":"❌ Shopify API Error:","timestamp":"2026-06-27T19:45:12.764Z"}
{"level":"error","message":"❌ Failed to update inventory:","timestamp":"2026-06-27T19:45:12.770Z"}
{"level":"error","message":"❌ Shopify API Error:","timestamp":"2026-06-27T19:45:12.771Z"}
{"level":"error","message":"❌ Failed to update inventory:","timestamp":"2026-06-27T19:45:12.772Z"}
{"level":"error","message":"❌ Shopify API Error:","timestamp":"2026-06-27T19:45:12.773Z"}
{"level":"error","message":"❌ Failed to update inventory:","timestamp":"2026-06-27T19:45:12.797Z"}
{"level":"error","message":"❌ Shopify API Error:","timestamp":"2026-06-27T19:45:12.797Z"}
{"level":"error","message":"❌ Failed to update inventory:","timestamp":"2026-06-27T19:45:13.214Z"}
{"level":"error","message":"❌ Shopify API Error:","timestamp":"2026-06-27T19:45:13.214Z"}
{"level":"error","message":"❌ Sync inventory error:","timestamp":"2026-06-27T19:45:13.214Z"}
{"level":"error","message":"❌ Failed to update inventory:","timestamp":"2026-06-27T19:45:13.222Z"}
{"level":"error","message":"❌ Shopify API Error:","timestamp":"2026-06-27T19:45:13.223Z"}
{"level":"error","message":"❌ Failed to update inventory:","timestamp":"2026-06-27T19:45:13.225Z"}
{"level":"error","message":"❌ Shopify API Error:","timestamp":"2026-06-27T19:45:13.226Z"}
{"level":"error","message":"❌ Failed to update inventory:","timestamp":"2026-06-27T19:45:13.229Z"}
{"level":"error","message":"❌ Shopify API Error:","timestamp":"2026-06-27T19:45:13.229Z"}
{"level":"error","message":"❌ Failed to update inventory:","timestamp":"2026-06-27T19:45:13.234Z"}
{"level":"error","message":"❌ Shopify API Error:","timestamp":"2026-06-27T19:45:13.237Z"}
{"level":"error","message":"❌ Failed to update inventory:","timestamp":"2026-06-27T19:45:13.282Z"}
{"level":"error","message":"❌ Shopify API Error:","timestamp":"2026-06-27T19:45:13.283Z"}
{"level":"error","message":"❌ Failed to get product 10281715138843:","timestamp":"2026-06-27T19:45:13.478Z"}
{"level":"error","message":"❌ Failed to update inventory:","timestamp":"2026-06-27T19:45:13.952Z"}
{"level":"error","message":"❌ Shopify API Error:","timestamp":"2026-06-27T19:45:13.953Z"}
{"level":"error","message":"❌ Sync inventory error:","timestamp":"2026-06-27T19:45:13.953Z"}
{"level":"error","message":"❌ Failed to update inventory:","timestamp":"2026-06-27T19:45:13.957Z"}
{"level":"error","message":"❌ Shopify API Error:","timestamp":"2026-06-27T19:45:13.957Z"}
{"level":"error","message":"❌ Failed to update inventory:","timestamp":"2026-06-27T19:45:13.976Z"}
{"level":"error","message":"❌ Shopify API Error:","timestamp":"2026-06-27T19:45:13.978Z"}
{"level":"error","message":"❌ Failed to update inventory:","timestamp":"2026-06-27T19:45:13.979Z"}
{"level":"error","message":"❌ Shopify API Error:","timestamp":"2026-06-27T19:45:13.980Z"}
{"level":"error","message":"❌ Failed to update inventory:","timestamp":"2026-06-27T19:45:14.029Z"}
{"level":"error","message":"❌ Shopify API Error:","timestamp":"2026-06-27T19:45:14.029Z"}
{"level":"error","message":"❌ Failed to get product 10281716678939:","timestamp":"2026-06-27T19:45:14.185Z"}
{"level":"error","message":"❌ Failed to update inventory:","timestamp":"2026-06-27T19:45:14.294Z"}
{"level":"error","message":"❌ Shopify API Error:","timestamp":"2026-06-27T19:45:14.295Z"}
{"level":"error","message":"❌ Failed to get product 10281715794203:","timestamp":"2026-06-27T19:45:14.421Z"}
{"level":"error","message":"❌ Failed to update inventory:","timestamp":"2026-06-27T19:45:14.888Z"}
{"level":"error","message":"❌ Shopify API Error:","timestamp":"2026-06-27T19:45:14.888Z"}
{"level":"error","message":"❌ Sync inventory error:","timestamp":"2026-06-27T19:45:14.889Z"}
{"level":"error","message":"❌ Failed to update inventory:","timestamp":"2026-06-27T19:45:14.896Z"}
{"level":"error","message":"❌ Shopify API Error:","timestamp":"2026-06-27T19:45:14.896Z"}
{"level":"error","message":"❌ Failed to update inventory:","timestamp":"2026-06-27T19:45:14.899Z"}
{"level":"error","message":"❌ Shopify API Error:","timestamp":"2026-06-27T19:45:14.900Z"}
{"level":"error","message":"❌ Failed to update inventory:","timestamp":"2026-06-27T19:45:14.905Z"}
{"level":"error","message":"❌ Shopify API Error:","timestamp":"2026-06-27T19:45:14.905Z"}
{"level":"error","message":"❌ Failed to update inventory:","timestamp":"2026-06-27T19:45:14.970Z"}
{"level":"error","message":"❌ Shopify API Error:","timestamp":"2026-06-27T19:45:14.974Z"}
{"level":"error","message":"❌ Failed to get product 10278835781915:","timestamp":"2026-06-27T19:45:15.113Z"}
{"level":"error","message":"❌ Failed to get product 10285244842267:","timestamp":"2026-06-27T19:45:15.352Z"}
{"level":"error","message":"❌ Failed to update inventory:","timestamp":"2026-06-27T19:45:15.524Z"}
{"level":"error","message":"❌ Shopify API Error:","timestamp":"2026-06-27T19:45:15.524Z"}
{"level":"error","message":"❌ Failed to get product 10285236715803:","timestamp":"2026-06-27T19:45:15.795Z"}
{"level":"error","message":"❌ Failed to update inventory:","timestamp":"2026-06-27T19:45:16.280Z"}
{"level":"error","message":"❌ Shopify API Error:","timestamp":"2026-06-27T19:45:16.281Z"}
{"level":"error","message":"❌ Sync inventory error:","timestamp":"2026-06-27T19:45:16.282Z"}
{"level":"error","message":"❌ Failed to update inventory:","timestamp":"2026-06-27T19:45:16.286Z"}
{"level":"error","message":"❌ Shopify API Error:","timestamp":"2026-06-27T19:45:16.287Z"}
{"level":"error","message":"❌ Failed to update inventory:","timestamp":"2026-06-27T19:45:16.314Z"}
{"level":"error","message":"❌ Shopify API Error:","timestamp":"2026-06-27T19:45:16.321Z"}
{"level":"error","message":"❌ Failed to update inventory:","timestamp":"2026-06-27T19:45:16.323Z"}
{"level":"error","message":"❌ Shopify API Error:","timestamp":"2026-06-27T19:45:16.324Z"}
{"level":"error","message":"❌ Failed to update inventory:","timestamp":"2026-06-27T19:45:16.325Z"}
{"level":"error","message":"❌ Shopify API Error:","timestamp":"2026-06-27T19:45:16.330Z"}
{"level":"error","message":"❌ Failed to update inventory:","timestamp":"2026-06-27T19:45:16.803Z"}
{"level":"error","message":"❌ Shopify API Error:","timestamp":"2026-06-27T19:45:16.804Z"}
{"level":"error","message":"❌ Sync inventory error:","timestamp":"2026-06-27T19:45:16.804Z"}
{"level":"error","message":"❌ Failed to update inventory:","timestamp":"2026-06-27T19:45:16.806Z"}
{"level":"error","message":"❌ Shopify API Error:","timestamp":"2026-06-27T19:45:16.806Z"}
{"level":"error","message":"❌ Failed to update inventory:","timestamp":"2026-06-27T19:45:16.809Z"}
{"level":"error","message":"❌ Shopify API Error:","timestamp":"2026-06-27T19:45:16.810Z"}
{"level":"error","message":"❌ Failed to update inventory:","timestamp":"2026-06-27T19:45:16.812Z"}
{"level":"error","message":"❌ Shopify API Error:","timestamp":"2026-06-27T19:45:16.812Z"}
{"level":"error","message":"❌ Failed to update inventory:","timestamp":"2026-06-27T19:45:16.818Z"}
{"level":"error","message":"❌ Shopify API Error:","timestamp":"2026-06-27T19:45:16.820Z"}
{"level":"error","message":"❌ Failed to update inventory:","timestamp":"2026-06-27T19:45:17.287Z"}
{"level":"error","message":"❌ Shopify API Error:","timestamp":"2026-06-27T19:45:17.289Z"}
{"level":"error","message":"❌ Sync inventory error:","timestamp":"2026-06-27T19:45:17.289Z"}
{"level":"error","message":"❌ Failed to update inventory:","timestamp":"2026-06-27T19:45:17.305Z"}
{"level":"error","message":"❌ Shopify API Error:","timestamp":"2026-06-27T19:45:17.305Z"}
{"level":"error","message":"❌ Failed to update inventory:","timestamp":"2026-06-27T19:45:17.307Z"}
{"level":"error","message":"❌ Shopify API Error:","timestamp":"2026-06-27T19:45:17.313Z"}
{"level":"error","message":"❌ Failed to update inventory:","timestamp":"2026-06-27T19:45:17.322Z"}
{"level":"error","message":"❌ Shopify API Error:","timestamp":"2026-06-27T19:45:17.322Z"}
{"level":"error","message":"❌ Failed to get product 10279462207771:","timestamp":"2026-06-27T19:45:17.574Z"}
{"level":"error","message":"❌ Failed to update inventory:","timestamp":"2026-06-27T19:45:17.761Z"}
{"level":"error","message":"❌ Shopify API Error:","timestamp":"2026-06-27T19:45:17.782Z"}
{"level":"error","message":"❌ Failed to get product 10279446708507:","timestamp":"2026-06-27T19:45:17.808Z"}
{"level":"error","message":"❌ Failed to update inventory:","timestamp":"2026-06-27T19:45:18.280Z"}
{"level":"error","message":"❌ Shopify API Error:","timestamp":"2026-06-27T19:45:18.281Z"}
{"level":"error","message":"❌ Sync inventory error:","timestamp":"2026-06-27T19:45:18.281Z"}
{"level":"error","message":"❌ Failed to update inventory:","timestamp":"2026-06-27T19:45:18.289Z"}
{"level":"error","message":"❌ Shopify API Error:","timestamp":"2026-06-27T19:45:18.289Z"}
{"level":"error","message":"❌ Failed to update inventory:","timestamp":"2026-06-27T19:45:18.294Z"}
{"level":"error","message":"❌ Shopify API Error:","timestamp":"2026-06-27T19:45:18.294Z"}
{"level":"error","message":"❌ Failed to update inventory:","timestamp":"2026-06-27T19:45:18.314Z"}
{"level":"error","message":"❌ Shopify API Error:","timestamp":"2026-06-27T19:45:18.315Z"}
{"level":"error","message":"❌ Failed to update inventory:","timestamp":"2026-06-27T19:45:18.332Z"}
{"level":"error","message":"❌ Shopify API Error:","timestamp":"2026-06-27T19:45:18.333Z"}
{"level":"error","message":"❌ Failed to update inventory:","timestamp":"2026-06-27T19:45:18.754Z"}
{"level":"error","message":"❌ Shopify API Error:","timestamp":"2026-06-27T19:45:18.754Z"}
{"level":"error","message":"❌ Sync inventory error:","timestamp":"2026-06-27T19:45:18.755Z"}
{"level":"error","message":"❌ Failed to update inventory:","timestamp":"2026-06-27T19:45:18.761Z"}
{"level":"error","message":"❌ Shopify API Error:","timestamp":"2026-06-27T19:45:18.762Z"}
{"level":"error","message":"❌ Failed to update inventory:","timestamp":"2026-06-27T19:45:18.763Z"}
{"level":"error","message":"❌ Shopify API Error:","timestamp":"2026-06-27T19:45:18.763Z"}
{"level":"error","message":"❌ Failed to update inventory:","timestamp":"2026-06-27T19:45:18.765Z"}
{"level":"error","message":"❌ Shopify API Error:","timestamp":"2026-06-27T19:45:18.766Z"}
{"level":"error","message":"❌ Failed to update inventory:","timestamp":"2026-06-27T19:45:18.772Z"}
{"level":"error","message":"❌ Shopify API Error:","timestamp":"2026-06-27T19:45:18.773Z"}
{"level":"error","message":"❌ Failed to update inventory:","timestamp":"2026-06-27T19:45:19.230Z"}
{"level":"error","message":"❌ Shopify API Error:","timestamp":"2026-06-27T19:45:19.230Z"}
{"level":"error","message":"❌ Sync inventory error:","timestamp":"2026-06-27T19:45:19.230Z"}
{"level":"error","message":"❌ Failed to update inventory:","timestamp":"2026-06-27T19:45:19.232Z"}
{"level":"error","message":"❌ Shopify API Error:","timestamp":"2026-06-27T19:45:19.232Z"}
{"level":"error","message":"❌ Failed to update inventory:","timestamp":"2026-06-27T19:45:19.234Z"}
{"level":"error","message":"❌ Shopify API Error:","timestamp":"2026-06-27T19:45:19.234Z"}
{"level":"error","message":"❌ Failed to update inventory:","timestamp":"2026-06-27T19:45:19.241Z"}
{"level":"error","message":"❌ Shopify API Error:","timestamp":"2026-06-27T19:45:19.241Z"}
{"level":"error","message":"❌ Failed to get product 10284332220699:","timestamp":"2026-06-27T19:45:19.479Z"}
{"level":"error","message":"❌ Failed to update inventory:","timestamp":"2026-06-27T19:45:19.563Z"}
{"level":"error","message":"❌ Shopify API Error:","timestamp":"2026-06-27T19:45:19.563Z"}
{"level":"error","message":"❌ Failed to update inventory:","timestamp":"2026-06-27T19:45:19.957Z"}
{"level":"error","message":"❌ Shopify API Error:","timestamp":"2026-06-27T19:45:19.958Z"}
{"level":"error","message":"❌ Sync inventory error:","timestamp":"2026-06-27T19:45:19.958Z"}
{"level":"error","message":"❌ Failed to update inventory:","timestamp":"2026-06-27T19:45:19.966Z"}
{"level":"error","message":"❌ Shopify API Error:","timestamp":"2026-06-27T19:45:19.966Z"}
{"level":"error","message":"❌ Failed to update inventory:","timestamp":"2026-06-27T19:45:19.974Z"}
{"level":"error","message":"❌ Shopify API Error:","timestamp":"2026-06-27T19:45:19.974Z"}
{"level":"error","message":"❌ Failed to update inventory:","timestamp":"2026-06-27T19:45:19.982Z"}
{"level":"error","message":"❌ Shopify API Error:","timestamp":"2026-06-27T19:45:19.982Z"}
{"level":"error","message":"❌ Failed to get product 10284324552987:","timestamp":"2026-06-27T19:45:20.204Z"}
{"level":"error","message":"❌ Failed to update inventory:","timestamp":"2026-06-27T19:45:20.250Z"}
{"level":"error","message":"❌ Shopify API Error:","timestamp":"2026-06-27T19:45:20.251Z"}
{"level":"error","message":"❌ Failed to get product 10247421002011:","timestamp":"2026-06-27T19:45:20.447Z"}
{"level":"error","message":"❌ Failed to update inventory:","timestamp":"2026-06-27T19:45:20.948Z"}
{"level":"error","message":"❌ Shopify API Error:","timestamp":"2026-06-27T19:45:20.948Z"}
{"level":"error","message":"❌ Sync inventory error:","timestamp":"2026-06-27T19:45:20.949Z"}
{"level":"error","message":"❌ Failed to update inventory:","timestamp":"2026-06-27T19:45:20.950Z"}
{"level":"error","message":"❌ Shopify API Error:","timestamp":"2026-06-27T19:45:20.950Z"}
{"level":"error","message":"❌ Failed to update inventory:","timestamp":"2026-06-27T19:45:20.952Z"}
{"level":"error","message":"❌ Shopify API Error:","timestamp":"2026-06-27T19:45:20.953Z"}
{"level":"error","message":"❌ Failed to update inventory:","timestamp":"2026-06-27T19:45:21.441Z"}
{"level":"error","message":"❌ Shopify API Error:","timestamp":"2026-06-27T19:45:21.441Z"}
{"level":"error","message":"❌ Sync inventory error:","timestamp":"2026-06-27T19:45:21.441Z"}
{"level":"error","message":"❌ Failed to update inventory:","timestamp":"2026-06-27T19:45:21.444Z"}
{"level":"error","message":"❌ Shopify API Error:","timestamp":"2026-06-27T19:45:21.444Z"}
{"level":"error","message":"❌ Failed to update inventory:","timestamp":"2026-06-27T19:45:21.445Z"}
{"level":"error","message":"❌ Shopify API Error:","timestamp":"2026-06-27T19:45:21.445Z"}
{"level":"error","message":"❌ Failed to update inventory:","timestamp":"2026-06-27T19:45:21.446Z"}
{"level":"error","message":"❌ Shopify API Error:","timestamp":"2026-06-27T19:45:21.446Z"}
{"level":"error","message":"❌ Failed to update inventory:","timestamp":"2026-06-27T19:45:21.451Z"}
{"level":"error","message":"❌ Shopify API Error:","timestamp":"2026-06-27T19:45:21.451Z"}
{"level":"error","message":"❌ Failed to update inventory:","timestamp":"2026-06-27T19:45:21.917Z"}
{"level":"error","message":"❌ Shopify API Error:","timestamp":"2026-06-27T19:45:21.917Z"}
{"level":"error","message":"❌ Sync inventory error:","timestamp":"2026-06-27T19:45:21.917Z"}
{"level":"error","message":"❌ Failed to update inventory:","timestamp":"2026-06-27T19:45:21.931Z"}
{"level":"error","message":"❌ Shopify API Error:","timestamp":"2026-06-27T19:45:21.932Z"}
{"level":"error","message":"❌ Failed to update inventory:","timestamp":"2026-06-27T19:45:21.933Z"}
{"level":"error","message":"❌ Shopify API Error:","timestamp":"2026-06-27T19:45:21.934Z"}
{"level":"error","message":"❌ Failed to update inventory:","timestamp":"2026-06-27T19:45:21.941Z"}
{"level":"error","message":"❌ Shopify API Error:","timestamp":"2026-06-27T19:45:21.941Z"}
{"level":"error","message":"❌ Failed to update inventory:","timestamp":"2026-06-27T19:45:22.395Z"}
{"level":"error","message":"❌ Shopify API Error:","timestamp":"2026-06-27T19:45:22.395Z"}
{"level":"error","message":"❌ Sync inventory error:","timestamp":"2026-06-27T19:45:22.396Z"}
{"level":"error","message":"❌ Failed to update inventory:","timestamp":"2026-06-27T19:45:22.409Z"}
{"level":"error","message":"❌ Shopify API Error:","timestamp":"2026-06-27T19:45:22.409Z"}
{"level":"error","message":"❌ Failed to update inventory:","timestamp":"2026-06-27T19:45:22.412Z"}
{"level":"error","message":"❌ Shopify API Error:","timestamp":"2026-06-27T19:45:22.413Z"}
{"level":"error","message":"❌ Failed to update inventory:","timestamp":"2026-06-27T19:45:22.869Z"}
{"level":"error","message":"❌ Shopify API Error:","timestamp":"2026-06-27T19:45:22.869Z"}
{"level":"error","message":"❌ Sync inventory error:","timestamp":"2026-06-27T19:45:22.869Z"}
{"level":"error","message":"❌ Failed to update inventory:","timestamp":"2026-06-27T19:45:22.872Z"}
{"level":"error","message":"❌ Shopify API Error:","timestamp":"2026-06-27T19:45:22.872Z"}
{"level":"error","message":"❌ Failed to update inventory:","timestamp":"2026-06-27T19:45:22.884Z"}
{"level":"error","message":"❌ Shopify API Error:","timestamp":"2026-06-27T19:45:22.884Z"}
{"level":"error","message":"❌ Failed to update inventory:","timestamp":"2026-06-27T19:45:22.914Z"}
{"level":"error","message":"❌ Shopify API Error:","timestamp":"2026-06-27T19:45:22.914Z"}
{"level":"error","message":"❌ Failed to update inventory:","timestamp":"2026-06-27T19:45:23.367Z"}
{"level":"error","message":"❌ Shopify API Error:","timestamp":"2026-06-27T19:45:23.367Z"}
{"level":"error","message":"❌ Sync inventory error:","timestamp":"2026-06-27T19:45:23.367Z"}
{"level":"error","message":"❌ Failed to update inventory:","timestamp":"2026-06-27T19:45:23.369Z"}
{"level":"error","message":"❌ Shopify API Error:","timestamp":"2026-06-27T19:45:23.370Z"}
{"level":"error","message":"❌ Failed to update inventory:","timestamp":"2026-06-27T19:45:23.370Z"}
{"level":"error","message":"❌ Shopify API Error:","timestamp":"2026-06-27T19:45:23.371Z"}
{"level":"error","message":"❌ Failed to update inventory:","timestamp":"2026-06-27T19:45:23.372Z"}
{"level":"error","message":"❌ Shopify API Error:","timestamp":"2026-06-27T19:45:23.372Z"}
{"level":"error","message":"❌ Failed to update inventory:","timestamp":"2026-06-27T19:45:23.373Z"}
{"level":"error","message":"❌ Shopify API Error:","timestamp":"2026-06-27T19:45:23.373Z"}
{"level":"error","message":"❌ Failed to update inventory:","timestamp":"2026-06-27T19:45:23.388Z"}
{"level":"error","message":"❌ Shopify API Error:","timestamp":"2026-06-27T19:45:23.388Z"}
{"level":"error","message":"❌ Failed to update inventory:","timestamp":"2026-06-27T19:45:23.843Z"}
{"level":"error","message":"❌ Shopify API Error:","timestamp":"2026-06-27T19:45:23.844Z"}
{"level":"error","message":"❌ Sync inventory error:","timestamp":"2026-06-27T19:45:23.844Z"}
{"level":"error","message":"❌ Failed to update inventory:","timestamp":"2026-06-27T19:45:23.854Z"}
{"level":"error","message":"❌ Shopify API Error:","timestamp":"2026-06-27T19:45:23.854Z"}
{"level":"error","message":"❌ Failed to update inventory:","timestamp":"2026-06-27T19:45:23.856Z"}
{"level":"error","message":"❌ Shopify API Error:","timestamp":"2026-06-27T19:45:23.857Z"}
{"level":"error","message":"❌ Failed to update inventory:","timestamp":"2026-06-27T19:45:23.860Z"}
{"level":"error","message":"❌ Shopify API Error:","timestamp":"2026-06-27T19:45:23.860Z"}
{"level":"error","message":"❌ Failed to update inventory:","timestamp":"2026-06-27T19:45:24.308Z"}
{"level":"error","message":"❌ Shopify API Error:","timestamp":"2026-06-27T19:45:24.308Z"}
{"level":"error","message":"❌ Sync inventory error:","timestamp":"2026-06-27T19:45:24.309Z"}
{"level":"error","message":"❌ Failed to update inventory:","timestamp":"2026-06-27T19:45:24.316Z"}
{"level":"error","message":"❌ Shopify API Error:","timestamp":"2026-06-27T19:45:24.316Z"}
{"level":"error","message":"❌ Failed to update inventory:","timestamp":"2026-06-27T19:45:24.319Z"}
{"level":"error","message":"❌ Shopify API Error:","timestamp":"2026-06-27T19:45:24.320Z"}
{"level":"error","message":"❌ Failed to update inventory:","timestamp":"2026-06-27T19:45:24.778Z"}
{"level":"error","message":"❌ Shopify API Error:","timestamp":"2026-06-27T19:45:24.778Z"}
{"level":"error","message":"❌ Sync inventory error:","timestamp":"2026-06-27T19:45:24.778Z"}
{"level":"error","message":"❌ Failed to update inventory:","timestamp":"2026-06-27T19:45:24.783Z"}
{"level":"error","message":"❌ Shopify API Error:","timestamp":"2026-06-27T19:45:24.784Z"}
{"level":"error","message":"❌ Failed to update inventory:","timestamp":"2026-06-27T19:45:24.805Z"}
{"level":"error","message":"❌ Shopify API Error:","timestamp":"2026-06-27T19:45:24.817Z"}
{"level":"error","message":"❌ Failed to update inventory:","timestamp":"2026-06-27T19:45:24.829Z"}
{"level":"error","message":"❌ Shopify API Error:","timestamp":"2026-06-27T19:45:24.830Z"}
{"level":"error","message":"❌ Failed to update inventory:","timestamp":"2026-06-27T19:45:25.280Z"}
{"level":"error","message":"❌ Shopify API Error:","timestamp":"2026-06-27T19:45:25.280Z"}
{"level":"error","message":"❌ Sync inventory error:","timestamp":"2026-06-27T19:45:25.281Z"}
{"level":"error","message":"❌ Failed to update inventory:","timestamp":"2026-06-27T19:45:25.288Z"}
{"level":"error","message":"❌ Shopify API Error:","timestamp":"2026-06-27T19:45:25.291Z"}
{"level":"error","message":"❌ Failed to update inventory:","timestamp":"2026-06-27T19:45:25.754Z"}
{"level":"error","message":"❌ Shopify API Error:","timestamp":"2026-06-27T19:45:25.755Z"}
{"level":"error","message":"❌ Sync inventory error:","timestamp":"2026-06-27T19:45:25.755Z"}
{"level":"error","message":"❌ Failed to update inventory:","timestamp":"2026-06-27T19:45:25.758Z"}
{"level":"error","message":"❌ Shopify API Error:","timestamp":"2026-06-27T19:45:25.759Z"}
{"level":"error","message":"❌ Failed to update inventory:","timestamp":"2026-06-27T19:45:25.763Z"}
{"level":"error","message":"❌ Shopify API Error:","timestamp":"2026-06-27T19:45:25.763Z"}
{"level":"error","message":"❌ Failed to update inventory:","timestamp":"2026-06-27T19:45:25.769Z"}
{"level":"error","message":"❌ Shopify API Error:","timestamp":"2026-06-27T19:45:25.769Z"}
{"level":"error","message":"❌ Failed to update inventory:","timestamp":"2026-06-27T19:45:25.770Z"}
{"level":"error","message":"❌ Shopify API Error:","timestamp":"2026-06-27T19:45:25.770Z"}
{"level":"error","message":"❌ Failed to update inventory:","timestamp":"2026-06-27T19:45:26.231Z"}
{"level":"error","message":"❌ Shopify API Error:","timestamp":"2026-06-27T19:45:26.231Z"}
{"level":"error","message":"❌ Sync inventory error:","timestamp":"2026-06-27T19:45:26.231Z"}
{"level":"error","message":"❌ Failed to update inventory:","timestamp":"2026-06-27T19:45:26.234Z"}
{"level":"error","message":"❌ Shopify API Error:","timestamp":"2026-06-27T19:45:26.236Z"}
{"level":"error","message":"❌ Failed to update inventory:","timestamp":"2026-06-27T19:45:26.240Z"}
{"level":"error","message":"❌ Shopify API Error:","timestamp":"2026-06-27T19:45:26.242Z"}
{"level":"error","message":"❌ Failed to update inventory:","timestamp":"2026-06-27T19:45:26.246Z"}
{"level":"error","message":"❌ Shopify API Error:","timestamp":"2026-06-27T19:45:26.247Z"}
{"level":"error","message":"❌ Failed to get product 10278886048027:","timestamp":"2026-06-27T19:45:26.457Z"}
{"level":"error","message":"❌ Failed to update inventory:","timestamp":"2026-06-27T19:45:26.954Z"}
{"level":"error","message":"❌ Shopify API Error:","timestamp":"2026-06-27T19:45:26.955Z"}
{"level":"error","message":"❌ Sync inventory error:","timestamp":"2026-06-27T19:45:26.955Z"}
{"level":"error","message":"❌ Failed to update inventory:","timestamp":"2026-06-27T19:45:26.961Z"}
{"level":"error","message":"❌ Shopify API Error:","timestamp":"2026-06-27T19:45:26.966Z"}
{"level":"error","message":"❌ Failed to update inventory:","timestamp":"2026-06-27T19:45:26.971Z"}
{"level":"error","message":"❌ Shopify API Error:","timestamp":"2026-06-27T19:45:26.972Z"}
{"level":"error","message":"❌ Failed to update inventory:","timestamp":"2026-06-27T19:45:26.973Z"}
{"level":"error","message":"❌ Shopify API Error:","timestamp":"2026-06-27T19:45:26.973Z"}
{"level":"error","message":"❌ Failed to get product 10279412695323:","timestamp":"2026-06-27T19:45:27.207Z"}
{"level":"error","message":"❌ Failed to update inventory:","timestamp":"2026-06-27T19:45:27.367Z"}
{"level":"error","message":"❌ Shopify API Error:","timestamp":"2026-06-27T19:45:27.371Z"}
{"level":"error","message":"❌ Failed to get product 10278500794651:","timestamp":"2026-06-27T19:45:27.437Z"}
{"level":"error","message":"❌ Failed to update inventory:","timestamp":"2026-06-27T19:45:27.882Z"}
{"level":"error","message":"❌ Shopify API Error:","timestamp":"2026-06-27T19:45:27.882Z"}
{"level":"error","message":"❌ Sync inventory error:","timestamp":"2026-06-27T19:45:27.883Z"}
{"level":"error","message":"❌ Failed to update inventory:","timestamp":"2026-06-27T19:45:27.893Z"}
{"level":"error","message":"❌ Shopify API Error:","timestamp":"2026-06-27T19:45:27.894Z"}
{"level":"error","message":"❌ Failed to update inventory:","timestamp":"2026-06-27T19:45:27.900Z"}
{"level":"error","message":"❌ Shopify API Error:","timestamp":"2026-06-27T19:45:27.901Z"}
{"level":"error","message":"❌ Failed to update inventory:","timestamp":"2026-06-27T19:45:27.906Z"}
{"level":"error","message":"❌ Shopify API Error:","timestamp":"2026-06-27T19:45:27.907Z"}
{"level":"error","message":"❌ Failed to update inventory:","timestamp":"2026-06-27T19:45:27.910Z"}
{"level":"error","message":"❌ Shopify API Error:","timestamp":"2026-06-27T19:45:27.911Z"}
{"level":"error","message":"❌ Failed to update inventory:","timestamp":"2026-06-27T19:45:28.371Z"}
{"level":"error","message":"❌ Shopify API Error:","timestamp":"2026-06-27T19:45:28.372Z"}
{"level":"error","message":"❌ Sync inventory error:","timestamp":"2026-06-27T19:45:28.372Z"}
{"level":"error","message":"❌ Failed to update inventory:","timestamp":"2026-06-27T19:45:28.373Z"}
{"level":"error","message":"❌ Shopify API Error:","timestamp":"2026-06-27T19:45:28.373Z"}
{"level":"error","message":"❌ Failed to update inventory:","timestamp":"2026-06-27T19:45:28.376Z"}
{"level":"error","message":"❌ Shopify API Error:","timestamp":"2026-06-27T19:45:28.376Z"}
{"level":"error","message":"❌ Failed to update inventory:","timestamp":"2026-06-27T19:45:28.378Z"}
{"level":"error","message":"❌ Shopify API Error:","timestamp":"2026-06-27T19:45:28.378Z"}
{"level":"error","message":"❌ Failed to update inventory:","timestamp":"2026-06-27T19:45:28.401Z"}
{"level":"error","message":"❌ Shopify API Error:","timestamp":"2026-06-27T19:45:28.401Z"}
{"level":"error","message":"❌ Failed to update inventory:","timestamp":"2026-06-27T19:45:28.851Z"}
{"level":"error","message":"❌ Shopify API Error:","timestamp":"2026-06-27T19:45:28.853Z"}
{"level":"error","message":"❌ Sync inventory error:","timestamp":"2026-06-27T19:45:28.854Z"}
{"level":"error","message":"❌ Failed to update inventory:","timestamp":"2026-06-27T19:45:28.857Z"}
{"level":"error","message":"❌ Shopify API Error:","timestamp":"2026-06-27T19:45:28.858Z"}
{"level":"error","message":"❌ Failed to update inventory:","timestamp":"2026-06-27T19:45:28.864Z"}
{"level":"error","message":"❌ Shopify API Error:","timestamp":"2026-06-27T19:45:28.865Z"}
{"level":"error","message":"❌ Failed to update inventory:","timestamp":"2026-06-27T19:45:28.879Z"}
{"level":"error","message":"❌ Shopify API Error:","timestamp":"2026-06-27T19:45:28.885Z"}
{"level":"error","message":"❌ Failed to get product 10278493847835:","timestamp":"2026-06-27T19:45:29.082Z"}
{"level":"error","message":"❌ Failed to get product 10278459736347:","timestamp":"2026-06-27T19:45:29.318Z"}
{"level":"error","message":"❌ Failed to update inventory:","timestamp":"2026-06-27T19:45:29.565Z"}
{"level":"error","message":"❌ Shopify API Error:","timestamp":"2026-06-27T19:45:29.565Z"}
{"level":"error","message":"❌ Failed to update inventory:","timestamp":"2026-06-27T19:45:29.808Z"}
{"level":"error","message":"❌ Shopify API Error:","timestamp":"2026-06-27T19:45:29.808Z"}
{"level":"error","message":"❌ Sync inventory error:","timestamp":"2026-06-27T19:45:29.808Z"}
{"level":"error","message":"❌ Failed to update inventory:","timestamp":"2026-06-27T19:45:29.813Z"}
{"level":"error","message":"❌ Shopify API Error:","timestamp":"2026-06-27T19:45:29.814Z"}
{"level":"error","message":"❌ Failed to update inventory:","timestamp":"2026-06-27T19:45:29.819Z"}
{"level":"error","message":"❌ Shopify API Error:","timestamp":"2026-06-27T19:45:29.822Z"}
{"level":"error","message":"❌ Failed to update inventory:","timestamp":"2026-06-27T19:45:29.839Z"}
{"level":"error","message":"❌ Shopify API Error:","timestamp":"2026-06-27T19:45:29.840Z"}
{"level":"error","message":"❌ Failed to update inventory:","timestamp":"2026-06-27T19:45:30.296Z"}
{"level":"error","message":"❌ Shopify API Error:","timestamp":"2026-06-27T19:45:30.296Z"}
{"level":"error","message":"❌ Sync inventory error:","timestamp":"2026-06-27T19:45:30.297Z"}
{"level":"error","message":"❌ Failed to update inventory:","timestamp":"2026-06-27T19:45:30.299Z"}
{"level":"error","message":"❌ Shopify API Error:","timestamp":"2026-06-27T19:45:30.299Z"}
{"level":"error","message":"❌ Failed to update inventory:","timestamp":"2026-06-27T19:45:30.301Z"}
{"level":"error","message":"❌ Shopify API Error:","timestamp":"2026-06-27T19:45:30.301Z"}
{"level":"error","message":"❌ Failed to update inventory:","timestamp":"2026-06-27T19:45:30.302Z"}
{"level":"error","message":"❌ Shopify API Error:","timestamp":"2026-06-27T19:45:30.302Z"}
{"level":"error","message":"❌ Failed to update inventory:","timestamp":"2026-06-27T19:45:30.320Z"}
{"level":"error","message":"❌ Shopify API Error:","timestamp":"2026-06-27T19:45:30.320Z"}
{"level":"error","message":"❌ Failed to update inventory:","timestamp":"2026-06-27T19:45:30.321Z"}
{"level":"error","message":"❌ Shopify API Error:","timestamp":"2026-06-27T19:45:30.322Z"}
{"level":"error","message":"❌ Failed to update inventory:","timestamp":"2026-06-27T19:45:30.784Z"}
{"level":"error","message":"❌ Shopify API Error:","timestamp":"2026-06-27T19:45:30.786Z"}
{"level":"error","message":"❌ Sync inventory error:","timestamp":"2026-06-27T19:45:30.786Z"}
{"level":"error","message":"❌ Failed to update inventory:","timestamp":"2026-06-27T19:45:30.788Z"}
{"level":"error","message":"❌ Shopify API Error:","timestamp":"2026-06-27T19:45:30.789Z"}
{"level":"error","message":"❌ Failed to update inventory:","timestamp":"2026-06-27T19:45:30.793Z"}
{"level":"error","message":"❌ Shopify API Error:","timestamp":"2026-06-27T19:45:30.793Z"}
{"level":"error","message":"❌ Failed to update inventory:","timestamp":"2026-06-27T19:45:30.795Z"}
{"level":"error","message":"❌ Shopify API Error:","timestamp":"2026-06-27T19:45:30.795Z"}
{"level":"error","message":"❌ Failed to update inventory:","timestamp":"2026-06-27T19:45:30.796Z"}
{"level":"error","message":"❌ Shopify API Error:","timestamp":"2026-06-27T19:45:30.796Z"}
{"level":"error","message":"❌ Failed to update inventory:","timestamp":"2026-06-27T19:45:30.797Z"}
{"level":"error","message":"❌ Shopify API Error:","timestamp":"2026-06-27T19:45:30.797Z"}
{"level":"error","message":"❌ Failed to update inventory:","timestamp":"2026-06-27T19:45:31.293Z"}
{"level":"error","message":"❌ Shopify API Error:","timestamp":"2026-06-27T19:45:31.293Z"}
{"level":"error","message":"❌ Sync inventory error:","timestamp":"2026-06-27T19:45:31.293Z"}
{"level":"error","message":"❌ Failed to update inventory:","timestamp":"2026-06-27T19:45:31.294Z"}
{"level":"error","message":"❌ Shopify API Error:","timestamp":"2026-06-27T19:45:31.295Z"}
{"level":"error","message":"❌ Failed to update inventory:","timestamp":"2026-06-27T19:45:31.298Z"}
{"level":"error","message":"❌ Shopify API Error:","timestamp":"2026-06-27T19:45:31.299Z"}
{"level":"error","message":"❌ Failed to update inventory:","timestamp":"2026-06-27T19:45:31.313Z"}
{"level":"error","message":"❌ Shopify API Error:","timestamp":"2026-06-27T19:45:31.313Z"}
{"level":"error","message":"❌ Failed to update inventory:","timestamp":"2026-06-27T19:45:31.314Z"}
{"level":"error","message":"❌ Shopify API Error:","timestamp":"2026-06-27T19:45:31.315Z"}
{"level":"error","message":"❌ Failed to update inventory:","timestamp":"2026-06-27T19:45:31.770Z"}
{"level":"error","message":"❌ Shopify API Error:","timestamp":"2026-06-27T19:45:31.770Z"}
{"level":"error","message":"❌ Sync inventory error:","timestamp":"2026-06-27T19:45:31.771Z"}
{"level":"error","message":"❌ Failed to update inventory:","timestamp":"2026-06-27T19:45:31.774Z"}
{"level":"error","message":"❌ Shopify API Error:","timestamp":"2026-06-27T19:45:31.775Z"}
{"level":"error","message":"❌ Failed to update inventory:","timestamp":"2026-06-27T19:45:31.784Z"}
{"level":"error","message":"❌ Shopify API Error:","timestamp":"2026-06-27T19:45:31.785Z"}
{"level":"error","message":"❌ Failed to update inventory:","timestamp":"2026-06-27T19:45:31.801Z"}
{"level":"error","message":"❌ Shopify API Error:","timestamp":"2026-06-27T19:45:31.802Z"}
{"level":"error","message":"❌ Failed to update inventory:","timestamp":"2026-06-27T19:45:31.803Z"}
{"level":"error","message":"❌ Shopify API Error:","timestamp":"2026-06-27T19:45:31.804Z"}
{"level":"error","message":"❌ Failed to update inventory:","timestamp":"2026-06-27T19:45:32.309Z"}
{"level":"error","message":"❌ Shopify API Error:","timestamp":"2026-06-27T19:45:32.309Z"}
{"level":"error","message":"❌ Sync inventory error:","timestamp":"2026-06-27T19:45:32.310Z"}
{"level":"error","message":"❌ Failed to update inventory:","timestamp":"2026-06-27T19:45:32.312Z"}
{"level":"error","message":"❌ Shopify API Error:","timestamp":"2026-06-27T19:45:32.312Z"}
{"level":"error","message":"❌ Failed to update inventory:","timestamp":"2026-06-27T19:45:32.320Z"}
{"level":"error","message":"❌ Shopify API Error:","timestamp":"2026-06-27T19:45:32.322Z"}
{"level":"error","message":"❌ Failed to update inventory:","timestamp":"2026-06-27T19:45:32.324Z"}
{"level":"error","message":"❌ Shopify API Error:","timestamp":"2026-06-27T19:45:32.324Z"}
{"level":"error","message":"❌ Failed to update inventory:","timestamp":"2026-06-27T19:45:32.325Z"}
{"level":"error","message":"❌ Shopify API Error:","timestamp":"2026-06-27T19:45:32.325Z"}
{"level":"error","message":"❌ Failed to update inventory:","timestamp":"2026-06-27T19:45:32.327Z"}
{"level":"error","message":"❌ Shopify API Error:","timestamp":"2026-06-27T19:45:32.327Z"}
{"level":"error","message":"❌ Failed to update inventory:","timestamp":"2026-06-27T19:45:32.831Z"}
{"level":"error","message":"❌ Shopify API Error:","timestamp":"2026-06-27T19:45:32.831Z"}
{"level":"error","message":"❌ Sync inventory error:","timestamp":"2026-06-27T19:45:32.831Z"}
{"level":"error","message":"❌ Failed to update inventory:","timestamp":"2026-06-27T19:45:32.833Z"}
{"level":"error","message":"❌ Shopify API Error:","timestamp":"2026-06-27T19:45:32.833Z"}
{"level":"error","message":"❌ Failed to update inventory:","timestamp":"2026-06-27T19:45:32.834Z"}
{"level":"error","message":"❌ Shopify API Error:","timestamp":"2026-06-27T19:45:32.834Z"}
{"level":"error","message":"❌ Failed to update inventory:","timestamp":"2026-06-27T19:45:32.858Z"}
{"level":"error","message":"❌ Shopify API Error:","timestamp":"2026-06-27T19:45:32.858Z"}
{"level":"error","message":"❌ Failed to update inventory:","timestamp":"2026-06-27T19:45:32.868Z"}
{"level":"error","message":"❌ Shopify API Error:","timestamp":"2026-06-27T19:45:32.869Z"}
{"level":"error","message":"❌ Failed to update inventory:","timestamp":"2026-06-27T19:45:32.879Z"}
{"level":"error","message":"❌ Shopify API Error:","timestamp":"2026-06-27T19:45:32.880Z"}
{"level":"error","message":"❌ Failed to update inventory:","timestamp":"2026-06-27T19:45:33.292Z"}
{"level":"error","message":"❌ Shopify API Error:","timestamp":"2026-06-27T19:45:33.292Z"}
{"level":"error","message":"❌ Sync inventory error:","timestamp":"2026-06-27T19:45:33.293Z"}
{"level":"error","message":"❌ Failed to update inventory:","timestamp":"2026-06-27T19:45:33.297Z"}
{"level":"error","message":"❌ Shopify API Error:","timestamp":"2026-06-27T19:45:33.298Z"}
{"level":"error","message":"❌ Failed to update inventory:","timestamp":"2026-06-27T19:45:33.299Z"}
{"level":"error","message":"❌ Shopify API Error:","timestamp":"2026-06-27T19:45:33.299Z"}
{"level":"error","message":"❌ Failed to update inventory:","timestamp":"2026-06-27T19:45:33.304Z"}
{"level":"error","message":"❌ Shopify API Error:","timestamp":"2026-06-27T19:45:33.304Z"}
{"level":"error","message":"❌ Failed to update inventory:","timestamp":"2026-06-27T19:45:33.306Z"}
{"level":"error","message":"❌ Shopify API Error:","timestamp":"2026-06-27T19:45:33.306Z"}
{"level":"error","message":"❌ Failed to update inventory:","timestamp":"2026-06-27T19:45:33.781Z"}
{"level":"error","message":"❌ Shopify API Error:","timestamp":"2026-06-27T19:45:33.781Z"}
{"level":"error","message":"❌ Sync inventory error:","timestamp":"2026-06-27T19:45:33.782Z"}
{"level":"error","message":"❌ Failed to update inventory:","timestamp":"2026-06-27T19:45:33.790Z"}
{"level":"error","message":"❌ Shopify API Error:","timestamp":"2026-06-27T19:45:33.791Z"}
{"level":"error","message":"❌ Failed to update inventory:","timestamp":"2026-06-27T19:45:33.793Z"}
{"level":"error","message":"❌ Shopify API Error:","timestamp":"2026-06-27T19:45:33.794Z"}
{"level":"error","message":"❌ Failed to update inventory:","timestamp":"2026-06-27T19:45:33.796Z"}
{"level":"error","message":"❌ Shopify API Error:","timestamp":"2026-06-27T19:45:33.796Z"}
{"level":"error","message":"❌ Failed to update inventory:","timestamp":"2026-06-27T19:45:33.799Z"}
{"level":"error","message":"❌ Shopify API Error:","timestamp":"2026-06-27T19:45:33.801Z"}
{"level":"error","message":"❌ Failed to update inventory:","timestamp":"2026-06-27T19:45:34.291Z"}
{"level":"error","message":"❌ Shopify API Error:","timestamp":"2026-06-27T19:45:34.291Z"}
{"level":"error","message":"❌ Sync inventory error:","timestamp":"2026-06-27T19:45:34.291Z"}
{"level":"error","message":"❌ Failed to update inventory:","timestamp":"2026-06-27T19:45:34.297Z"}
{"level":"error","message":"❌ Shopify API Error:","timestamp":"2026-06-27T19:45:34.297Z"}
{"level":"error","message":"❌ Failed to update inventory:","timestamp":"2026-06-27T19:45:34.312Z"}
{"level":"error","message":"❌ Shopify API Error:","timestamp":"2026-06-27T19:45:34.313Z"}
{"level":"error","message":"❌ Failed to get product 10285209223451:","timestamp":"2026-06-27T19:45:34.510Z"}
{"level":"error","message":"❌ Failed to get product 10278966198555:","timestamp":"2026-06-27T19:45:34.751Z"}
{"level":"error","message":"❌ Failed to update inventory:","timestamp":"2026-06-27T19:45:34.784Z"}
{"level":"error","message":"❌ Shopify API Error:","timestamp":"2026-06-27T19:45:34.784Z"}
{"level":"error","message":"❌ Failed to update inventory:","timestamp":"2026-06-27T19:45:35.248Z"}
{"level":"error","message":"❌ Shopify API Error:","timestamp":"2026-06-27T19:45:35.248Z"}
{"level":"error","message":"❌ Sync inventory error:","timestamp":"2026-06-27T19:45:35.249Z"}
{"level":"error","message":"❌ Failed to update inventory:","timestamp":"2026-06-27T19:45:35.250Z"}
{"level":"error","message":"❌ Shopify API Error:","timestamp":"2026-06-27T19:45:35.251Z"}
{"level":"error","message":"❌ Failed to update inventory:","timestamp":"2026-06-27T19:45:35.469Z"}
{"level":"error","message":"❌ Shopify API Error:","timestamp":"2026-06-27T19:45:35.470Z"}
{"level":"error","message":"❌ Failed to update inventory:","timestamp":"2026-06-27T19:45:35.740Z"}
{"level":"error","message":"❌ Shopify API Error:","timestamp":"2026-06-27T19:45:35.740Z"}
{"level":"error","message":"❌ Sync inventory error:","timestamp":"2026-06-27T19:45:35.740Z"}
{"level":"error","message":"❌ Failed to update inventory:","timestamp":"2026-06-27T19:45:35.743Z"}
{"level":"error","message":"❌ Shopify API Error:","timestamp":"2026-06-27T19:45:35.743Z"}
{"level":"error","message":"❌ Failed to update inventory:","timestamp":"2026-06-27T19:45:35.748Z"}
{"level":"error","message":"❌ Shopify API Error:","timestamp":"2026-06-27T19:45:35.749Z"}
{"level":"error","message":"❌ Failed to update inventory:","timestamp":"2026-06-27T19:45:35.753Z"}
{"level":"error","message":"❌ Shopify API Error:","timestamp":"2026-06-27T19:45:35.753Z"}
{"level":"error","message":"❌ Failed to update inventory:","timestamp":"2026-06-27T19:45:35.755Z"}
{"level":"error","message":"❌ Shopify API Error:","timestamp":"2026-06-27T19:45:35.756Z"}
{"level":"error","message":"❌ Failed to update inventory:","timestamp":"2026-06-27T19:45:36.098Z"}
{"level":"error","message":"❌ Shopify API Error:","timestamp":"2026-06-27T19:45:36.098Z"}
{"level":"error","message":"❌ Failed to update inventory:","timestamp":"2026-06-27T19:45:36.438Z"}
{"level":"error","message":"❌ Shopify API Error:","timestamp":"2026-06-27T19:45:36.438Z"}
{"level":"error","message":"❌ Sync inventory error:","timestamp":"2026-06-27T19:45:36.438Z"}
{"level":"error","message":"❌ Failed to update inventory:","timestamp":"2026-06-27T19:45:36.442Z"}
{"level":"error","message":"❌ Shopify API Error:","timestamp":"2026-06-27T19:45:36.442Z"}
{"level":"error","message":"❌ Failed to update inventory:","timestamp":"2026-06-27T19:45:36.448Z"}
{"level":"error","message":"❌ Shopify API Error:","timestamp":"2026-06-27T19:45:36.449Z"}
{"level":"error","message":"❌ Failed to update inventory:","timestamp":"2026-06-27T19:45:36.451Z"}
{"level":"error","message":"❌ Shopify API Error:","timestamp":"2026-06-27T19:45:36.451Z"}
{"level":"error","message":"❌ Failed to update inventory:","timestamp":"2026-06-27T19:45:36.452Z"}
{"level":"error","message":"❌ Shopify API Error:","timestamp":"2026-06-27T19:45:36.452Z"}
{"level":"error","message":"❌ Failed to update inventory:","timestamp":"2026-06-27T19:45:36.912Z"}
{"level":"error","message":"❌ Shopify API Error:","timestamp":"2026-06-27T19:45:36.912Z"}
{"level":"error","message":"❌ Sync inventory error:","timestamp":"2026-06-27T19:45:36.912Z"}
{"level":"error","message":"❌ Failed to update inventory:","timestamp":"2026-06-27T19:45:36.915Z"}
{"level":"error","message":"❌ Shopify API Error:","timestamp":"2026-06-27T19:45:36.917Z"}
{"level":"error","message":"❌ Failed to update inventory:","timestamp":"2026-06-27T19:45:36.919Z"}
{"level":"error","message":"❌ Shopify API Error:","timestamp":"2026-06-27T19:45:36.919Z"}
{"level":"error","message":"❌ Failed to update inventory:","timestamp":"2026-06-27T19:45:36.923Z"}
{"level":"error","message":"❌ Shopify API Error:","timestamp":"2026-06-27T19:45:36.923Z"}
{"level":"error","message":"❌ Failed to update inventory:","timestamp":"2026-06-27T19:45:36.925Z"}
{"level":"error","message":"❌ Shopify API Error:","timestamp":"2026-06-27T19:45:36.925Z"}
{"level":"error","message":"❌ Failed to update inventory:","timestamp":"2026-06-27T19:45:37.385Z"}
{"level":"error","message":"❌ Shopify API Error:","timestamp":"2026-06-27T19:45:37.385Z"}
{"level":"error","message":"❌ Sync inventory error:","timestamp":"2026-06-27T19:45:37.386Z"}
{"level":"error","message":"❌ Failed to update inventory:","timestamp":"2026-06-27T19:45:37.393Z"}
{"level":"error","message":"❌ Shopify API Error:","timestamp":"2026-06-27T19:45:37.393Z"}
{"level":"error","message":"❌ Failed to update inventory:","timestamp":"2026-06-27T19:45:37.404Z"}
{"level":"error","message":"❌ Shopify API Error:","timestamp":"2026-06-27T19:45:37.404Z"}
{"level":"error","message":"❌ Failed to update inventory:","timestamp":"2026-06-27T19:45:37.406Z"}
{"level":"error","message":"❌ Shopify API Error:","timestamp":"2026-06-27T19:45:37.411Z"}
{"level":"error","message":"❌ Failed to update inventory:","timestamp":"2026-06-27T19:45:37.414Z"}
{"level":"error","message":"❌ Shopify API Error:","timestamp":"2026-06-27T19:45:37.415Z"}
{"level":"error","message":"❌ Failed to update inventory:","timestamp":"2026-06-27T19:45:37.871Z"}
{"level":"error","message":"❌ Shopify API Error:","timestamp":"2026-06-27T19:45:37.871Z"}
{"level":"error","message":"❌ Sync inventory error:","timestamp":"2026-06-27T19:45:37.871Z"}
{"level":"error","message":"❌ Failed to update inventory:","timestamp":"2026-06-27T19:45:37.882Z"}
{"level":"error","message":"❌ Shopify API Error:","timestamp":"2026-06-27T19:45:37.883Z"}
{"level":"error","message":"❌ Failed to update inventory:","timestamp":"2026-06-27T19:45:37.885Z"}
{"level":"error","message":"❌ Shopify API Error:","timestamp":"2026-06-27T19:45:37.885Z"}
{"level":"error","message":"❌ Failed to update inventory:","timestamp":"2026-06-27T19:45:37.891Z"}
{"level":"error","message":"❌ Shopify API Error:","timestamp":"2026-06-27T19:45:37.891Z"}
{"level":"error","message":"❌ Failed to update inventory:","timestamp":"2026-06-27T19:45:37.893Z"}
{"level":"error","message":"❌ Shopify API Error:","timestamp":"2026-06-27T19:45:37.894Z"}
{"level":"error","message":"❌ Failed to update inventory:","timestamp":"2026-06-27T19:45:38.332Z"}
{"level":"error","message":"❌ Shopify API Error:","timestamp":"2026-06-27T19:45:38.333Z"}
{"level":"error","message":"❌ Sync inventory error:","timestamp":"2026-06-27T19:45:38.333Z"}
{"level":"error","message":"❌ Failed to update inventory:","timestamp":"2026-06-27T19:45:38.337Z"}
{"level":"error","message":"❌ Shopify API Error:","timestamp":"2026-06-27T19:45:38.339Z"}
{"level":"error","message":"❌ Failed to update inventory:","timestamp":"2026-06-27T19:45:38.342Z"}
{"level":"error","message":"❌ Shopify API Error:","timestamp":"2026-06-27T19:45:38.343Z"}
{"level":"error","message":"❌ Failed to update inventory:","timestamp":"2026-06-27T19:45:38.347Z"}
{"level":"error","message":"❌ Shopify API Error:","timestamp":"2026-06-27T19:45:38.347Z"}
{"level":"error","message":"❌ Failed to update inventory:","timestamp":"2026-06-27T19:45:38.350Z"}
{"level":"error","message":"❌ Shopify API Error:","timestamp":"2026-06-27T19:45:38.350Z"}
{"level":"error","message":"❌ Failed to update inventory:","timestamp":"2026-06-27T19:45:38.822Z"}
{"level":"error","message":"❌ Shopify API Error:","timestamp":"2026-06-27T19:45:38.823Z"}
{"level":"error","message":"❌ Sync inventory error:","timestamp":"2026-06-27T19:45:38.823Z"}
{"level":"error","message":"❌ Failed to update inventory:","timestamp":"2026-06-27T19:45:38.831Z"}
{"level":"error","message":"❌ Shopify API Error:","timestamp":"2026-06-27T19:45:38.832Z"}
{"level":"error","message":"❌ Failed to update inventory:","timestamp":"2026-06-27T19:45:38.834Z"}
{"level":"error","message":"❌ Shopify API Error:","timestamp":"2026-06-27T19:45:38.834Z"}
{"level":"error","message":"❌ Failed to update inventory:","timestamp":"2026-06-27T19:45:38.835Z"}
{"level":"error","message":"❌ Shopify API Error:","timestamp":"2026-06-27T19:45:38.836Z"}
{"level":"error","message":"❌ Failed to update inventory:","timestamp":"2026-06-27T19:45:38.842Z"}
{"level":"error","message":"❌ Shopify API Error:","timestamp":"2026-06-27T19:45:38.843Z"}
{"level":"error","message":"❌ Failed to update inventory:","timestamp":"2026-06-27T19:45:38.846Z"}
{"level":"error","message":"❌ Shopify API Error:","timestamp":"2026-06-27T19:45:38.846Z"}
{"level":"error","message":"❌ Failed to update inventory:","timestamp":"2026-06-27T19:45:39.290Z"}
{"level":"error","message":"❌ Shopify API Error:","timestamp":"2026-06-27T19:45:39.290Z"}
{"level":"error","message":"❌ Sync inventory error:","timestamp":"2026-06-27T19:45:39.290Z"}
{"level":"error","message":"❌ Failed to update inventory:","timestamp":"2026-06-27T19:45:39.295Z"}
{"level":"error","message":"❌ Shopify API Error:","timestamp":"2026-06-27T19:45:39.295Z"}
{"level":"error","message":"❌ Failed to update inventory:","timestamp":"2026-06-27T19:45:39.303Z"}
{"level":"error","message":"❌ Shopify API Error:","timestamp":"2026-06-27T19:45:39.303Z"}
{"level":"error","message":"❌ Failed to update inventory:","timestamp":"2026-06-27T19:45:39.304Z"}
{"level":"error","message":"❌ Shopify API Error:","timestamp":"2026-06-27T19:45:39.305Z"}
{"level":"error","message":"❌ Failed to update inventory:","timestamp":"2026-06-27T19:45:39.307Z"}
{"level":"error","message":"❌ Shopify API Error:","timestamp":"2026-06-27T19:45:39.307Z"}
{"level":"error","message":"❌ Failed to update inventory:","timestamp":"2026-06-27T19:45:39.309Z"}
{"level":"error","message":"❌ Shopify API Error:","timestamp":"2026-06-27T19:45:39.309Z"}
{"level":"error","message":"❌ Failed to update inventory:","timestamp":"2026-06-27T19:45:39.786Z"}
{"level":"error","message":"❌ Shopify API Error:","timestamp":"2026-06-27T19:45:39.786Z"}
{"level":"error","message":"❌ Sync inventory error:","timestamp":"2026-06-27T19:45:39.786Z"}
{"level":"error","message":"❌ Failed to update inventory:","timestamp":"2026-06-27T19:45:39.790Z"}
{"level":"error","message":"❌ Shopify API Error:","timestamp":"2026-06-27T19:45:39.790Z"}
{"level":"error","message":"❌ Failed to update inventory:","timestamp":"2026-06-27T19:45:39.795Z"}
{"level":"error","message":"❌ Shopify API Error:","timestamp":"2026-06-27T19:45:39.796Z"}
{"level":"error","message":"❌ Failed to update inventory:","timestamp":"2026-06-27T19:45:39.799Z"}
{"level":"error","message":"❌ Shopify API Error:","timestamp":"2026-06-27T19:45:39.800Z"}
{"level":"error","message":"❌ Failed to update inventory:","timestamp":"2026-06-27T19:45:39.811Z"}
{"level":"error","message":"❌ Shopify API Error:","timestamp":"2026-06-27T19:45:39.812Z"}
{"level":"error","message":"❌ Failed to update inventory:","timestamp":"2026-06-27T19:45:39.827Z"}
{"level":"error","message":"❌ Shopify API Error:","timestamp":"2026-06-27T19:45:39.828Z"}
{"level":"error","message":"❌ Failed to update inventory:","timestamp":"2026-06-27T19:45:40.290Z"}
{"level":"error","message":"❌ Shopify API Error:","timestamp":"2026-06-27T19:45:40.290Z"}
{"level":"error","message":"❌ Sync inventory error:","timestamp":"2026-06-27T19:45:40.290Z"}
{"level":"error","message":"❌ Failed to update inventory:","timestamp":"2026-06-27T19:45:40.292Z"}
{"level":"error","message":"❌ Shopify API Error:","timestamp":"2026-06-27T19:45:40.292Z"}
{"level":"error","message":"❌ Failed to update inventory:","timestamp":"2026-06-27T19:45:40.296Z"}
{"level":"error","message":"❌ Shopify API Error:","timestamp":"2026-06-27T19:45:40.297Z"}
{"level":"error","message":"❌ Failed to update inventory:","timestamp":"2026-06-27T19:45:40.298Z"}
{"level":"error","message":"❌ Shopify API Error:","timestamp":"2026-06-27T19:45:40.298Z"}
{"level":"error","message":"❌ Failed to update inventory:","timestamp":"2026-06-27T19:45:40.302Z"}
{"level":"error","message":"❌ Shopify API Error:","timestamp":"2026-06-27T19:45:40.303Z"}
{"level":"error","message":"❌ Failed to update inventory:","timestamp":"2026-06-27T19:45:40.313Z"}
{"level":"error","message":"❌ Shopify API Error:","timestamp":"2026-06-27T19:45:40.321Z"}
{"level":"error","message":"❌ Failed to update inventory:","timestamp":"2026-06-27T19:45:40.324Z"}
{"level":"error","message":"❌ Shopify API Error:","timestamp":"2026-06-27T19:45:40.324Z"}
{"level":"error","message":"❌ Failed to update inventory:","timestamp":"2026-06-27T19:45:40.787Z"}
{"level":"error","message":"❌ Shopify API Error:","timestamp":"2026-06-27T19:45:40.788Z"}
{"level":"error","message":"❌ Sync inventory error:","timestamp":"2026-06-27T19:45:40.788Z"}
{"level":"error","message":"❌ Failed to update inventory:","timestamp":"2026-06-27T19:45:40.790Z"}
{"level":"error","message":"❌ Shopify API Error:","timestamp":"2026-06-27T19:45:40.790Z"}
{"level":"error","message":"❌ Failed to update inventory:","timestamp":"2026-06-27T19:45:40.802Z"}
{"level":"error","message":"❌ Shopify API Error:","timestamp":"2026-06-27T19:45:40.803Z"}
{"level":"error","message":"❌ Failed to update inventory:","timestamp":"2026-06-27T19:45:40.804Z"}
{"level":"error","message":"❌ Shopify API Error:","timestamp":"2026-06-27T19:45:40.804Z"}
{"level":"error","message":"❌ Failed to update inventory:","timestamp":"2026-06-27T19:45:40.805Z"}
{"level":"error","message":"❌ Shopify API Error:","timestamp":"2026-06-27T19:45:40.805Z"}
{"level":"error","message":"❌ Failed to update inventory:","timestamp":"2026-06-27T19:45:40.820Z"}
{"level":"error","message":"❌ Shopify API Error:","timestamp":"2026-06-27T19:45:40.820Z"}
{"level":"error","message":"❌ Failed to update inventory:","timestamp":"2026-06-27T19:45:41.274Z"}
{"level":"error","message":"❌ Shopify API Error:","timestamp":"2026-06-27T19:45:41.275Z"}
{"level":"error","message":"❌ Sync inventory error:","timestamp":"2026-06-27T19:45:41.275Z"}
{"level":"error","message":"❌ Failed to update inventory:","timestamp":"2026-06-27T19:45:41.277Z"}
{"level":"error","message":"❌ Shopify API Error:","timestamp":"2026-06-27T19:45:41.277Z"}
{"level":"error","message":"❌ Failed to update inventory:","timestamp":"2026-06-27T19:45:41.278Z"}
{"level":"error","message":"❌ Shopify API Error:","timestamp":"2026-06-27T19:45:41.278Z"}
{"level":"error","message":"❌ Failed to update inventory:","timestamp":"2026-06-27T19:45:41.279Z"}
{"level":"error","message":"❌ Shopify API Error:","timestamp":"2026-06-27T19:45:41.279Z"}
{"level":"error","message":"❌ Failed to update inventory:","timestamp":"2026-06-27T19:45:41.284Z"}
{"level":"error","message":"❌ Shopify API Error:","timestamp":"2026-06-27T19:45:41.284Z"}
{"level":"error","message":"❌ Failed to update inventory:","timestamp":"2026-06-27T19:45:41.285Z"}
{"level":"error","message":"❌ Shopify API Error:","timestamp":"2026-06-27T19:45:41.285Z"}
{"level":"error","message":"❌ Failed to update inventory:","timestamp":"2026-06-27T19:45:41.289Z"}
{"level":"error","message":"❌ Shopify API Error:","timestamp":"2026-06-27T19:45:41.289Z"}
{"level":"error","message":"❌ Failed to update inventory:","timestamp":"2026-06-27T19:45:41.738Z"}
{"level":"error","message":"❌ Shopify API Error:","timestamp":"2026-06-27T19:45:41.738Z"}
{"level":"error","message":"❌ Sync inventory error:","timestamp":"2026-06-27T19:45:41.738Z"}
{"level":"error","message":"❌ Failed to update inventory:","timestamp":"2026-06-27T19:45:41.754Z"}
{"level":"error","message":"❌ Shopify API Error:","timestamp":"2026-06-27T19:45:41.755Z"}
{"level":"error","message":"❌ Failed to update inventory:","timestamp":"2026-06-27T19:45:41.761Z"}
{"level":"error","message":"❌ Shopify API Error:","timestamp":"2026-06-27T19:45:41.761Z"}
{"level":"error","message":"❌ Failed to update inventory:","timestamp":"2026-06-27T19:45:41.762Z"}
{"level":"error","message":"❌ Shopify API Error:","timestamp":"2026-06-27T19:45:41.762Z"}
{"level":"error","message":"❌ Failed to update inventory:","timestamp":"2026-06-27T19:45:41.763Z"}
{"level":"error","message":"❌ Shopify API Error:","timestamp":"2026-06-27T19:45:41.764Z"}
{"level":"error","message":"❌ Failed to update inventory:","timestamp":"2026-06-27T19:45:41.774Z"}
{"level":"error","message":"❌ Shopify API Error:","timestamp":"2026-06-27T19:45:41.774Z"}
{"level":"error","message":"❌ Failed to update inventory:","timestamp":"2026-06-27T19:45:42.241Z"}
{"level":"error","message":"❌ Shopify API Error:","timestamp":"2026-06-27T19:45:42.241Z"}
{"level":"error","message":"❌ Sync inventory error:","timestamp":"2026-06-27T19:45:42.241Z"}
{"level":"error","message":"❌ Failed to update inventory:","timestamp":"2026-06-27T19:45:42.242Z"}
{"level":"error","message":"❌ Shopify API Error:","timestamp":"2026-06-27T19:45:42.242Z"}
{"level":"error","message":"❌ Failed to update inventory:","timestamp":"2026-06-27T19:45:42.248Z"}
{"level":"error","message":"❌ Shopify API Error:","timestamp":"2026-06-27T19:45:42.248Z"}
{"level":"error","message":"❌ Failed to update inventory:","timestamp":"2026-06-27T19:45:42.249Z"}
{"level":"error","message":"❌ Shopify API Error:","timestamp":"2026-06-27T19:45:42.249Z"}
{"level":"error","message":"❌ Failed to update inventory:","timestamp":"2026-06-27T19:45:42.251Z"}
{"level":"error","message":"❌ Shopify API Error:","timestamp":"2026-06-27T19:45:42.251Z"}
{"level":"error","message":"❌ Failed to update inventory:","timestamp":"2026-06-27T19:45:42.254Z"}
{"level":"error","message":"❌ Shopify API Error:","timestamp":"2026-06-27T19:45:42.254Z"}
{"level":"error","message":"❌ Failed to update inventory:","timestamp":"2026-06-27T19:45:42.701Z"}
{"level":"error","message":"❌ Shopify API Error:","timestamp":"2026-06-27T19:45:42.701Z"}
{"level":"error","message":"❌ Sync inventory error:","timestamp":"2026-06-27T19:45:42.701Z"}
{"level":"error","message":"❌ Failed to update inventory:","timestamp":"2026-06-27T19:45:42.705Z"}
{"level":"error","message":"❌ Shopify API Error:","timestamp":"2026-06-27T19:45:42.706Z"}
{"level":"error","message":"❌ Failed to update inventory:","timestamp":"2026-06-27T19:45:42.722Z"}
{"level":"error","message":"❌ Shopify API Error:","timestamp":"2026-06-27T19:45:42.723Z"}
{"level":"error","message":"❌ Failed to update inventory:","timestamp":"2026-06-27T19:45:42.741Z"}
{"level":"error","message":"❌ Shopify API Error:","timestamp":"2026-06-27T19:45:42.741Z"}
{"level":"error","message":"❌ Failed to get product 10279063748891:","timestamp":"2026-06-27T19:45:42.920Z"}
{"level":"error","message":"❌ Failed to update inventory:","timestamp":"2026-06-27T19:45:43.396Z"}
{"level":"error","message":"❌ Shopify API Error:","timestamp":"2026-06-27T19:45:43.396Z"}
{"level":"error","message":"❌ Sync inventory error:","timestamp":"2026-06-27T19:45:43.396Z"}
{"level":"error","message":"❌ Failed to update inventory:","timestamp":"2026-06-27T19:45:43.401Z"}
{"level":"error","message":"❌ Shopify API Error:","timestamp":"2026-06-27T19:45:43.401Z"}
{"level":"error","message":"❌ Failed to update inventory:","timestamp":"2026-06-27T19:45:43.415Z"}
{"level":"error","message":"❌ Shopify API Error:","timestamp":"2026-06-27T19:45:43.416Z"}
{"level":"error","message":"❌ Failed to update inventory:","timestamp":"2026-06-27T19:45:43.417Z"}
{"level":"error","message":"❌ Shopify API Error:","timestamp":"2026-06-27T19:45:43.417Z"}
{"level":"error","message":"❌ Failed to update inventory:","timestamp":"2026-06-27T19:45:43.420Z"}
{"level":"error","message":"❌ Shopify API Error:","timestamp":"2026-06-27T19:45:43.421Z"}
{"level":"error","message":"❌ Failed to update inventory:","timestamp":"2026-06-27T19:45:43.424Z"}
{"level":"error","message":"❌ Shopify API Error:","timestamp":"2026-06-27T19:45:43.425Z"}
{"level":"error","message":"❌ Failed to update inventory:","timestamp":"2026-06-27T19:45:43.891Z"}
{"level":"error","message":"❌ Shopify API Error:","timestamp":"2026-06-27T19:45:43.892Z"}
{"level":"error","message":"❌ Sync inventory error:","timestamp":"2026-06-27T19:45:43.892Z"}
{"level":"error","message":"❌ Failed to update inventory:","timestamp":"2026-06-27T19:45:43.904Z"}
{"level":"error","message":"❌ Shopify API Error:","timestamp":"2026-06-27T19:45:43.904Z"}
{"level":"error","message":"❌ Failed to update inventory:","timestamp":"2026-06-27T19:45:43.905Z"}
{"level":"error","message":"❌ Shopify API Error:","timestamp":"2026-06-27T19:45:43.905Z"}
{"level":"error","message":"❌ Failed to update inventory:","timestamp":"2026-06-27T19:45:43.906Z"}
{"level":"error","message":"❌ Shopify API Error:","timestamp":"2026-06-27T19:45:43.906Z"}
{"level":"error","message":"❌ Failed to update inventory:","timestamp":"2026-06-27T19:45:43.907Z"}
{"level":"error","message":"❌ Shopify API Error:","timestamp":"2026-06-27T19:45:43.908Z"}
{"level":"error","message":"❌ Failed to update inventory:","timestamp":"2026-06-27T19:45:43.908Z"}
{"level":"error","message":"❌ Shopify API Error:","timestamp":"2026-06-27T19:45:43.909Z"}
{"level":"error","message":"❌ Failed to update inventory:","timestamp":"2026-06-27T19:45:43.909Z"}
{"level":"error","message":"❌ Shopify API Error:","timestamp":"2026-06-27T19:45:43.909Z"}
{"level":"error","message":"❌ Failed to update inventory:","timestamp":"2026-06-27T19:45:43.915Z"}
{"level":"error","message":"❌ Shopify API Error:","timestamp":"2026-06-27T19:45:43.915Z"}
{"level":"error","message":"❌ Failed to update inventory:","timestamp":"2026-06-27T19:45:43.960Z"}
{"level":"error","message":"❌ Shopify API Error:","timestamp":"2026-06-27T19:45:43.961Z"}
{"level":"error","message":"❌ Failed to update inventory:","timestamp":"2026-06-27T19:45:43.987Z"}
{"level":"error","message":"❌ Shopify API Error:","timestamp":"2026-06-27T19:45:43.987Z"}
{"level":"error","message":"❌ Failed to update inventory:","timestamp":"2026-06-27T19:45:44.394Z"}
{"level":"error","message":"❌ Shopify API Error:","timestamp":"2026-06-27T19:45:44.394Z"}
{"level":"error","message":"❌ Sync inventory error:","timestamp":"2026-06-27T19:45:44.394Z"}
{"level":"error","message":"❌ Failed to update inventory:","timestamp":"2026-06-27T19:45:44.395Z"}
{"level":"error","message":"❌ Shopify API Error:","timestamp":"2026-06-27T19:45:44.395Z"}
{"level":"error","message":"❌ Failed to update inventory:","timestamp":"2026-06-27T19:45:44.398Z"}
{"level":"error","message":"❌ Shopify API Error:","timestamp":"2026-06-27T19:45:44.399Z"}
{"level":"error","message":"❌ Failed to update inventory:","timestamp":"2026-06-27T19:45:44.400Z"}
{"level":"error","message":"❌ Shopify API Error:","timestamp":"2026-06-27T19:45:44.400Z"}
{"level":"error","message":"❌ Failed to update inventory:","timestamp":"2026-06-27T19:45:44.401Z"}
{"level":"error","message":"❌ Shopify API Error:","timestamp":"2026-06-27T19:45:44.402Z"}
{"level":"error","message":"❌ Failed to update inventory:","timestamp":"2026-06-27T19:45:44.403Z"}
{"level":"error","message":"❌ Shopify API Error:","timestamp":"2026-06-27T19:45:44.403Z"}
{"level":"error","message":"❌ Failed to update inventory:","timestamp":"2026-06-27T19:45:44.406Z"}
{"level":"error","message":"❌ Shopify API Error:","timestamp":"2026-06-27T19:45:44.406Z"}
{"level":"error","message":"❌ Failed to update inventory:","timestamp":"2026-06-27T19:45:44.873Z"}
{"level":"error","message":"❌ Shopify API Error:","timestamp":"2026-06-27T19:45:44.873Z"}
{"level":"error","message":"❌ Sync inventory error:","timestamp":"2026-06-27T19:45:44.873Z"}
{"level":"error","message":"❌ Failed to update inventory:","timestamp":"2026-06-27T19:45:44.874Z"}
{"level":"error","message":"❌ Shopify API Error:","timestamp":"2026-06-27T19:45:44.874Z"}
{"level":"error","message":"❌ Failed to update inventory:","timestamp":"2026-06-27T19:45:44.883Z"}
{"level":"error","message":"❌ Shopify API Error:","timestamp":"2026-06-27T19:45:44.883Z"}
{"level":"error","message":"❌ Failed to update inventory:","timestamp":"2026-06-27T19:45:44.884Z"}
{"level":"error","message":"❌ Shopify API Error:","timestamp":"2026-06-27T19:45:44.884Z"}
{"level":"error","message":"❌ Failed to update inventory:","timestamp":"2026-06-27T19:45:44.886Z"}
{"level":"error","message":"❌ Shopify API Error:","timestamp":"2026-06-27T19:45:44.886Z"}
{"level":"error","message":"❌ Failed to update inventory:","timestamp":"2026-06-27T19:45:44.887Z"}
{"level":"error","message":"❌ Shopify API Error:","timestamp":"2026-06-27T19:45:44.887Z"}
{"level":"error","message":"❌ Failed to update inventory:","timestamp":"2026-06-27T19:45:45.370Z"}
{"level":"error","message":"❌ Shopify API Error:","timestamp":"2026-06-27T19:45:45.370Z"}
{"level":"error","message":"❌ Sync inventory error:","timestamp":"2026-06-27T19:45:45.370Z"}
{"level":"error","message":"❌ Failed to update inventory:","timestamp":"2026-06-27T19:45:45.372Z"}
{"level":"error","message":"❌ Shopify API Error:","timestamp":"2026-06-27T19:45:45.372Z"}
{"level":"error","message":"❌ Failed to update inventory:","timestamp":"2026-06-27T19:45:45.372Z"}
{"level":"error","message":"❌ Shopify API Error:","timestamp":"2026-06-27T19:45:45.373Z"}
{"level":"error","message":"❌ Failed to update inventory:","timestamp":"2026-06-27T19:45:45.373Z"}
{"level":"error","message":"❌ Shopify API Error:","timestamp":"2026-06-27T19:45:45.373Z"}
{"level":"error","message":"❌ Failed to update inventory:","timestamp":"2026-06-27T19:45:45.384Z"}
{"level":"error","message":"❌ Shopify API Error:","timestamp":"2026-06-27T19:45:45.385Z"}
{"level":"error","message":"❌ Failed to update inventory:","timestamp":"2026-06-27T19:45:45.392Z"}
{"level":"error","message":"❌ Shopify API Error:","timestamp":"2026-06-27T19:45:45.392Z"}
{"level":"error","message":"❌ Failed to update inventory:","timestamp":"2026-06-27T19:45:45.859Z"}
{"level":"error","message":"❌ Shopify API Error:","timestamp":"2026-06-27T19:45:45.860Z"}
{"level":"error","message":"❌ Sync inventory error:","timestamp":"2026-06-27T19:45:45.860Z"}
{"level":"error","message":"❌ Failed to update inventory:","timestamp":"2026-06-27T19:45:45.864Z"}
{"level":"error","message":"❌ Shopify API Error:","timestamp":"2026-06-27T19:45:45.864Z"}
{"level":"error","message":"❌ Failed to update inventory:","timestamp":"2026-06-27T19:45:45.867Z"}
{"level":"error","message":"❌ Shopify API Error:","timestamp":"2026-06-27T19:45:45.867Z"}
{"level":"error","message":"❌ Failed to update inventory:","timestamp":"2026-06-27T19:45:45.869Z"}
{"level":"error","message":"❌ Shopify API Error:","timestamp":"2026-06-27T19:45:45.870Z"}
{"level":"error","message":"❌ Failed to update inventory:","timestamp":"2026-06-27T19:45:45.886Z"}
{"level":"error","message":"❌ Shopify API Error:","timestamp":"2026-06-27T19:45:45.886Z"}
{"level":"error","message":"❌ Failed to update inventory:","timestamp":"2026-06-27T19:45:45.888Z"}
{"level":"error","message":"❌ Shopify API Error:","timestamp":"2026-06-27T19:45:45.888Z"}
{"level":"error","message":"❌ Failed to update inventory:","timestamp":"2026-06-27T19:45:46.383Z"}
{"level":"error","message":"❌ Shopify API Error:","timestamp":"2026-06-27T19:45:46.384Z"}
{"level":"error","message":"❌ Sync inventory error:","timestamp":"2026-06-27T19:45:46.384Z"}
{"level":"error","message":"❌ Failed to update inventory:","timestamp":"2026-06-27T19:45:46.386Z"}
{"level":"error","message":"❌ Shopify API Error:","timestamp":"2026-06-27T19:45:46.387Z"}
{"level":"error","message":"❌ Failed to update inventory:","timestamp":"2026-06-27T19:45:46.389Z"}
{"level":"error","message":"❌ Shopify API Error:","timestamp":"2026-06-27T19:45:46.389Z"}
{"level":"error","message":"❌ Failed to update inventory:","timestamp":"2026-06-27T19:45:46.392Z"}
{"level":"error","message":"❌ Shopify API Error:","timestamp":"2026-06-27T19:45:46.392Z"}
{"level":"error","message":"❌ Failed to update inventory:","timestamp":"2026-06-27T19:45:46.393Z"}
{"level":"error","message":"❌ Shopify API Error:","timestamp":"2026-06-27T19:45:46.393Z"}
{"level":"error","message":"❌ Failed to update inventory:","timestamp":"2026-06-27T19:45:46.394Z"}
{"level":"error","message":"❌ Shopify API Error:","timestamp":"2026-06-27T19:45:46.394Z"}
{"level":"error","message":"❌ Failed to update inventory:","timestamp":"2026-06-27T19:45:46.936Z"}
{"level":"error","message":"❌ Shopify API Error:","timestamp":"2026-06-27T19:45:46.937Z"}
{"level":"error","message":"❌ Sync inventory error:","timestamp":"2026-06-27T19:45:46.937Z"}
{"level":"error","message":"❌ Failed to update inventory:","timestamp":"2026-06-27T19:45:46.938Z"}
{"level":"error","message":"❌ Shopify API Error:","timestamp":"2026-06-27T19:45:46.939Z"}
{"level":"error","message":"❌ Failed to update inventory:","timestamp":"2026-06-27T19:45:46.940Z"}
{"level":"error","message":"❌ Shopify API Error:","timestamp":"2026-06-27T19:45:46.940Z"}
{"level":"error","message":"❌ Failed to update inventory:","timestamp":"2026-06-27T19:45:46.941Z"}
{"level":"error","message":"❌ Shopify API Error:","timestamp":"2026-06-27T19:45:46.941Z"}
{"level":"error","message":"❌ Failed to update inventory:","timestamp":"2026-06-27T19:45:46.942Z"}
{"level":"error","message":"❌ Shopify API Error:","timestamp":"2026-06-27T19:45:46.942Z"}
{"level":"error","message":"❌ Failed to update inventory:","timestamp":"2026-06-27T19:45:46.943Z"}
{"level":"error","message":"❌ Shopify API Error:","timestamp":"2026-06-27T19:45:46.943Z"}
{"level":"error","message":"❌ Failed to update inventory:","timestamp":"2026-06-27T19:45:47.435Z"}
{"level":"error","message":"❌ Shopify API Error:","timestamp":"2026-06-27T19:45:47.435Z"}
{"level":"error","message":"❌ Sync inventory error:","timestamp":"2026-06-27T19:45:47.435Z"}
{"level":"error","message":"❌ Failed to update inventory:","timestamp":"2026-06-27T19:45:47.451Z"}
{"level":"error","message":"❌ Shopify API Error:","timestamp":"2026-06-27T19:45:47.451Z"}
{"level":"error","message":"❌ Failed to update inventory:","timestamp":"2026-06-27T19:45:47.453Z"}
{"level":"error","message":"❌ Shopify API Error:","timestamp":"2026-06-27T19:45:47.453Z"}
{"level":"error","message":"❌ Failed to update inventory:","timestamp":"2026-06-27T19:45:47.454Z"}
{"level":"error","message":"❌ Shopify API Error:","timestamp":"2026-06-27T19:45:47.455Z"}
{"level":"error","message":"❌ Failed to update inventory:","timestamp":"2026-06-27T19:45:47.482Z"}
{"level":"error","message":"❌ Shopify API Error:","timestamp":"2026-06-27T19:45:47.482Z"}
{"level":"error","message":"❌ Failed to get product 10247418511643:","timestamp":"2026-06-27T19:45:47.761Z"}
{"level":"error","message":"❌ Failed to update inventory:","timestamp":"2026-06-27T19:45:47.765Z"}
{"level":"error","message":"❌ Shopify API Error:","timestamp":"2026-06-27T19:45:47.765Z"}
{"level":"error","message":"❌ Failed to update inventory:","timestamp":"2026-06-27T19:45:48.724Z"}
{"level":"error","message":"❌ Shopify API Error:","timestamp":"2026-06-27T19:45:48.724Z"}
{"level":"error","message":"❌ Sync inventory error:","timestamp":"2026-06-27T19:45:48.724Z"}
{"level":"error","message":"❌ Failed to update inventory:","timestamp":"2026-06-27T19:45:48.725Z"}
{"level":"error","message":"❌ Shopify API Error:","timestamp":"2026-06-27T19:45:48.725Z"}
{"level":"error","message":"❌ Failed to update inventory:","timestamp":"2026-06-27T19:45:48.727Z"}
{"level":"error","message":"❌ Shopify API Error:","timestamp":"2026-06-27T19:45:48.727Z"}
{"level":"error","message":"❌ Failed to update inventory:","timestamp":"2026-06-27T19:45:48.732Z"}
{"level":"error","message":"❌ Shopify API Error:","timestamp":"2026-06-27T19:45:48.733Z"}
{"level":"error","message":"❌ Failed to update inventory:","timestamp":"2026-06-27T19:45:48.779Z"}
{"level":"error","message":"❌ Shopify API Error:","timestamp":"2026-06-27T19:45:48.779Z"}
{"level":"error","message":"❌ Failed to get product 10247419068699:","timestamp":"2026-06-27T19:45:48.989Z"}
{"level":"error","message":"❌ Failed to update inventory:","timestamp":"2026-06-27T19:45:49.056Z"}
{"level":"error","message":"❌ Shopify API Error:","timestamp":"2026-06-27T19:45:49.056Z"}
{"level":"error","message":"❌ Failed to get product 10247419199771:","timestamp":"2026-06-27T19:45:49.206Z"}
{"level":"error","message":"❌ Failed to get product 10247418609947:","timestamp":"2026-06-27T19:45:49.466Z"}
{"level":"error","message":"❌ Failed to update inventory:","timestamp":"2026-06-27T19:45:49.956Z"}
{"level":"error","message":"❌ Shopify API Error:","timestamp":"2026-06-27T19:45:49.956Z"}
{"level":"error","message":"❌ Sync inventory error:","timestamp":"2026-06-27T19:45:49.956Z"}
{"level":"error","message":"❌ Failed to update inventory:","timestamp":"2026-06-27T19:45:49.959Z"}
{"level":"error","message":"❌ Shopify API Error:","timestamp":"2026-06-27T19:45:49.960Z"}
{"level":"error","message":"❌ Failed to update inventory:","timestamp":"2026-06-27T19:45:49.962Z"}
{"level":"error","message":"❌ Shopify API Error:","timestamp":"2026-06-27T19:45:49.962Z"}
{"level":"error","message":"❌ Failed to update inventory:","timestamp":"2026-06-27T19:45:50.009Z"}
{"level":"error","message":"❌ Shopify API Error:","timestamp":"2026-06-27T19:45:50.009Z"}
{"level":"error","message":"❌ Failed to update inventory:","timestamp":"2026-06-27T19:45:50.010Z"}
{"level":"error","message":"❌ Shopify API Error:","timestamp":"2026-06-27T19:45:50.010Z"}
{"level":"error","message":"❌ Failed to get product 10247419461915:","timestamp":"2026-06-27T19:45:50.230Z"}
{"level":"error","message":"❌ Failed to update inventory:","timestamp":"2026-06-27T19:45:50.278Z"}
{"level":"error","message":"❌ Shopify API Error:","timestamp":"2026-06-27T19:45:50.278Z"}
{"level":"error","message":"❌ Failed to update inventory:","timestamp":"2026-06-27T19:45:50.752Z"}
{"level":"error","message":"❌ Shopify API Error:","timestamp":"2026-06-27T19:45:50.753Z"}
{"level":"error","message":"❌ Sync inventory error:","timestamp":"2026-06-27T19:45:50.753Z"}
{"level":"error","message":"❌ Failed to update inventory:","timestamp":"2026-06-27T19:45:50.758Z"}
{"level":"error","message":"❌ Shopify API Error:","timestamp":"2026-06-27T19:45:50.758Z"}
{"level":"error","message":"❌ Failed to update inventory:","timestamp":"2026-06-27T19:45:50.762Z"}
{"level":"error","message":"❌ Shopify API Error:","timestamp":"2026-06-27T19:45:50.762Z"}
{"level":"error","message":"❌ Failed to update inventory:","timestamp":"2026-06-27T19:45:50.766Z"}
{"level":"error","message":"❌ Shopify API Error:","timestamp":"2026-06-27T19:45:50.766Z"}
{"level":"error","message":"❌ Failed to update inventory:","timestamp":"2026-06-27T19:45:50.774Z"}
{"level":"error","message":"❌ Shopify API Error:","timestamp":"2026-06-27T19:45:50.774Z"}
{"level":"error","message":"❌ Failed to update inventory:","timestamp":"2026-06-27T19:45:50.779Z"}
{"level":"error","message":"❌ Shopify API Error:","timestamp":"2026-06-27T19:45:50.779Z"}
{"level":"error","message":"❌ Failed to update inventory:","timestamp":"2026-06-27T19:45:51.240Z"}
{"level":"error","message":"❌ Shopify API Error:","timestamp":"2026-06-27T19:45:51.240Z"}
{"level":"error","message":"❌ Sync inventory error:","timestamp":"2026-06-27T19:45:51.240Z"}
{"level":"error","message":"❌ Failed to update inventory:","timestamp":"2026-06-27T19:45:51.243Z"}
{"level":"error","message":"❌ Shopify API Error:","timestamp":"2026-06-27T19:45:51.243Z"}
{"level":"error","message":"❌ Failed to update inventory:","timestamp":"2026-06-27T19:45:51.248Z"}
{"level":"error","message":"❌ Shopify API Error:","timestamp":"2026-06-27T19:45:51.248Z"}
{"level":"error","message":"❌ Failed to update inventory:","timestamp":"2026-06-27T19:45:51.249Z"}
{"level":"error","message":"❌ Shopify API Error:","timestamp":"2026-06-27T19:45:51.250Z"}
{"level":"error","message":"❌ Failed to update inventory:","timestamp":"2026-06-27T19:45:51.254Z"}
{"level":"error","message":"❌ Shopify API Error:","timestamp":"2026-06-27T19:45:51.254Z"}
{"level":"error","message":"❌ Failed to update inventory:","timestamp":"2026-06-27T19:45:51.260Z"}
{"level":"error","message":"❌ Shopify API Error:","timestamp":"2026-06-27T19:45:51.261Z"}
{"level":"error","message":"❌ Failed to update inventory:","timestamp":"2026-06-27T19:45:51.719Z"}
{"level":"error","message":"❌ Shopify API Error:","timestamp":"2026-06-27T19:45:51.719Z"}
{"level":"error","message":"❌ Sync inventory error:","timestamp":"2026-06-27T19:45:51.720Z"}
{"level":"error","message":"❌ Failed to update inventory:","timestamp":"2026-06-27T19:45:51.725Z"}
{"level":"error","message":"❌ Shopify API Error:","timestamp":"2026-06-27T19:45:51.725Z"}
{"level":"error","message":"❌ Failed to update inventory:","timestamp":"2026-06-27T19:45:51.733Z"}
{"level":"error","message":"❌ Shopify API Error:","timestamp":"2026-06-27T19:45:51.735Z"}
{"level":"error","message":"❌ Failed to update inventory:","timestamp":"2026-06-27T19:45:51.738Z"}
{"level":"error","message":"❌ Shopify API Error:","timestamp":"2026-06-27T19:45:51.739Z"}
{"level":"error","message":"❌ Failed to update inventory:","timestamp":"2026-06-27T19:45:51.756Z"}
{"level":"error","message":"❌ Shopify API Error:","timestamp":"2026-06-27T19:45:51.756Z"}
{"level":"error","message":"❌ Failed to update inventory:","timestamp":"2026-06-27T19:45:51.768Z"}
{"level":"error","message":"❌ Shopify API Error:","timestamp":"2026-06-27T19:45:51.769Z"}
{"level":"error","message":"❌ Failed to get product 10247419265307:","timestamp":"2026-06-27T19:45:51.972Z"}
{"level":"error","message":"❌ Failed to update inventory:","timestamp":"2026-06-27T19:45:52.452Z"}
{"level":"error","message":"❌ Shopify API Error:","timestamp":"2026-06-27T19:45:52.452Z"}
{"level":"error","message":"❌ Sync inventory error:","timestamp":"2026-06-27T19:45:52.452Z"}
{"level":"error","message":"❌ Failed to update inventory:","timestamp":"2026-06-27T19:45:52.460Z"}
{"level":"error","message":"❌ Shopify API Error:","timestamp":"2026-06-27T19:45:52.461Z"}
{"level":"error","message":"❌ Failed to update inventory:","timestamp":"2026-06-27T19:45:52.463Z"}
{"level":"error","message":"❌ Shopify API Error:","timestamp":"2026-06-27T19:45:52.463Z"}
{"level":"error","message":"❌ Failed to update inventory:","timestamp":"2026-06-27T19:45:52.481Z"}
{"level":"error","message":"❌ Shopify API Error:","timestamp":"2026-06-27T19:45:52.482Z"}
{"level":"error","message":"❌ Failed to update inventory:","timestamp":"2026-06-27T19:45:52.518Z"}
{"level":"error","message":"❌ Shopify API Error:","timestamp":"2026-06-27T19:45:52.518Z"}
{"level":"error","message":"❌ Failed to get product 10247419658523:","timestamp":"2026-06-27T19:45:52.693Z"}
{"level":"error","message":"❌ Failed to update inventory:","timestamp":"2026-06-27T19:45:52.793Z"}
{"level":"error","message":"❌ Shopify API Error:","timestamp":"2026-06-27T19:45:52.794Z"}
{"level":"error","message":"❌ Failed to get product 10247418577179:","timestamp":"2026-06-27T19:45:52.944Z"}
{"level":"error","message":"❌ Failed to update inventory:","timestamp":"2026-06-27T19:45:53.487Z"}
{"level":"error","message":"❌ Shopify API Error:","timestamp":"2026-06-27T19:45:53.488Z"}
{"level":"error","message":"❌ Sync inventory error:","timestamp":"2026-06-27T19:45:53.488Z"}
{"level":"error","message":"❌ Failed to update inventory:","timestamp":"2026-06-27T19:45:53.493Z"}
{"level":"error","message":"❌ Shopify API Error:","timestamp":"2026-06-27T19:45:53.493Z"}
{"level":"error","message":"❌ Failed to update inventory:","timestamp":"2026-06-27T19:45:53.500Z"}
{"level":"error","message":"❌ Shopify API Error:","timestamp":"2026-06-27T19:45:53.501Z"}
{"level":"error","message":"❌ Failed to update inventory:","timestamp":"2026-06-27T19:45:53.535Z"}
{"level":"error","message":"❌ Shopify API Error:","timestamp":"2026-06-27T19:45:53.535Z"}
{"level":"error","message":"❌ Failed to update inventory:","timestamp":"2026-06-27T19:45:53.597Z"}
{"level":"error","message":"❌ Shopify API Error:","timestamp":"2026-06-27T19:45:53.597Z"}
{"level":"error","message":"❌ Failed to get product 10247420281115:","timestamp":"2026-06-27T19:45:53.729Z"}
{"level":"error","message":"❌ Failed to update inventory:","timestamp":"2026-06-27T19:45:53.768Z"}
{"level":"error","message":"❌ Shopify API Error:","timestamp":"2026-06-27T19:45:53.769Z"}
{"level":"error","message":"❌ Failed to get product 10247420182811:","timestamp":"2026-06-27T19:45:53.964Z"}
{"level":"error","message":"❌ Failed to update inventory:","timestamp":"2026-06-27T19:45:54.445Z"}
{"level":"error","message":"❌ Shopify API Error:","timestamp":"2026-06-27T19:45:54.445Z"}
{"level":"error","message":"❌ Sync inventory error:","timestamp":"2026-06-27T19:45:54.445Z"}
{"level":"error","message":"❌ Failed to update inventory:","timestamp":"2026-06-27T19:45:54.453Z"}
{"level":"error","message":"❌ Shopify API Error:","timestamp":"2026-06-27T19:45:54.453Z"}
{"level":"error","message":"❌ Failed to update inventory:","timestamp":"2026-06-27T19:45:54.454Z"}
{"level":"error","message":"❌ Shopify API Error:","timestamp":"2026-06-27T19:45:54.455Z"}
{"level":"error","message":"❌ Failed to update inventory:","timestamp":"2026-06-27T19:45:54.463Z"}
{"level":"error","message":"❌ Shopify API Error:","timestamp":"2026-06-27T19:45:54.463Z"}
{"level":"error","message":"❌ Failed to update inventory:","timestamp":"2026-06-27T19:45:54.480Z"}
{"level":"error","message":"❌ Shopify API Error:","timestamp":"2026-06-27T19:45:54.482Z"}
{"level":"error","message":"❌ Failed to get product 10247419887899:","timestamp":"2026-06-27T19:45:54.706Z"}
{"level":"error","message":"❌ Failed to update inventory:","timestamp":"2026-06-27T19:45:54.736Z"}
{"level":"error","message":"❌ Shopify API Error:","timestamp":"2026-06-27T19:45:54.736Z"}
{"level":"error","message":"❌ Failed to get product 10247420117275:","timestamp":"2026-06-27T19:45:54.949Z"}
{"level":"error","message":"❌ Failed to update inventory:","timestamp":"2026-06-27T19:45:55.448Z"}
{"level":"error","message":"❌ Shopify API Error:","timestamp":"2026-06-27T19:45:55.449Z"}
{"level":"error","message":"❌ Sync inventory error:","timestamp":"2026-06-27T19:45:55.449Z"}
{"level":"error","message":"❌ Failed to update inventory:","timestamp":"2026-06-27T19:45:55.450Z"}
{"level":"error","message":"❌ Shopify API Error:","timestamp":"2026-06-27T19:45:55.455Z"}
{"level":"error","message":"❌ Failed to update inventory:","timestamp":"2026-06-27T19:45:55.460Z"}
{"level":"error","message":"❌ Shopify API Error:","timestamp":"2026-06-27T19:45:55.460Z"}
{"level":"error","message":"❌ Failed to update inventory:","timestamp":"2026-06-27T19:45:55.462Z"}
{"level":"error","message":"❌ Shopify API Error:","timestamp":"2026-06-27T19:45:55.467Z"}
{"level":"error","message":"❌ Failed to update inventory:","timestamp":"2026-06-27T19:45:55.468Z"}
{"level":"error","message":"❌ Shopify API Error:","timestamp":"2026-06-27T19:45:55.468Z"}
{"level":"error","message":"❌ Failed to update inventory:","timestamp":"2026-06-27T19:45:55.480Z"}
{"level":"error","message":"❌ Shopify API Error:","timestamp":"2026-06-27T19:45:55.481Z"}
{"level":"error","message":"❌ Failed to update inventory:","timestamp":"2026-06-27T19:45:55.957Z"}
{"level":"error","message":"❌ Shopify API Error:","timestamp":"2026-06-27T19:45:55.958Z"}
{"level":"error","message":"❌ Sync inventory error:","timestamp":"2026-06-27T19:45:55.958Z"}
{"level":"error","message":"❌ Failed to update inventory:","timestamp":"2026-06-27T19:45:55.962Z"}
{"level":"error","message":"❌ Shopify API Error:","timestamp":"2026-06-27T19:45:55.963Z"}
{"level":"error","message":"❌ Failed to update inventory:","timestamp":"2026-06-27T19:45:55.981Z"}
{"level":"error","message":"❌ Shopify API Error:","timestamp":"2026-06-27T19:45:55.981Z"}
{"level":"error","message":"❌ Failed to update inventory:","timestamp":"2026-06-27T19:45:56.003Z"}
{"level":"error","message":"❌ Shopify API Error:","timestamp":"2026-06-27T19:45:56.003Z"}
{"level":"error","message":"❌ Failed to get product 10247419822363:","timestamp":"2026-06-27T19:45:56.216Z"}
{"level":"error","message":"❌ Failed to update inventory:","timestamp":"2026-06-27T19:45:56.242Z"}
{"level":"error","message":"❌ Shopify API Error:","timestamp":"2026-06-27T19:45:56.242Z"}
{"level":"error","message":"❌ Failed to update inventory:","timestamp":"2026-06-27T19:45:56.259Z"}
{"level":"error","message":"❌ Shopify API Error:","timestamp":"2026-06-27T19:45:56.259Z"}
{"level":"error","message":"❌ Failed to get product 10247419986203:","timestamp":"2026-06-27T19:45:56.452Z"}
{"level":"error","message":"❌ Failed to update inventory:","timestamp":"2026-06-27T19:45:56.943Z"}
{"level":"error","message":"❌ Shopify API Error:","timestamp":"2026-06-27T19:45:56.949Z"}
{"level":"error","message":"❌ Sync inventory error:","timestamp":"2026-06-27T19:45:56.950Z"}
{"level":"error","message":"❌ Failed to update inventory:","timestamp":"2026-06-27T19:45:56.953Z"}
{"level":"error","message":"❌ Shopify API Error:","timestamp":"2026-06-27T19:45:56.968Z"}
{"level":"error","message":"❌ Failed to update inventory:","timestamp":"2026-06-27T19:45:56.977Z"}
{"level":"error","message":"❌ Shopify API Error:","timestamp":"2026-06-27T19:45:56.983Z"}
{"level":"error","message":"❌ Failed to update inventory:","timestamp":"2026-06-27T19:45:56.986Z"}
{"level":"error","message":"❌ Shopify API Error:","timestamp":"2026-06-27T19:45:56.987Z"}
{"level":"error","message":"❌ Failed to update inventory:","timestamp":"2026-06-27T19:45:56.989Z"}
{"level":"error","message":"❌ Shopify API Error:","timestamp":"2026-06-27T19:45:56.989Z"}
{"level":"error","message":"❌ Failed to update inventory:","timestamp":"2026-06-27T19:45:56.991Z"}
{"level":"error","message":"❌ Shopify API Error:","timestamp":"2026-06-27T19:45:56.992Z"}
{"level":"error","message":"❌ Failed to update inventory:","timestamp":"2026-06-27T19:45:57.479Z"}
{"level":"error","message":"❌ Shopify API Error:","timestamp":"2026-06-27T19:45:57.480Z"}
{"level":"error","message":"❌ Sync inventory error:","timestamp":"2026-06-27T19:45:57.480Z"}
{"level":"error","message":"❌ Failed to update inventory:","timestamp":"2026-06-27T19:45:57.482Z"}
{"level":"error","message":"❌ Shopify API Error:","timestamp":"2026-06-27T19:45:57.482Z"}
{"level":"error","message":"❌ Failed to update inventory:","timestamp":"2026-06-27T19:45:57.484Z"}
{"level":"error","message":"❌ Shopify API Error:","timestamp":"2026-06-27T19:45:57.484Z"}
{"level":"error","message":"❌ Failed to update inventory:","timestamp":"2026-06-27T19:45:57.489Z"}
{"level":"error","message":"❌ Shopify API Error:","timestamp":"2026-06-27T19:45:57.490Z"}
{"level":"error","message":"❌ Failed to update inventory:","timestamp":"2026-06-27T19:45:57.506Z"}
{"level":"error","message":"❌ Shopify API Error:","timestamp":"2026-06-27T19:45:57.507Z"}
{"level":"error","message":"❌ Failed to get product 10247419953435:","timestamp":"2026-06-27T19:45:57.710Z"}
{"level":"error","message":"❌ Failed to update inventory:","timestamp":"2026-06-27T19:45:57.735Z"}
{"level":"error","message":"❌ Shopify API Error:","timestamp":"2026-06-27T19:45:57.735Z"}
{"level":"error","message":"❌ Failed to update inventory:","timestamp":"2026-06-27T19:45:58.389Z"}
{"level":"error","message":"❌ Shopify API Error:","timestamp":"2026-06-27T19:45:58.390Z"}
{"level":"error","message":"❌ Sync inventory error:","timestamp":"2026-06-27T19:45:58.390Z"}
{"level":"error","message":"❌ Failed to update inventory:","timestamp":"2026-06-27T19:45:58.396Z"}
{"level":"error","message":"❌ Shopify API Error:","timestamp":"2026-06-27T19:45:58.397Z"}
{"level":"error","message":"❌ Failed to update inventory:","timestamp":"2026-06-27T19:45:58.404Z"}
{"level":"error","message":"❌ Shopify API Error:","timestamp":"2026-06-27T19:45:58.405Z"}
{"level":"error","message":"❌ Failed to update inventory:","timestamp":"2026-06-27T19:45:58.407Z"}
{"level":"error","message":"❌ Shopify API Error:","timestamp":"2026-06-27T19:45:58.407Z"}
{"level":"error","message":"❌ Failed to update inventory:","timestamp":"2026-06-27T19:45:58.437Z"}
{"level":"error","message":"❌ Shopify API Error:","timestamp":"2026-06-27T19:45:58.437Z"}
{"level":"error","message":"❌ Failed to update inventory:","timestamp":"2026-06-27T19:45:58.456Z"}
{"level":"error","message":"❌ Shopify API Error:","timestamp":"2026-06-27T19:45:58.457Z"}
{"level":"error","message":"❌ Failed to update inventory:","timestamp":"2026-06-27T20:28:14.852Z"}
{"level":"error","message":"❌ Shopify API Error:","timestamp":"2026-06-27T20:28:14.855Z"}
{"level":"error","message":"❌ Failed to update inventory:","timestamp":"2026-06-27T20:28:14.870Z"}
{"level":"error","message":"❌ Shopify API Error:","timestamp":"2026-06-27T20:28:14.870Z"}
{"level":"error","message":"❌ Failed to update inventory:","timestamp":"2026-06-27T20:28:14.874Z"}
{"level":"error","message":"❌ Shopify API Error:","timestamp":"2026-06-27T20:28:14.875Z"}
{"level":"error","message":"❌ Failed to update inventory:","timestamp":"2026-06-27T20:28:14.905Z"}
{"level":"error","message":"❌ Shopify API Error:","timestamp":"2026-06-27T20:28:14.906Z"}
{"level":"error","message":"❌ Failed to update inventory:","timestamp":"2026-06-27T20:28:15.101Z"}
{"level":"error","message":"❌ Shopify API Error:","timestamp":"2026-06-27T20:28:15.102Z"}
{"level":"error","message":"❌ Failed to update inventory:","timestamp":"2026-06-27T20:28:15.724Z"}
{"level":"error","message":"❌ Shopify API Error:","timestamp":"2026-06-27T20:28:15.724Z"}
{"level":"error","message":"❌ Failed to update inventory:","timestamp":"2026-06-27T20:28:15.753Z"}
{"level":"error","message":"❌ Shopify API Error:","timestamp":"2026-06-27T20:28:15.753Z"}
{"level":"error","message":"❌ Failed to update inventory:","timestamp":"2026-06-27T20:28:15.775Z"}
{"level":"error","message":"❌ Shopify API Error:","timestamp":"2026-06-27T20:28:15.775Z"}
{"level":"error","message":"❌ Failed to update inventory:","timestamp":"2026-06-27T20:28:15.897Z"}
{"level":"error","message":"❌ Shopify API Error:","timestamp":"2026-06-27T20:28:15.898Z"}
{"level":"error","message":"❌ Failed to update inventory:","timestamp":"2026-06-27T20:28:16.552Z"}
{"level":"error","message":"❌ Shopify API Error:","timestamp":"2026-06-27T20:28:16.552Z"}
{"level":"error","message":"❌ Failed to update inventory:","timestamp":"2026-06-27T20:28:16.566Z"}
{"level":"error","message":"❌ Shopify API Error:","timestamp":"2026-06-27T20:28:16.567Z"}
{"level":"error","message":"❌ Failed to update inventory:","timestamp":"2026-06-27T20:28:16.667Z"}
{"level":"error","message":"❌ Shopify API Error:","timestamp":"2026-06-27T20:28:16.667Z"}
{"level":"error","message":"❌ Failed to update inventory:","timestamp":"2026-06-27T20:28:17.366Z"}
{"level":"error","message":"❌ Shopify API Error:","timestamp":"2026-06-27T20:28:17.366Z"}
{"level":"error","message":"❌ Failed to update inventory:","timestamp":"2026-06-27T20:28:17.420Z"}
{"level":"error","message":"❌ Shopify API Error:","timestamp":"2026-06-27T20:28:17.421Z"}
{"level":"error","message":"❌ Failed to update inventory:","timestamp":"2026-06-27T20:28:18.320Z"}
{"level":"error","message":"❌ Shopify API Error:","timestamp":"2026-06-27T20:28:18.321Z"}
{"level":"error","message":"❌ Failed to update inventory:","timestamp":"2026-06-27T20:28:18.342Z"}
{"level":"error","message":"❌ Shopify API Error:","timestamp":"2026-06-27T20:28:18.342Z"}
{"level":"error","message":"❌ Failed to update inventory:","timestamp":"2026-06-27T20:28:19.108Z"}
{"level":"error","message":"❌ Shopify API Error:","timestamp":"2026-06-27T20:28:19.108Z"}
{"level":"error","message":"❌ Failed to update inventory:","timestamp":"2026-06-27T20:28:19.114Z"}
{"level":"error","message":"❌ Shopify API Error:","timestamp":"2026-06-27T20:28:19.115Z"}
{"level":"error","message":"❌ Failed to update inventory:","timestamp":"2026-06-27T20:28:19.118Z"}
{"level":"error","message":"❌ Shopify API Error:","timestamp":"2026-06-27T20:28:19.118Z"}
{"level":"error","message":"❌ Failed to update inventory:","timestamp":"2026-06-27T20:28:19.202Z"}
{"level":"error","message":"❌ Shopify API Error:","timestamp":"2026-06-27T20:28:19.202Z"}
{"level":"error","message":"❌ Failed to update inventory:","timestamp":"2026-06-27T20:28:19.644Z"}
{"level":"error","message":"❌ Shopify API Error:","timestamp":"2026-06-27T20:28:19.644Z"}
{"level":"error","message":"❌ Failed to update inventory:","timestamp":"2026-06-27T20:28:19.659Z"}
{"level":"error","message":"❌ Shopify API Error:","timestamp":"2026-06-27T20:28:19.660Z"}
{"level":"error","message":"❌ Failed to update inventory:","timestamp":"2026-06-27T20:28:19.720Z"}
{"level":"error","message":"❌ Shopify API Error:","timestamp":"2026-06-27T20:28:19.721Z"}
{"level":"error","message":"❌ Failed to update inventory:","timestamp":"2026-06-27T20:28:19.897Z"}
{"level":"error","message":"❌ Shopify API Error:","timestamp":"2026-06-27T20:28:19.898Z"}
{"level":"error","message":"❌ Failed to update inventory:","timestamp":"2026-06-27T20:28:19.898Z"}
{"level":"error","message":"❌ Shopify API Error:","timestamp":"2026-06-27T20:28:19.898Z"}
{"level":"error","message":"❌ Failed to get product 10278438764827:","timestamp":"2026-06-27T20:28:19.915Z"}
{"level":"error","message":"❌ Failed to update inventory:","timestamp":"2026-06-27T20:28:19.933Z"}
{"level":"error","message":"❌ Shopify API Error:","timestamp":"2026-06-27T20:28:19.934Z"}
{"level":"error","message":"❌ Failed to get product 10278376603931:","timestamp":"2026-06-27T20:28:20.171Z"}
{"level":"error","message":"❌ Failed to update inventory:","timestamp":"2026-06-27T20:28:20.677Z"}
{"level":"error","message":"❌ Shopify API Error:","timestamp":"2026-06-27T20:28:20.677Z"}
{"level":"error","message":"❌ Failed to update inventory:","timestamp":"2026-06-27T20:28:20.682Z"}
{"level":"error","message":"❌ Shopify API Error:","timestamp":"2026-06-27T20:28:20.682Z"}
{"level":"error","message":"❌ Failed to update inventory:","timestamp":"2026-06-27T20:28:20.684Z"}
{"level":"error","message":"❌ Shopify API Error:","timestamp":"2026-06-27T20:28:20.684Z"}
{"level":"error","message":"❌ Failed to update inventory:","timestamp":"2026-06-27T20:28:20.709Z"}
{"level":"error","message":"❌ Shopify API Error:","timestamp":"2026-06-27T20:28:20.709Z"}
{"level":"error","message":"❌ Failed to update inventory:","timestamp":"2026-06-27T20:28:20.729Z"}
{"level":"error","message":"❌ Shopify API Error:","timestamp":"2026-06-27T20:28:20.729Z"}
{"level":"error","message":"❌ Failed to get product 10278454493467:","timestamp":"2026-06-27T20:28:20.922Z"}
{"level":"error","message":"❌ Failed to get product 10278446989595:","timestamp":"2026-06-27T20:28:21.203Z"}
{"level":"error","message":"❌ Failed to update inventory:","timestamp":"2026-06-27T20:28:21.276Z"}
{"level":"error","message":"❌ Shopify API Error:","timestamp":"2026-06-27T20:28:21.276Z"}
{"level":"error","message":"❌ Failed to update inventory:","timestamp":"2026-06-27T20:28:21.714Z"}
{"level":"error","message":"❌ Shopify API Error:","timestamp":"2026-06-27T20:28:21.715Z"}
{"level":"error","message":"❌ Failed to update inventory:","timestamp":"2026-06-27T20:28:21.722Z"}
{"level":"error","message":"❌ Shopify API Error:","timestamp":"2026-06-27T20:28:21.722Z"}
{"level":"error","message":"❌ Failed to update inventory:","timestamp":"2026-06-27T20:28:22.212Z"}
{"level":"error","message":"❌ Shopify API Error:","timestamp":"2026-06-27T20:28:22.212Z"}
{"level":"error","message":"❌ Failed to update inventory:","timestamp":"2026-06-27T20:28:22.215Z"}
{"level":"error","message":"❌ Shopify API Error:","timestamp":"2026-06-27T20:28:22.216Z"}
{"level":"error","message":"❌ Failed to update inventory:","timestamp":"2026-06-27T20:28:22.220Z"}
{"level":"error","message":"❌ Shopify API Error:","timestamp":"2026-06-27T20:28:22.221Z"}
{"level":"error","message":"❌ Failed to update inventory:","timestamp":"2026-06-27T20:28:22.705Z"}
{"level":"error","message":"❌ Shopify API Error:","timestamp":"2026-06-27T20:28:22.706Z"}
{"level":"error","message":"❌ Failed to update inventory:","timestamp":"2026-06-27T20:28:22.716Z"}
{"level":"error","message":"❌ Shopify API Error:","timestamp":"2026-06-27T20:28:22.727Z"}
{"level":"error","message":"❌ Failed to update inventory:","timestamp":"2026-06-27T20:28:22.751Z"}
{"level":"error","message":"❌ Shopify API Error:","timestamp":"2026-06-27T20:28:22.751Z"}
{"level":"error","message":"❌ Failed to update inventory:","timestamp":"2026-06-27T20:28:22.753Z"}
{"level":"error","message":"❌ Shopify API Error:","timestamp":"2026-06-27T20:28:22.754Z"}
{"level":"error","message":"❌ Failed to update inventory:","timestamp":"2026-06-27T20:28:23.202Z"}
{"level":"error","message":"❌ Shopify API Error:","timestamp":"2026-06-27T20:28:23.203Z"}
{"level":"error","message":"❌ Failed to update inventory:","timestamp":"2026-06-27T20:28:23.214Z"}
{"level":"error","message":"❌ Shopify API Error:","timestamp":"2026-06-27T20:28:23.215Z"}
{"level":"error","message":"❌ Failed to update inventory:","timestamp":"2026-06-27T20:28:23.217Z"}
{"level":"error","message":"❌ Shopify API Error:","timestamp":"2026-06-27T20:28:23.218Z"}
{"level":"error","message":"❌ Failed to update inventory:","timestamp":"2026-06-27T20:28:23.221Z"}
{"level":"error","message":"❌ Shopify API Error:","timestamp":"2026-06-27T20:28:23.221Z"}
{"level":"error","message":"❌ Failed to update inventory:","timestamp":"2026-06-27T20:28:23.223Z"}
{"level":"error","message":"❌ Shopify API Error:","timestamp":"2026-06-27T20:28:23.223Z"}
{"level":"error","message":"❌ Failed to update inventory:","timestamp":"2026-06-27T20:28:23.239Z"}
{"level":"error","message":"❌ Shopify API Error:","timestamp":"2026-06-27T20:28:23.239Z"}
{"level":"error","message":"❌ Failed to update inventory:","timestamp":"2026-06-27T20:28:23.743Z"}
{"level":"error","message":"❌ Shopify API Error:","timestamp":"2026-06-27T20:28:23.743Z"}
{"level":"error","message":"❌ Failed to update inventory:","timestamp":"2026-06-27T20:28:23.748Z"}
{"level":"error","message":"❌ Shopify API Error:","timestamp":"2026-06-27T20:28:23.749Z"}
{"level":"error","message":"❌ Failed to update inventory:","timestamp":"2026-06-27T20:28:23.750Z"}
{"level":"error","message":"❌ Shopify API Error:","timestamp":"2026-06-27T20:28:23.750Z"}
{"level":"error","message":"❌ Failed to update inventory:","timestamp":"2026-06-27T20:28:23.771Z"}
{"level":"error","message":"❌ Shopify API Error:","timestamp":"2026-06-27T20:28:23.771Z"}
{"level":"error","message":"❌ Failed to get product 10281706357019:","timestamp":"2026-06-27T20:28:24.016Z"}
{"level":"error","message":"❌ Failed to update inventory:","timestamp":"2026-06-27T20:28:24.089Z"}
{"level":"error","message":"❌ Shopify API Error:","timestamp":"2026-06-27T20:28:24.089Z"}
{"level":"error","message":"❌ Failed to get product 10281733783835:","timestamp":"2026-06-27T20:28:24.269Z"}
{"level":"error","message":"❌ Failed to update inventory:","timestamp":"2026-06-27T20:28:24.742Z"}
{"level":"error","message":"❌ Shopify API Error:","timestamp":"2026-06-27T20:28:24.743Z"}
{"level":"error","message":"❌ Failed to update inventory:","timestamp":"2026-06-27T20:28:24.747Z"}
{"level":"error","message":"❌ Shopify API Error:","timestamp":"2026-06-27T20:28:24.747Z"}
{"level":"error","message":"❌ Failed to update inventory:","timestamp":"2026-06-27T20:28:24.758Z"}
{"level":"error","message":"❌ Shopify API Error:","timestamp":"2026-06-27T20:28:24.759Z"}
{"level":"error","message":"❌ Failed to update inventory:","timestamp":"2026-06-27T20:28:24.763Z"}
{"level":"error","message":"❌ Shopify API Error:","timestamp":"2026-06-27T20:28:24.763Z"}
{"level":"error","message":"❌ Failed to update inventory:","timestamp":"2026-06-27T20:28:24.768Z"}
{"level":"error","message":"❌ Shopify API Error:","timestamp":"2026-06-27T20:28:24.768Z"}
{"level":"error","message":"❌ Failed to get product 10281704423707:","timestamp":"2026-06-27T20:28:24.980Z"}
{"level":"error","message":"❌ Failed to update inventory:","timestamp":"2026-06-27T20:28:25.078Z"}
{"level":"error","message":"❌ Shopify API Error:","timestamp":"2026-06-27T20:28:25.079Z"}
{"level":"error","message":"❌ Failed to get product 10281701048603:","timestamp":"2026-06-27T20:28:25.205Z"}
{"level":"error","message":"❌ Failed to update inventory:","timestamp":"2026-06-27T20:28:25.705Z"}
{"level":"error","message":"❌ Shopify API Error:","timestamp":"2026-06-27T20:28:25.705Z"}
{"level":"error","message":"❌ Failed to update inventory:","timestamp":"2026-06-27T20:28:25.710Z"}
{"level":"error","message":"❌ Shopify API Error:","timestamp":"2026-06-27T20:28:25.710Z"}
{"level":"error","message":"❌ Failed to update inventory:","timestamp":"2026-06-27T20:28:25.717Z"}
{"level":"error","message":"❌ Shopify API Error:","timestamp":"2026-06-27T20:28:25.717Z"}
{"level":"error","message":"❌ Failed to update inventory:","timestamp":"2026-06-27T20:28:25.725Z"}
{"level":"error","message":"❌ Shopify API Error:","timestamp":"2026-06-27T20:28:25.726Z"}
{"level":"error","message":"❌ Failed to update inventory:","timestamp":"2026-06-27T20:28:25.742Z"}
{"level":"error","message":"❌ Shopify API Error:","timestamp":"2026-06-27T20:28:25.743Z"}
{"level":"error","message":"❌ Failed to update inventory:","timestamp":"2026-06-27T20:28:25.753Z"}
{"level":"error","message":"❌ Shopify API Error:","timestamp":"2026-06-27T20:28:25.753Z"}
{"level":"error","message":"❌ Failed to update inventory:","timestamp":"2026-06-27T20:28:26.207Z"}
{"level":"error","message":"❌ Shopify API Error:","timestamp":"2026-06-27T20:28:26.208Z"}
{"level":"error","message":"❌ Failed to update inventory:","timestamp":"2026-06-27T20:28:26.211Z"}
{"level":"error","message":"❌ Shopify API Error:","timestamp":"2026-06-27T20:28:26.212Z"}
{"level":"error","message":"❌ Failed to update inventory:","timestamp":"2026-06-27T20:28:26.218Z"}
{"level":"error","message":"❌ Shopify API Error:","timestamp":"2026-06-27T20:28:26.219Z"}
{"level":"error","message":"❌ Failed to update inventory:","timestamp":"2026-06-27T20:28:26.220Z"}
{"level":"error","message":"❌ Shopify API Error:","timestamp":"2026-06-27T20:28:26.220Z"}
{"level":"error","message":"❌ Failed to update inventory:","timestamp":"2026-06-27T20:28:26.223Z"}
{"level":"error","message":"❌ Shopify API Error:","timestamp":"2026-06-27T20:28:26.224Z"}
{"level":"error","message":"❌ Failed to update inventory:","timestamp":"2026-06-27T20:28:26.227Z"}
{"level":"error","message":"❌ Shopify API Error:","timestamp":"2026-06-27T20:28:26.228Z"}
{"level":"error","message":"❌ Failed to update inventory:","timestamp":"2026-06-27T20:28:26.692Z"}
{"level":"error","message":"❌ Shopify API Error:","timestamp":"2026-06-27T20:28:26.692Z"}
{"level":"error","message":"❌ Failed to update inventory:","timestamp":"2026-06-27T20:28:26.699Z"}
{"level":"error","message":"❌ Shopify API Error:","timestamp":"2026-06-27T20:28:26.700Z"}
{"level":"error","message":"❌ Failed to update inventory:","timestamp":"2026-06-27T20:28:26.701Z"}
{"level":"error","message":"❌ Shopify API Error:","timestamp":"2026-06-27T20:28:26.702Z"}
{"level":"error","message":"❌ Failed to update inventory:","timestamp":"2026-06-27T20:28:26.712Z"}
{"level":"error","message":"❌ Shopify API Error:","timestamp":"2026-06-27T20:28:26.712Z"}
{"level":"error","message":"❌ Failed to update inventory:","timestamp":"2026-06-27T20:28:26.713Z"}
{"level":"error","message":"❌ Shopify API Error:","timestamp":"2026-06-27T20:28:26.714Z"}
{"level":"error","message":"❌ Failed to update inventory:","timestamp":"2026-06-27T20:28:26.723Z"}
{"level":"error","message":"❌ Shopify API Error:","timestamp":"2026-06-27T20:28:26.724Z"}
{"level":"error","message":"❌ Failed to update inventory:","timestamp":"2026-06-27T20:28:27.180Z"}
{"level":"error","message":"❌ Shopify API Error:","timestamp":"2026-06-27T20:28:27.180Z"}
{"level":"error","message":"❌ Failed to update inventory:","timestamp":"2026-06-27T20:28:27.184Z"}
{"level":"error","message":"❌ Shopify API Error:","timestamp":"2026-06-27T20:28:27.185Z"}
{"level":"error","message":"❌ Failed to update inventory:","timestamp":"2026-06-27T20:28:27.200Z"}
{"level":"error","message":"❌ Shopify API Error:","timestamp":"2026-06-27T20:28:27.200Z"}
{"level":"error","message":"❌ Failed to update inventory:","timestamp":"2026-06-27T20:28:27.201Z"}
{"level":"error","message":"❌ Shopify API Error:","timestamp":"2026-06-27T20:28:27.201Z"}
{"level":"error","message":"❌ Failed to update inventory:","timestamp":"2026-06-27T20:28:27.211Z"}
{"level":"error","message":"❌ Shopify API Error:","timestamp":"2026-06-27T20:28:27.212Z"}
{"level":"error","message":"❌ Failed to get product 10281715794203:","timestamp":"2026-06-27T20:28:27.421Z"}
{"level":"error","message":"❌ Failed to get product 10278834307355:","timestamp":"2026-06-27T20:28:27.663Z"}
{"level":"error","message":"❌ Failed to update inventory:","timestamp":"2026-06-27T20:28:27.679Z"}
{"level":"error","message":"❌ Shopify API Error:","timestamp":"2026-06-27T20:28:27.679Z"}
{"level":"error","message":"❌ Failed to update inventory:","timestamp":"2026-06-27T20:28:28.154Z"}
{"level":"error","message":"❌ Shopify API Error:","timestamp":"2026-06-27T20:28:28.154Z"}
{"level":"error","message":"❌ Failed to update inventory:","timestamp":"2026-06-27T20:28:28.162Z"}
{"level":"error","message":"❌ Shopify API Error:","timestamp":"2026-06-27T20:28:28.165Z"}
{"level":"error","message":"❌ Failed to update inventory:","timestamp":"2026-06-27T20:28:28.167Z"}
{"level":"error","message":"❌ Shopify API Error:","timestamp":"2026-06-27T20:28:28.170Z"}
{"level":"error","message":"❌ Failed to get product 10285244842267:","timestamp":"2026-06-27T20:28:28.401Z"}
{"level":"error","message":"❌ Failed to get product 10285236715803:","timestamp":"2026-06-27T20:28:28.636Z"}
{"level":"error","message":"❌ Failed to update inventory:","timestamp":"2026-06-27T20:28:28.656Z"}
{"level":"error","message":"❌ Shopify API Error:","timestamp":"2026-06-27T20:28:28.656Z"}
{"level":"error","message":"❌ Failed to update inventory:","timestamp":"2026-06-27T20:28:29.131Z"}
{"level":"error","message":"❌ Shopify API Error:","timestamp":"2026-06-27T20:28:29.131Z"}
{"level":"error","message":"❌ Failed to update inventory:","timestamp":"2026-06-27T20:28:29.136Z"}
{"level":"error","message":"❌ Shopify API Error:","timestamp":"2026-06-27T20:28:29.136Z"}
{"level":"error","message":"❌ Failed to update inventory:","timestamp":"2026-06-27T20:28:29.140Z"}
{"level":"error","message":"❌ Shopify API Error:","timestamp":"2026-06-27T20:28:29.142Z"}
{"level":"error","message":"❌ Failed to update inventory:","timestamp":"2026-06-27T20:28:29.148Z"}
{"level":"error","message":"❌ Shopify API Error:","timestamp":"2026-06-27T20:28:29.148Z"}
{"level":"error","message":"❌ Failed to update inventory:","timestamp":"2026-06-27T20:28:29.173Z"}
{"level":"error","message":"❌ Shopify API Error:","timestamp":"2026-06-27T20:28:29.173Z"}
{"level":"error","message":"❌ Failed to update inventory:","timestamp":"2026-06-27T20:28:29.626Z"}
{"level":"error","message":"❌ Shopify API Error:","timestamp":"2026-06-27T20:28:29.626Z"}
{"level":"error","message":"❌ Failed to update inventory:","timestamp":"2026-06-27T20:28:29.632Z"}
{"level":"error","message":"❌ Shopify API Error:","timestamp":"2026-06-27T20:28:29.633Z"}
{"level":"error","message":"❌ Failed to update inventory:","timestamp":"2026-06-27T20:28:29.648Z"}
{"level":"error","message":"❌ Shopify API Error:","timestamp":"2026-06-27T20:28:29.648Z"}
{"level":"error","message":"❌ Failed to update inventory:","timestamp":"2026-06-27T20:28:29.671Z"}
{"level":"error","message":"❌ Shopify API Error:","timestamp":"2026-06-27T20:28:29.671Z"}
{"level":"error","message":"❌ Failed to update inventory:","timestamp":"2026-06-27T20:28:29.708Z"}
{"level":"error","message":"❌ Shopify API Error:","timestamp":"2026-06-27T20:28:29.709Z"}
{"level":"error","message":"❌ Failed to update inventory:","timestamp":"2026-06-27T20:28:30.099Z"}
{"level":"error","message":"❌ Shopify API Error:","timestamp":"2026-06-27T20:28:30.100Z"}
{"level":"error","message":"❌ Failed to update inventory:","timestamp":"2026-06-27T20:28:30.109Z"}
{"level":"error","message":"❌ Shopify API Error:","timestamp":"2026-06-27T20:28:30.117Z"}
{"level":"error","message":"❌ Failed to update inventory:","timestamp":"2026-06-27T20:28:30.119Z"}
{"level":"error","message":"❌ Shopify API Error:","timestamp":"2026-06-27T20:28:30.119Z"}
{"level":"error","message":"❌ Failed to update inventory:","timestamp":"2026-06-27T20:28:30.123Z"}
{"level":"error","message":"❌ Shopify API Error:","timestamp":"2026-06-27T20:28:30.123Z"}
{"level":"error","message":"❌ Failed to update inventory:","timestamp":"2026-06-27T20:28:30.151Z"}
{"level":"error","message":"❌ Shopify API Error:","timestamp":"2026-06-27T20:28:30.151Z"}
{"level":"error","message":"❌ Failed to update inventory:","timestamp":"2026-06-27T20:28:30.583Z"}
{"level":"error","message":"❌ Shopify API Error:","timestamp":"2026-06-27T20:28:30.583Z"}
{"level":"error","message":"❌ Failed to update inventory:","timestamp":"2026-06-27T20:28:30.597Z"}
{"level":"error","message":"❌ Shopify API Error:","timestamp":"2026-06-27T20:28:30.598Z"}
{"level":"error","message":"❌ Failed to update inventory:","timestamp":"2026-06-27T20:28:30.599Z"}
{"level":"error","message":"❌ Shopify API Error:","timestamp":"2026-06-27T20:28:30.600Z"}
{"level":"error","message":"❌ Failed to update inventory:","timestamp":"2026-06-27T20:28:30.603Z"}
{"level":"error","message":"❌ Shopify API Error:","timestamp":"2026-06-27T20:28:30.603Z"}
{"level":"error","message":"❌ Failed to update inventory:","timestamp":"2026-06-27T20:28:30.660Z"}
{"level":"error","message":"❌ Shopify API Error:","timestamp":"2026-06-27T20:28:30.660Z"}
{"level":"error","message":"❌ Failed to update inventory:","timestamp":"2026-06-27T20:28:31.067Z"}
{"level":"error","message":"❌ Shopify API Error:","timestamp":"2026-06-27T20:28:31.067Z"}
{"level":"error","message":"❌ Failed to update inventory:","timestamp":"2026-06-27T20:28:31.083Z"}
{"level":"error","message":"❌ Shopify API Error:","timestamp":"2026-06-27T20:28:31.083Z"}
{"level":"error","message":"❌ Failed to update inventory:","timestamp":"2026-06-27T20:28:31.092Z"}
{"level":"error","message":"❌ Shopify API Error:","timestamp":"2026-06-27T20:28:31.093Z"}
{"level":"error","message":"❌ Failed to update inventory:","timestamp":"2026-06-27T20:28:31.104Z"}
{"level":"error","message":"❌ Shopify API Error:","timestamp":"2026-06-27T20:28:31.104Z"}
{"level":"error","message":"❌ Failed to get product 10279460667675:","timestamp":"2026-06-27T20:28:31.309Z"}
{"level":"error","message":"❌ Failed to get product 10279452999963:","timestamp":"2026-06-27T20:28:31.546Z"}
{"level":"error","message":"❌ Failed to update inventory:","timestamp":"2026-06-27T20:28:31.579Z"}
{"level":"error","message":"❌ Shopify API Error:","timestamp":"2026-06-27T20:28:31.579Z"}
{"level":"error","message":"❌ Failed to get product 10284322259227:","timestamp":"2026-06-27T20:28:31.791Z"}
{"level":"error","message":"❌ Failed to update inventory:","timestamp":"2026-06-27T20:28:32.303Z"}
{"level":"error","message":"❌ Shopify API Error:","timestamp":"2026-06-27T20:28:32.304Z"}
{"level":"error","message":"❌ Failed to update inventory:","timestamp":"2026-06-27T20:28:32.313Z"}
{"level":"error","message":"❌ Shopify API Error:","timestamp":"2026-06-27T20:28:32.314Z"}
{"level":"error","message":"❌ Failed to update inventory:","timestamp":"2026-06-27T20:28:32.325Z"}
{"level":"error","message":"❌ Shopify API Error:","timestamp":"2026-06-27T20:28:32.325Z"}
{"level":"error","message":"❌ Failed to update inventory:","timestamp":"2026-06-27T20:28:32.333Z"}
{"level":"error","message":"❌ Shopify API Error:","timestamp":"2026-06-27T20:28:32.334Z"}
{"level":"error","message":"❌ Failed to get product 10284334252315:","timestamp":"2026-06-27T20:28:32.566Z"}
{"level":"error","message":"❌ Failed to update inventory:","timestamp":"2026-06-27T20:28:32.568Z"}
{"level":"error","message":"❌ Shopify API Error:","timestamp":"2026-06-27T20:28:32.568Z"}
{"level":"error","message":"❌ Failed to update inventory:","timestamp":"2026-06-27T20:28:33.041Z"}
{"level":"error","message":"❌ Shopify API Error:","timestamp":"2026-06-27T20:28:33.041Z"}
{"level":"error","message":"❌ Failed to update inventory:","timestamp":"2026-06-27T20:28:33.046Z"}
{"level":"error","message":"❌ Shopify API Error:","timestamp":"2026-06-27T20:28:33.046Z"}
{"level":"error","message":"❌ Failed to update inventory:","timestamp":"2026-06-27T20:28:33.050Z"}
{"level":"error","message":"❌ Shopify API Error:","timestamp":"2026-06-27T20:28:33.050Z"}
{"level":"error","message":"❌ Failed to update inventory:","timestamp":"2026-06-27T20:28:33.065Z"}
{"level":"error","message":"❌ Shopify API Error:","timestamp":"2026-06-27T20:28:33.066Z"}
{"level":"error","message":"❌ Failed to update inventory:","timestamp":"2026-06-27T20:28:33.100Z"}
{"level":"error","message":"❌ Shopify API Error:","timestamp":"2026-06-27T20:28:33.100Z"}
{"level":"error","message":"❌ Failed to update inventory:","timestamp":"2026-06-27T20:28:33.512Z"}
{"level":"error","message":"❌ Shopify API Error:","timestamp":"2026-06-27T20:28:33.512Z"}
{"level":"error","message":"❌ Failed to update inventory:","timestamp":"2026-06-27T20:28:33.555Z"}
{"level":"error","message":"❌ Shopify API Error:","timestamp":"2026-06-27T20:28:33.555Z"}
{"level":"error","message":"❌ Failed to update inventory:","timestamp":"2026-06-27T20:28:33.571Z"}
{"level":"error","message":"❌ Shopify API Error:","timestamp":"2026-06-27T20:28:33.572Z"}
{"level":"error","message":"❌ Failed to get product 10247421133083:","timestamp":"2026-06-27T20:28:33.747Z"}
{"level":"error","message":"❌ Failed to update inventory:","timestamp":"2026-06-27T20:28:34.219Z"}
{"level":"error","message":"❌ Shopify API Error:","timestamp":"2026-06-27T20:28:34.219Z"}
{"level":"error","message":"❌ Failed to update inventory:","timestamp":"2026-06-27T20:28:34.228Z"}
{"level":"error","message":"❌ Shopify API Error:","timestamp":"2026-06-27T20:28:34.228Z"}
{"level":"error","message":"❌ Failed to update inventory:","timestamp":"2026-06-27T20:28:34.234Z"}
{"level":"error","message":"❌ Shopify API Error:","timestamp":"2026-06-27T20:28:34.234Z"}
{"level":"error","message":"❌ Failed to update inventory:","timestamp":"2026-06-27T20:28:34.245Z"}
{"level":"error","message":"❌ Shopify API Error:","timestamp":"2026-06-27T20:28:34.245Z"}
{"level":"error","message":"❌ Failed to get product 10247420772635:","timestamp":"2026-06-27T20:28:34.477Z"}
{"level":"error","message":"❌ Failed to update inventory:","timestamp":"2026-06-27T20:28:34.635Z"}
{"level":"error","message":"❌ Shopify API Error:","timestamp":"2026-06-27T20:28:34.636Z"}
{"level":"error","message":"❌ Failed to get product 10247420805403:","timestamp":"2026-06-27T20:28:34.722Z"}
{"level":"error","message":"❌ Failed to update inventory:","timestamp":"2026-06-27T20:28:35.194Z"}
{"level":"error","message":"❌ Shopify API Error:","timestamp":"2026-06-27T20:28:35.194Z"}
{"level":"error","message":"❌ Failed to update inventory:","timestamp":"2026-06-27T20:28:35.198Z"}
{"level":"error","message":"❌ Shopify API Error:","timestamp":"2026-06-27T20:28:35.198Z"}
{"level":"error","message":"❌ Failed to update inventory:","timestamp":"2026-06-27T20:28:35.209Z"}
{"level":"error","message":"❌ Shopify API Error:","timestamp":"2026-06-27T20:28:35.210Z"}
{"level":"error","message":"❌ Failed to update inventory:","timestamp":"2026-06-27T20:28:35.236Z"}
{"level":"error","message":"❌ Shopify API Error:","timestamp":"2026-06-27T20:28:35.236Z"}
{"level":"error","message":"❌ Failed to update inventory:","timestamp":"2026-06-27T20:28:35.250Z"}
{"level":"error","message":"❌ Shopify API Error:","timestamp":"2026-06-27T20:28:35.250Z"}
{"level":"error","message":"❌ Failed to update inventory:","timestamp":"2026-06-27T20:28:35.671Z"}
{"level":"error","message":"❌ Shopify API Error:","timestamp":"2026-06-27T20:28:35.671Z"}
{"level":"error","message":"❌ Failed to update inventory:","timestamp":"2026-06-27T20:28:35.679Z"}
{"level":"error","message":"❌ Shopify API Error:","timestamp":"2026-06-27T20:28:35.680Z"}
{"level":"error","message":"❌ Failed to update inventory:","timestamp":"2026-06-27T20:28:35.683Z"}
{"level":"error","message":"❌ Shopify API Error:","timestamp":"2026-06-27T20:28:35.684Z"}
{"level":"error","message":"❌ Failed to update inventory:","timestamp":"2026-06-27T20:28:35.690Z"}
{"level":"error","message":"❌ Shopify API Error:","timestamp":"2026-06-27T20:28:35.691Z"}
{"level":"error","message":"❌ Failed to update inventory:","timestamp":"2026-06-27T20:28:35.728Z"}
{"level":"error","message":"❌ Shopify API Error:","timestamp":"2026-06-27T20:28:35.729Z"}
{"level":"error","message":"❌ Failed to update inventory:","timestamp":"2026-06-27T20:28:36.161Z"}
{"level":"error","message":"❌ Shopify API Error:","timestamp":"2026-06-27T20:28:36.161Z"}
{"level":"error","message":"❌ Failed to update inventory:","timestamp":"2026-06-27T20:28:36.168Z"}
{"level":"error","message":"❌ Shopify API Error:","timestamp":"2026-06-27T20:28:36.169Z"}
{"level":"error","message":"❌ Failed to update inventory:","timestamp":"2026-06-27T20:28:36.174Z"}
{"level":"error","message":"❌ Shopify API Error:","timestamp":"2026-06-27T20:28:36.175Z"}
{"level":"error","message":"❌ Failed to update inventory:","timestamp":"2026-06-27T20:28:36.185Z"}
{"level":"error","message":"❌ Shopify API Error:","timestamp":"2026-06-27T20:28:36.185Z"}
{"level":"error","message":"❌ Failed to update inventory:","timestamp":"2026-06-27T20:28:36.663Z"}
{"level":"error","message":"❌ Shopify API Error:","timestamp":"2026-06-27T20:28:36.663Z"}
{"level":"error","message":"❌ Failed to update inventory:","timestamp":"2026-06-27T20:28:36.689Z"}
{"level":"error","message":"❌ Shopify API Error:","timestamp":"2026-06-27T20:28:36.692Z"}
{"level":"error","message":"❌ Failed to update inventory:","timestamp":"2026-06-27T20:28:36.694Z"}
{"level":"error","message":"❌ Shopify API Error:","timestamp":"2026-06-27T20:28:36.694Z"}
{"level":"error","message":"❌ Failed to update inventory:","timestamp":"2026-06-27T20:28:37.154Z"}
{"level":"error","message":"❌ Shopify API Error:","timestamp":"2026-06-27T20:28:37.155Z"}
{"level":"error","message":"❌ Failed to update inventory:","timestamp":"2026-06-27T20:28:37.169Z"}
{"level":"error","message":"❌ Shopify API Error:","timestamp":"2026-06-27T20:28:37.170Z"}
{"level":"error","message":"❌ Failed to update inventory:","timestamp":"2026-06-27T20:28:37.176Z"}
{"level":"error","message":"❌ Shopify API Error:","timestamp":"2026-06-27T20:28:37.176Z"}
{"level":"error","message":"❌ Failed to update inventory:","timestamp":"2026-06-27T20:28:37.189Z"}
{"level":"error","message":"❌ Shopify API Error:","timestamp":"2026-06-27T20:28:37.190Z"}
{"level":"error","message":"❌ Failed to update inventory:","timestamp":"2026-06-27T20:28:37.639Z"}
{"level":"error","message":"❌ Shopify API Error:","timestamp":"2026-06-27T20:28:37.639Z"}
{"level":"error","message":"❌ Failed to update inventory:","timestamp":"2026-06-27T20:28:37.663Z"}
{"level":"error","message":"❌ Shopify API Error:","timestamp":"2026-06-27T20:28:37.663Z"}
{"level":"error","message":"❌ Failed to update inventory:","timestamp":"2026-06-27T20:28:38.108Z"}
{"level":"error","message":"❌ Shopify API Error:","timestamp":"2026-06-27T20:28:38.108Z"}
{"level":"error","message":"❌ Failed to update inventory:","timestamp":"2026-06-27T20:28:38.118Z"}
{"level":"error","message":"❌ Shopify API Error:","timestamp":"2026-06-27T20:28:38.118Z"}
{"level":"error","message":"❌ Failed to update inventory:","timestamp":"2026-06-27T20:28:38.127Z"}
{"level":"error","message":"❌ Shopify API Error:","timestamp":"2026-06-27T20:28:38.128Z"}
{"level":"error","message":"❌ Failed to update inventory:","timestamp":"2026-06-27T20:28:38.151Z"}
{"level":"error","message":"❌ Shopify API Error:","timestamp":"2026-06-27T20:28:38.152Z"}
{"level":"error","message":"❌ Failed to update inventory:","timestamp":"2026-06-27T20:28:38.186Z"}
{"level":"error","message":"❌ Shopify API Error:","timestamp":"2026-06-27T20:28:38.186Z"}
{"level":"error","message":"❌ Failed to update inventory:","timestamp":"2026-06-27T20:28:38.595Z"}
{"level":"error","message":"❌ Shopify API Error:","timestamp":"2026-06-27T20:28:38.595Z"}
{"level":"error","message":"❌ Failed to update inventory:","timestamp":"2026-06-27T20:28:38.610Z"}
{"level":"error","message":"❌ Shopify API Error:","timestamp":"2026-06-27T20:28:38.610Z"}
{"level":"error","message":"❌ Failed to update inventory:","timestamp":"2026-06-27T20:28:38.626Z"}
{"level":"error","message":"❌ Shopify API Error:","timestamp":"2026-06-27T20:28:38.626Z"}
{"level":"error","message":"❌ Failed to update inventory:","timestamp":"2026-06-27T20:28:38.647Z"}
{"level":"error","message":"❌ Shopify API Error:","timestamp":"2026-06-27T20:28:38.647Z"}
{"level":"error","message":"❌ Failed to update inventory:","timestamp":"2026-06-27T20:28:39.079Z"}
{"level":"error","message":"❌ Shopify API Error:","timestamp":"2026-06-27T20:28:39.079Z"}
{"level":"error","message":"❌ Failed to update inventory:","timestamp":"2026-06-27T20:28:39.083Z"}
{"level":"error","message":"❌ Shopify API Error:","timestamp":"2026-06-27T20:28:39.083Z"}
{"level":"error","message":"❌ Failed to update inventory:","timestamp":"2026-06-27T20:28:39.085Z"}
{"level":"error","message":"❌ Shopify API Error:","timestamp":"2026-06-27T20:28:39.086Z"}
{"level":"error","message":"❌ Failed to update inventory:","timestamp":"2026-06-27T20:28:39.088Z"}
{"level":"error","message":"❌ Shopify API Error:","timestamp":"2026-06-27T20:28:39.094Z"}
{"level":"error","message":"❌ Failed to update inventory:","timestamp":"2026-06-27T20:28:39.102Z"}
{"level":"error","message":"❌ Shopify API Error:","timestamp":"2026-06-27T20:28:39.103Z"}
{"level":"error","message":"❌ Failed to update inventory:","timestamp":"2026-06-27T20:28:39.587Z"}
{"level":"error","message":"❌ Shopify API Error:","timestamp":"2026-06-27T20:28:39.587Z"}
{"level":"error","message":"❌ Failed to update inventory:","timestamp":"2026-06-27T20:28:39.595Z"}
{"level":"error","message":"❌ Shopify API Error:","timestamp":"2026-06-27T20:28:39.595Z"}
{"level":"error","message":"❌ Failed to update inventory:","timestamp":"2026-06-27T20:28:39.600Z"}
{"level":"error","message":"❌ Shopify API Error:","timestamp":"2026-06-27T20:28:39.601Z"}
{"level":"error","message":"❌ Failed to update inventory:","timestamp":"2026-06-27T20:28:39.606Z"}
{"level":"error","message":"❌ Shopify API Error:","timestamp":"2026-06-27T20:28:39.606Z"}
{"level":"error","message":"❌ Failed to update inventory:","timestamp":"2026-06-27T20:28:39.619Z"}
{"level":"error","message":"❌ Shopify API Error:","timestamp":"2026-06-27T20:28:39.620Z"}
{"level":"error","message":"❌ Failed to update inventory:","timestamp":"2026-06-27T20:28:40.081Z"}
{"level":"error","message":"❌ Shopify API Error:","timestamp":"2026-06-27T20:28:40.081Z"}
{"level":"error","message":"❌ Failed to update inventory:","timestamp":"2026-06-27T20:28:40.101Z"}
{"level":"error","message":"❌ Shopify API Error:","timestamp":"2026-06-27T20:28:40.101Z"}
{"level":"error","message":"❌ Failed to update inventory:","timestamp":"2026-06-27T20:28:40.124Z"}
{"level":"error","message":"❌ Shopify API Error:","timestamp":"2026-06-27T20:28:40.125Z"}
{"level":"error","message":"❌ Failed to update inventory:","timestamp":"2026-06-27T20:28:40.126Z"}
{"level":"error","message":"❌ Shopify API Error:","timestamp":"2026-06-27T20:28:40.127Z"}
{"level":"error","message":"❌ Failed to update inventory:","timestamp":"2026-06-27T20:28:40.130Z"}
{"level":"error","message":"❌ Shopify API Error:","timestamp":"2026-06-27T20:28:40.130Z"}
{"level":"error","message":"❌ Failed to update inventory:","timestamp":"2026-06-27T20:28:40.566Z"}
{"level":"error","message":"❌ Shopify API Error:","timestamp":"2026-06-27T20:28:40.567Z"}
{"level":"error","message":"❌ Failed to update inventory:","timestamp":"2026-06-27T20:28:40.583Z"}
{"level":"error","message":"❌ Shopify API Error:","timestamp":"2026-06-27T20:28:40.584Z"}
{"level":"error","message":"❌ Failed to update inventory:","timestamp":"2026-06-27T20:28:40.590Z"}
{"level":"error","message":"❌ Shopify API Error:","timestamp":"2026-06-27T20:28:40.591Z"}
{"level":"error","message":"❌ Failed to update inventory:","timestamp":"2026-06-27T20:28:40.608Z"}
{"level":"error","message":"❌ Shopify API Error:","timestamp":"2026-06-27T20:28:40.609Z"}
{"level":"error","message":"❌ Failed to update inventory:","timestamp":"2026-06-27T20:28:40.632Z"}
{"level":"error","message":"❌ Shopify API Error:","timestamp":"2026-06-27T20:28:40.632Z"}
{"level":"error","message":"❌ Failed to update inventory:","timestamp":"2026-06-27T20:28:41.125Z"}
{"level":"error","message":"❌ Shopify API Error:","timestamp":"2026-06-27T20:28:41.125Z"}
{"level":"error","message":"❌ Failed to update inventory:","timestamp":"2026-06-27T20:28:41.131Z"}
{"level":"error","message":"❌ Shopify API Error:","timestamp":"2026-06-27T20:28:41.132Z"}
{"level":"error","message":"❌ Failed to update inventory:","timestamp":"2026-06-27T20:28:41.134Z"}
{"level":"error","message":"❌ Shopify API Error:","timestamp":"2026-06-27T20:28:41.134Z"}
{"level":"error","message":"❌ Failed to update inventory:","timestamp":"2026-06-27T20:28:41.144Z"}
{"level":"error","message":"❌ Shopify API Error:","timestamp":"2026-06-27T20:28:41.145Z"}
{"level":"error","message":"❌ Failed to update inventory:","timestamp":"2026-06-27T20:28:41.152Z"}
{"level":"error","message":"❌ Shopify API Error:","timestamp":"2026-06-27T20:28:41.153Z"}
{"level":"error","message":"❌ Failed to update inventory:","timestamp":"2026-06-27T20:28:41.613Z"}
{"level":"error","message":"❌ Shopify API Error:","timestamp":"2026-06-27T20:28:41.613Z"}
{"level":"error","message":"❌ Failed to update inventory:","timestamp":"2026-06-27T20:28:41.616Z"}
{"level":"error","message":"❌ Shopify API Error:","timestamp":"2026-06-27T20:28:41.617Z"}
{"level":"error","message":"❌ Failed to update inventory:","timestamp":"2026-06-27T20:28:41.629Z"}
{"level":"error","message":"❌ Shopify API Error:","timestamp":"2026-06-27T20:28:41.629Z"}
{"level":"error","message":"❌ Failed to update inventory:","timestamp":"2026-06-27T20:28:41.648Z"}
{"level":"error","message":"❌ Shopify API Error:","timestamp":"2026-06-27T20:28:41.648Z"}
{"level":"error","message":"❌ Failed to update inventory:","timestamp":"2026-06-27T20:28:41.651Z"}
{"level":"error","message":"❌ Shopify API Error:","timestamp":"2026-06-27T20:28:41.652Z"}
{"level":"error","message":"❌ Failed to update inventory:","timestamp":"2026-06-27T20:28:42.068Z"}
{"level":"error","message":"❌ Shopify API Error:","timestamp":"2026-06-27T20:28:42.068Z"}
{"level":"error","message":"❌ Failed to update inventory:","timestamp":"2026-06-27T20:28:42.080Z"}
{"level":"error","message":"❌ Shopify API Error:","timestamp":"2026-06-27T20:28:42.081Z"}
{"level":"error","message":"❌ Failed to update inventory:","timestamp":"2026-06-27T20:28:42.085Z"}
{"level":"error","message":"❌ Shopify API Error:","timestamp":"2026-06-27T20:28:42.085Z"}
{"level":"error","message":"❌ Failed to update inventory:","timestamp":"2026-06-27T20:28:42.086Z"}
{"level":"error","message":"❌ Shopify API Error:","timestamp":"2026-06-27T20:28:42.087Z"}
{"level":"error","message":"❌ Failed to update inventory:","timestamp":"2026-06-27T20:28:42.112Z"}
{"level":"error","message":"❌ Shopify API Error:","timestamp":"2026-06-27T20:28:42.112Z"}
{"level":"error","message":"❌ Failed to update inventory:","timestamp":"2026-06-27T20:28:42.543Z"}
{"level":"error","message":"❌ Shopify API Error:","timestamp":"2026-06-27T20:28:42.543Z"}
{"level":"error","message":"❌ Failed to update inventory:","timestamp":"2026-06-27T20:28:42.547Z"}
{"level":"error","message":"❌ Shopify API Error:","timestamp":"2026-06-27T20:28:42.548Z"}
{"level":"error","message":"❌ Failed to update inventory:","timestamp":"2026-06-27T20:28:42.557Z"}
{"level":"error","message":"❌ Shopify API Error:","timestamp":"2026-06-27T20:28:42.558Z"}
{"level":"error","message":"❌ Failed to update inventory:","timestamp":"2026-06-27T20:28:42.570Z"}
{"level":"error","message":"❌ Shopify API Error:","timestamp":"2026-06-27T20:28:42.570Z"}
{"level":"error","message":"❌ Failed to update inventory:","timestamp":"2026-06-27T20:28:42.587Z"}
{"level":"error","message":"❌ Shopify API Error:","timestamp":"2026-06-27T20:28:42.587Z"}
{"level":"error","message":"❌ Failed to update inventory:","timestamp":"2026-06-27T20:28:43.021Z"}
{"level":"error","message":"❌ Shopify API Error:","timestamp":"2026-06-27T20:28:43.021Z"}
{"level":"error","message":"❌ Failed to update inventory:","timestamp":"2026-06-27T20:28:43.028Z"}
{"level":"error","message":"❌ Shopify API Error:","timestamp":"2026-06-27T20:28:43.028Z"}
{"level":"error","message":"❌ Failed to update inventory:","timestamp":"2026-06-27T20:28:43.047Z"}
{"level":"error","message":"❌ Shopify API Error:","timestamp":"2026-06-27T20:28:43.047Z"}
{"level":"error","message":"❌ Failed to update inventory:","timestamp":"2026-06-27T20:28:43.050Z"}
{"level":"error","message":"❌ Shopify API Error:","timestamp":"2026-06-27T20:28:43.051Z"}
{"level":"error","message":"❌ Failed to update inventory:","timestamp":"2026-06-27T20:28:43.057Z"}
{"level":"error","message":"❌ Shopify API Error:","timestamp":"2026-06-27T20:28:43.057Z"}
{"level":"error","message":"❌ Failed to get product 10285254639899:","timestamp":"2026-06-27T20:28:43.267Z"}
{"level":"error","message":"❌ Failed to update inventory:","timestamp":"2026-06-27T20:28:43.753Z"}
{"level":"error","message":"❌ Shopify API Error:","timestamp":"2026-06-27T20:28:43.753Z"}
{"level":"error","message":"❌ Failed to update inventory:","timestamp":"2026-06-27T20:28:43.757Z"}
{"level":"error","message":"❌ Shopify API Error:","timestamp":"2026-06-27T20:28:43.757Z"}
{"level":"error","message":"❌ Failed to update inventory:","timestamp":"2026-06-27T20:28:43.760Z"}
{"level":"error","message":"❌ Shopify API Error:","timestamp":"2026-06-27T20:28:43.761Z"}
{"level":"error","message":"❌ Failed to update inventory:","timestamp":"2026-06-27T20:28:43.765Z"}
{"level":"error","message":"❌ Shopify API Error:","timestamp":"2026-06-27T20:28:43.765Z"}
{"level":"error","message":"❌ Failed to update inventory:","timestamp":"2026-06-27T20:28:43.791Z"}
{"level":"error","message":"❌ Shopify API Error:","timestamp":"2026-06-27T20:28:43.791Z"}
{"level":"error","message":"❌ Failed to get product 10280080539931:","timestamp":"2026-06-27T20:28:44.005Z"}
{"level":"error","message":"❌ Failed to update inventory:","timestamp":"2026-06-27T20:28:44.062Z"}
{"level":"error","message":"❌ Shopify API Error:","timestamp":"2026-06-27T20:28:44.062Z"}
{"level":"error","message":"❌ Failed to get product 10280090960155:","timestamp":"2026-06-27T20:28:44.255Z"}
{"level":"error","message":"❌ Failed to update inventory:","timestamp":"2026-06-27T20:28:44.759Z"}
{"level":"error","message":"❌ Shopify API Error:","timestamp":"2026-06-27T20:28:44.759Z"}
{"level":"error","message":"❌ Failed to update inventory:","timestamp":"2026-06-27T20:28:44.765Z"}
{"level":"error","message":"❌ Shopify API Error:","timestamp":"2026-06-27T20:28:44.765Z"}
{"level":"error","message":"❌ Failed to update inventory:","timestamp":"2026-06-27T20:28:44.772Z"}
{"level":"error","message":"❌ Shopify API Error:","timestamp":"2026-06-27T20:28:44.772Z"}
{"level":"error","message":"❌ Failed to update inventory:","timestamp":"2026-06-27T20:28:44.787Z"}
{"level":"error","message":"❌ Shopify API Error:","timestamp":"2026-06-27T20:28:44.788Z"}
{"level":"error","message":"❌ Failed to get product 10285207650587:","timestamp":"2026-06-27T20:28:45.003Z"}
{"level":"error","message":"❌ Failed to get product 10285203980571:","timestamp":"2026-06-27T20:28:45.231Z"}
{"level":"error","message":"❌ Failed to update inventory:","timestamp":"2026-06-27T20:28:45.293Z"}
{"level":"error","message":"❌ Shopify API Error:","timestamp":"2026-06-27T20:28:45.293Z"}
{"level":"error","message":"❌ Failed to update inventory:","timestamp":"2026-06-27T20:28:45.710Z"}
{"level":"error","message":"❌ Shopify API Error:","timestamp":"2026-06-27T20:28:45.710Z"}
{"level":"error","message":"❌ Failed to update inventory:","timestamp":"2026-06-27T20:28:45.722Z"}
{"level":"error","message":"❌ Shopify API Error:","timestamp":"2026-06-27T20:28:45.725Z"}
{"level":"error","message":"❌ Failed to update inventory:","timestamp":"2026-06-27T20:28:45.739Z"}
{"level":"error","message":"❌ Shopify API Error:","timestamp":"2026-06-27T20:28:45.740Z"}
{"level":"error","message":"❌ Failed to update inventory:","timestamp":"2026-06-27T20:28:45.745Z"}
{"level":"error","message":"❌ Shopify API Error:","timestamp":"2026-06-27T20:28:45.747Z"}
{"level":"error","message":"❌ Failed to update inventory:","timestamp":"2026-06-27T20:28:45.748Z"}
{"level":"error","message":"❌ Shopify API Error:","timestamp":"2026-06-27T20:28:45.749Z"}
{"level":"error","message":"❌ Failed to update inventory:","timestamp":"2026-06-27T20:28:46.258Z"}
{"level":"error","message":"❌ Shopify API Error:","timestamp":"2026-06-27T20:28:46.259Z"}
{"level":"error","message":"❌ Failed to update inventory:","timestamp":"2026-06-27T20:28:46.284Z"}
{"level":"error","message":"❌ Shopify API Error:","timestamp":"2026-06-27T20:28:46.284Z"}
{"level":"error","message":"❌ Failed to update inventory:","timestamp":"2026-06-27T20:28:46.297Z"}
{"level":"error","message":"❌ Shopify API Error:","timestamp":"2026-06-27T20:28:46.297Z"}
{"level":"error","message":"❌ Failed to update inventory:","timestamp":"2026-06-27T20:28:46.299Z"}
{"level":"error","message":"❌ Shopify API Error:","timestamp":"2026-06-27T20:28:46.300Z"}
{"level":"error","message":"❌ Failed to get product 10285208502555:","timestamp":"2026-06-27T20:28:46.511Z"}
{"level":"error","message":"❌ Failed to update inventory:","timestamp":"2026-06-27T20:28:46.554Z"}
{"level":"error","message":"❌ Shopify API Error:","timestamp":"2026-06-27T20:28:46.554Z"}
{"level":"error","message":"❌ Failed to get product 10285209223451:","timestamp":"2026-06-27T20:28:46.779Z"}
{"level":"error","message":"❌ Failed to update inventory:","timestamp":"2026-06-27T20:28:47.299Z"}
{"level":"error","message":"❌ Shopify API Error:","timestamp":"2026-06-27T20:28:47.299Z"}
{"level":"error","message":"❌ Failed to update inventory:","timestamp":"2026-06-27T20:28:47.331Z"}
{"level":"error","message":"❌ Shopify API Error:","timestamp":"2026-06-27T20:28:47.331Z"}
{"level":"error","message":"❌ Failed to get product 10281739845915:","timestamp":"2026-06-27T20:28:47.536Z"}
{"level":"error","message":"❌ Failed to update inventory:","timestamp":"2026-06-27T20:28:47.554Z"}
{"level":"error","message":"❌ Shopify API Error:","timestamp":"2026-06-27T20:28:47.554Z"}
{"level":"error","message":"❌ Failed to get product 10281687417115:","timestamp":"2026-06-27T20:28:47.756Z"}
{"level":"error","message":"❌ Failed to update inventory:","timestamp":"2026-06-27T20:28:48.241Z"}
{"level":"error","message":"❌ Shopify API Error:","timestamp":"2026-06-27T20:28:48.241Z"}
{"level":"error","message":"❌ Failed to update inventory:","timestamp":"2026-06-27T20:28:48.248Z"}
{"level":"error","message":"❌ Shopify API Error:","timestamp":"2026-06-27T20:28:48.248Z"}
{"level":"error","message":"❌ Failed to update inventory:","timestamp":"2026-06-27T20:28:48.250Z"}
{"level":"error","message":"❌ Shopify API Error:","timestamp":"2026-06-27T20:28:48.250Z"}
{"level":"error","message":"❌ Failed to update inventory:","timestamp":"2026-06-27T20:28:48.313Z"}
{"level":"error","message":"❌ Shopify API Error:","timestamp":"2026-06-27T20:28:48.314Z"}
{"level":"error","message":"❌ Failed to get product 10278497681691:","timestamp":"2026-06-27T20:28:48.494Z"}
{"level":"error","message":"❌ Failed to update inventory:","timestamp":"2026-06-27T20:28:48.547Z"}
{"level":"error","message":"❌ Shopify API Error:","timestamp":"2026-06-27T20:28:48.547Z"}
{"level":"error","message":"❌ Failed to get product 10278502957339:","timestamp":"2026-06-27T20:28:48.729Z"}
{"level":"error","message":"❌ Failed to update inventory:","timestamp":"2026-06-27T20:28:49.201Z"}
{"level":"error","message":"❌ Shopify API Error:","timestamp":"2026-06-27T20:28:49.202Z"}
{"level":"error","message":"❌ Failed to update inventory:","timestamp":"2026-06-27T20:28:49.216Z"}
{"level":"error","message":"❌ Shopify API Error:","timestamp":"2026-06-27T20:28:49.217Z"}
{"level":"error","message":"❌ Failed to update inventory:","timestamp":"2026-06-27T20:28:49.224Z"}
{"level":"error","message":"❌ Shopify API Error:","timestamp":"2026-06-27T20:28:49.224Z"}
{"level":"error","message":"❌ Failed to update inventory:","timestamp":"2026-06-27T20:28:49.227Z"}
{"level":"error","message":"❌ Shopify API Error:","timestamp":"2026-06-27T20:28:49.227Z"}
{"level":"error","message":"❌ Failed to update inventory:","timestamp":"2026-06-27T20:28:49.249Z"}
{"level":"error","message":"❌ Shopify API Error:","timestamp":"2026-06-27T20:28:49.250Z"}
{"level":"error","message":"❌ Failed to update inventory:","timestamp":"2026-06-27T20:28:49.706Z"}
{"level":"error","message":"❌ Shopify API Error:","timestamp":"2026-06-27T20:28:49.706Z"}
{"level":"error","message":"❌ Failed to update inventory:","timestamp":"2026-06-27T20:28:49.713Z"}
{"level":"error","message":"❌ Shopify API Error:","timestamp":"2026-06-27T20:28:49.713Z"}
{"level":"error","message":"❌ Failed to update inventory:","timestamp":"2026-06-27T20:28:49.739Z"}
{"level":"error","message":"❌ Shopify API Error:","timestamp":"2026-06-27T20:28:49.739Z"}
{"level":"error","message":"❌ Failed to update inventory:","timestamp":"2026-06-27T20:28:49.742Z"}
{"level":"error","message":"❌ Shopify API Error:","timestamp":"2026-06-27T20:28:49.743Z"}
{"level":"error","message":"❌ Failed to update inventory:","timestamp":"2026-06-27T20:28:49.805Z"}
{"level":"error","message":"❌ Shopify API Error:","timestamp":"2026-06-27T20:28:49.806Z"}
{"level":"error","message":"❌ Failed to update inventory:","timestamp":"2026-06-27T20:28:50.213Z"}
{"level":"error","message":"❌ Shopify API Error:","timestamp":"2026-06-27T20:28:50.213Z"}
{"level":"error","message":"❌ Failed to update inventory:","timestamp":"2026-06-27T20:28:50.216Z"}
{"level":"error","message":"❌ Shopify API Error:","timestamp":"2026-06-27T20:28:50.216Z"}
{"level":"error","message":"❌ Failed to update inventory:","timestamp":"2026-06-27T20:28:50.217Z"}
{"level":"error","message":"❌ Shopify API Error:","timestamp":"2026-06-27T20:28:50.217Z"}
{"level":"error","message":"❌ Failed to update inventory:","timestamp":"2026-06-27T20:28:50.231Z"}
{"level":"error","message":"❌ Shopify API Error:","timestamp":"2026-06-27T20:28:50.232Z"}
{"level":"error","message":"❌ Failed to update inventory:","timestamp":"2026-06-27T20:28:50.240Z"}
{"level":"error","message":"❌ Shopify API Error:","timestamp":"2026-06-27T20:28:50.241Z"}
{"level":"error","message":"❌ Failed to get product 10281745449243:","timestamp":"2026-06-27T20:28:50.468Z"}
{"level":"error","message":"❌ Failed to get product 10281743941915:","timestamp":"2026-06-27T20:28:50.725Z"}
{"level":"error","message":"❌ Failed to update inventory:","timestamp":"2026-06-27T20:28:50.936Z"}
{"level":"error","message":"❌ Shopify API Error:","timestamp":"2026-06-27T20:28:50.937Z"}
{"level":"error","message":"❌ Failed to get product 10280948564251:","timestamp":"2026-06-27T20:28:50.983Z"}
{"level":"error","message":"❌ Failed to get product 10280952103195:","timestamp":"2026-06-27T20:28:51.215Z"}
{"level":"error","message":"❌ Failed to update inventory:","timestamp":"2026-06-27T20:28:51.694Z"}
{"level":"error","message":"❌ Shopify API Error:","timestamp":"2026-06-27T20:28:51.694Z"}
{"level":"error","message":"❌ Failed to update inventory:","timestamp":"2026-06-27T20:28:51.699Z"}
{"level":"error","message":"❌ Shopify API Error:","timestamp":"2026-06-27T20:28:51.700Z"}
{"level":"error","message":"❌ Failed to update inventory:","timestamp":"2026-06-27T20:28:51.706Z"}
{"level":"error","message":"❌ Shopify API Error:","timestamp":"2026-06-27T20:28:51.706Z"}
{"level":"error","message":"❌ Failed to update inventory:","timestamp":"2026-06-27T20:28:51.707Z"}
{"level":"error","message":"❌ Shopify API Error:","timestamp":"2026-06-27T20:28:51.707Z"}
{"level":"error","message":"❌ Failed to update inventory:","timestamp":"2026-06-27T20:28:51.723Z"}
{"level":"error","message":"❌ Shopify API Error:","timestamp":"2026-06-27T20:28:51.723Z"}
{"level":"error","message":"❌ Failed to update inventory:","timestamp":"2026-06-27T20:28:51.735Z"}
{"level":"error","message":"❌ Shopify API Error:","timestamp":"2026-06-27T20:28:51.736Z"}
{"level":"error","message":"❌ Failed to update inventory:","timestamp":"2026-06-27T20:28:51.767Z"}
{"level":"error","message":"❌ Shopify API Error:","timestamp":"2026-06-27T20:28:51.767Z"}
{"level":"error","message":"❌ Failed to update inventory:","timestamp":"2026-06-27T20:28:52.165Z"}
{"level":"error","message":"❌ Shopify API Error:","timestamp":"2026-06-27T20:28:52.166Z"}
{"level":"error","message":"❌ Failed to update inventory:","timestamp":"2026-06-27T20:28:52.172Z"}
{"level":"error","message":"❌ Shopify API Error:","timestamp":"2026-06-27T20:28:52.173Z"}
{"level":"error","message":"❌ Failed to update inventory:","timestamp":"2026-06-27T20:28:52.174Z"}
{"level":"error","message":"❌ Shopify API Error:","timestamp":"2026-06-27T20:28:52.174Z"}
{"level":"error","message":"❌ Failed to update inventory:","timestamp":"2026-06-27T20:28:52.186Z"}
{"level":"error","message":"❌ Shopify API Error:","timestamp":"2026-06-27T20:28:52.186Z"}
{"level":"error","message":"❌ Failed to update inventory:","timestamp":"2026-06-27T20:28:52.195Z"}
{"level":"error","message":"❌ Shopify API Error:","timestamp":"2026-06-27T20:28:52.195Z"}
{"level":"error","message":"❌ Failed to update inventory:","timestamp":"2026-06-27T20:28:52.258Z"}
{"level":"error","message":"❌ Shopify API Error:","timestamp":"2026-06-27T20:28:52.258Z"}
{"level":"error","message":"❌ Failed to update inventory:","timestamp":"2026-06-27T20:28:52.649Z"}
{"level":"error","message":"❌ Shopify API Error:","timestamp":"2026-06-27T20:28:52.650Z"}
{"level":"error","message":"❌ Failed to update inventory:","timestamp":"2026-06-27T20:28:52.653Z"}
{"level":"error","message":"❌ Shopify API Error:","timestamp":"2026-06-27T20:28:52.653Z"}
{"level":"error","message":"❌ Failed to update inventory:","timestamp":"2026-06-27T20:28:52.654Z"}
{"level":"error","message":"❌ Shopify API Error:","timestamp":"2026-06-27T20:28:52.654Z"}
{"level":"error","message":"❌ Failed to update inventory:","timestamp":"2026-06-27T20:28:52.666Z"}
{"level":"error","message":"❌ Shopify API Error:","timestamp":"2026-06-27T20:28:52.666Z"}
{"level":"error","message":"❌ Failed to update inventory:","timestamp":"2026-06-27T20:28:52.666Z"}
{"level":"error","message":"❌ Shopify API Error:","timestamp":"2026-06-27T20:28:52.667Z"}
{"level":"error","message":"❌ Failed to update inventory:","timestamp":"2026-06-27T20:28:52.733Z"}
{"level":"error","message":"❌ Shopify API Error:","timestamp":"2026-06-27T20:28:52.733Z"}
{"level":"error","message":"❌ Failed to update inventory:","timestamp":"2026-06-27T20:28:53.170Z"}
{"level":"error","message":"❌ Shopify API Error:","timestamp":"2026-06-27T20:28:53.170Z"}
{"level":"error","message":"❌ Failed to update inventory:","timestamp":"2026-06-27T20:28:53.174Z"}
{"level":"error","message":"❌ Shopify API Error:","timestamp":"2026-06-27T20:28:53.174Z"}
{"level":"error","message":"❌ Failed to update inventory:","timestamp":"2026-06-27T20:28:53.184Z"}
{"level":"error","message":"❌ Shopify API Error:","timestamp":"2026-06-27T20:28:53.184Z"}
{"level":"error","message":"❌ Failed to get product 10279063748891:","timestamp":"2026-06-27T20:28:53.409Z"}
{"level":"error","message":"❌ Failed to get product 10279072891163:","timestamp":"2026-06-27T20:28:53.637Z"}
{"level":"error","message":"❌ Failed to update inventory:","timestamp":"2026-06-27T20:28:53.654Z"}
{"level":"error","message":"❌ Shopify API Error:","timestamp":"2026-06-27T20:28:53.654Z"}
{"level":"error","message":"❌ Failed to update inventory:","timestamp":"2026-06-27T20:28:54.159Z"}
{"level":"error","message":"❌ Shopify API Error:","timestamp":"2026-06-27T20:28:54.159Z"}
{"level":"error","message":"❌ Failed to update inventory:","timestamp":"2026-06-27T20:28:54.163Z"}
{"level":"error","message":"❌ Shopify API Error:","timestamp":"2026-06-27T20:28:54.163Z"}
{"level":"error","message":"❌ Failed to update inventory:","timestamp":"2026-06-27T20:28:54.164Z"}
{"level":"error","message":"❌ Shopify API Error:","timestamp":"2026-06-27T20:28:54.164Z"}
{"level":"error","message":"❌ Failed to update inventory:","timestamp":"2026-06-27T20:28:54.165Z"}
{"level":"error","message":"❌ Shopify API Error:","timestamp":"2026-06-27T20:28:54.165Z"}
{"level":"error","message":"❌ Failed to update inventory:","timestamp":"2026-06-27T20:28:54.176Z"}
{"level":"error","message":"❌ Shopify API Error:","timestamp":"2026-06-27T20:28:54.177Z"}
{"level":"error","message":"❌ Failed to update inventory:","timestamp":"2026-06-27T20:28:54.181Z"}
{"level":"error","message":"❌ Shopify API Error:","timestamp":"2026-06-27T20:28:54.181Z"}
{"level":"error","message":"❌ Failed to update inventory:","timestamp":"2026-06-27T20:28:54.182Z"}
{"level":"error","message":"❌ Shopify API Error:","timestamp":"2026-06-27T20:28:54.182Z"}
{"level":"error","message":"❌ Failed to update inventory:","timestamp":"2026-06-27T20:28:54.183Z"}
{"level":"error","message":"❌ Shopify API Error:","timestamp":"2026-06-27T20:28:54.183Z"}
{"level":"error","message":"❌ Failed to update inventory:","timestamp":"2026-06-27T20:28:54.228Z"}
{"level":"error","message":"❌ Shopify API Error:","timestamp":"2026-06-27T20:28:54.228Z"}
{"level":"error","message":"❌ Failed to update inventory:","timestamp":"2026-06-27T20:28:54.244Z"}
{"level":"error","message":"❌ Shopify API Error:","timestamp":"2026-06-27T20:28:54.244Z"}
{"level":"error","message":"❌ Failed to update inventory:","timestamp":"2026-06-27T20:28:54.860Z"}
{"level":"error","message":"❌ Shopify API Error:","timestamp":"2026-06-27T20:28:54.861Z"}
{"level":"error","message":"❌ Failed to update inventory:","timestamp":"2026-06-27T20:28:54.863Z"}
{"level":"error","message":"❌ Shopify API Error:","timestamp":"2026-06-27T20:28:54.863Z"}
{"level":"error","message":"❌ Failed to update inventory:","timestamp":"2026-06-27T20:28:54.878Z"}
{"level":"error","message":"❌ Shopify API Error:","timestamp":"2026-06-27T20:28:54.878Z"}
{"level":"error","message":"❌ Failed to update inventory:","timestamp":"2026-06-27T20:28:54.886Z"}
{"level":"error","message":"❌ Shopify API Error:","timestamp":"2026-06-27T20:28:54.887Z"}
{"level":"error","message":"❌ Failed to update inventory:","timestamp":"2026-06-27T20:28:54.927Z"}
{"level":"error","message":"❌ Shopify API Error:","timestamp":"2026-06-27T20:28:54.928Z"}
{"level":"error","message":"❌ Failed to update inventory:","timestamp":"2026-06-27T20:28:54.947Z"}
{"level":"error","message":"❌ Shopify API Error:","timestamp":"2026-06-27T20:28:54.948Z"}
{"level":"error","message":"❌ Failed to get product 10279364952347:","timestamp":"2026-06-27T20:28:55.100Z"}
{"level":"error","message":"❌ Failed to update inventory:","timestamp":"2026-06-27T20:28:55.154Z"}
{"level":"error","message":"❌ Shopify API Error:","timestamp":"2026-06-27T20:28:55.154Z"}
{"level":"error","message":"❌ Failed to update inventory:","timestamp":"2026-06-27T20:28:55.591Z"}
{"level":"error","message":"❌ Shopify API Error:","timestamp":"2026-06-27T20:28:55.591Z"}
{"level":"error","message":"❌ Failed to update inventory:","timestamp":"2026-06-27T20:28:55.597Z"}
{"level":"error","message":"❌ Shopify API Error:","timestamp":"2026-06-27T20:28:55.598Z"}
{"level":"error","message":"❌ Failed to update inventory:","timestamp":"2026-06-27T20:28:55.610Z"}
{"level":"error","message":"❌ Shopify API Error:","timestamp":"2026-06-27T20:28:55.610Z"}
{"level":"error","message":"❌ Failed to update inventory:","timestamp":"2026-06-27T20:28:55.620Z"}
{"level":"error","message":"❌ Shopify API Error:","timestamp":"2026-06-27T20:28:55.621Z"}
{"level":"error","message":"❌ Failed to update inventory:","timestamp":"2026-06-27T20:28:55.658Z"}
{"level":"error","message":"❌ Shopify API Error:","timestamp":"2026-06-27T20:28:55.659Z"}
{"level":"error","message":"❌ Failed to update inventory:","timestamp":"2026-06-27T20:28:55.661Z"}
{"level":"error","message":"❌ Shopify API Error:","timestamp":"2026-06-27T20:28:55.661Z"}
{"level":"error","message":"❌ Failed to update inventory:","timestamp":"2026-06-27T20:28:56.084Z"}
{"level":"error","message":"❌ Shopify API Error:","timestamp":"2026-06-27T20:28:56.084Z"}
{"level":"error","message":"❌ Failed to update inventory:","timestamp":"2026-06-27T20:28:56.095Z"}
{"level":"error","message":"❌ Shopify API Error:","timestamp":"2026-06-27T20:28:56.095Z"}
{"level":"error","message":"❌ Failed to update inventory:","timestamp":"2026-06-27T20:28:56.103Z"}
{"level":"error","message":"❌ Shopify API Error:","timestamp":"2026-06-27T20:28:56.103Z"}
{"level":"error","message":"❌ Failed to update inventory:","timestamp":"2026-06-27T20:28:56.104Z"}
{"level":"error","message":"❌ Shopify API Error:","timestamp":"2026-06-27T20:28:56.104Z"}
{"level":"error","message":"❌ Failed to update inventory:","timestamp":"2026-06-27T20:28:56.136Z"}
{"level":"error","message":"❌ Shopify API Error:","timestamp":"2026-06-27T20:28:56.136Z"}
{"level":"error","message":"❌ Failed to update inventory:","timestamp":"2026-06-27T20:28:56.165Z"}
{"level":"error","message":"❌ Shopify API Error:","timestamp":"2026-06-27T20:28:56.166Z"}
{"level":"error","message":"❌ Failed to update inventory:","timestamp":"2026-06-27T20:28:56.567Z"}
{"level":"error","message":"❌ Shopify API Error:","timestamp":"2026-06-27T20:28:56.567Z"}
{"level":"error","message":"❌ Failed to update inventory:","timestamp":"2026-06-27T20:28:56.571Z"}
{"level":"error","message":"❌ Shopify API Error:","timestamp":"2026-06-27T20:28:56.571Z"}
{"level":"error","message":"❌ Failed to update inventory:","timestamp":"2026-06-27T20:28:56.592Z"}
{"level":"error","message":"❌ Shopify API Error:","timestamp":"2026-06-27T20:28:56.592Z"}
{"level":"error","message":"❌ Failed to update inventory:","timestamp":"2026-06-27T20:28:56.594Z"}
{"level":"error","message":"❌ Shopify API Error:","timestamp":"2026-06-27T20:28:56.594Z"}
{"level":"error","message":"❌ Failed to update inventory:","timestamp":"2026-06-27T20:28:56.655Z"}
{"level":"error","message":"❌ Shopify API Error:","timestamp":"2026-06-27T20:28:56.655Z"}
{"level":"error","message":"❌ Failed to update inventory:","timestamp":"2026-06-27T20:28:56.895Z"}
{"level":"error","message":"❌ Shopify API Error:","timestamp":"2026-06-27T20:28:56.895Z"}
{"level":"error","message":"❌ Failed to update inventory:","timestamp":"2026-06-27T20:28:57.052Z"}
{"level":"error","message":"❌ Shopify API Error:","timestamp":"2026-06-27T20:28:57.052Z"}
{"level":"error","message":"❌ Failed to update inventory:","timestamp":"2026-06-27T20:28:57.060Z"}
{"level":"error","message":"❌ Shopify API Error:","timestamp":"2026-06-27T20:28:57.061Z"}
{"level":"error","message":"❌ Failed to update inventory:","timestamp":"2026-06-27T20:28:57.061Z"}
{"level":"error","message":"❌ Shopify API Error:","timestamp":"2026-06-27T20:28:57.061Z"}
{"level":"error","message":"❌ Failed to update inventory:","timestamp":"2026-06-27T20:28:57.063Z"}
{"level":"error","message":"❌ Shopify API Error:","timestamp":"2026-06-27T20:28:57.063Z"}
{"level":"error","message":"❌ Failed to update inventory:","timestamp":"2026-06-27T20:28:57.067Z"}
{"level":"error","message":"❌ Shopify API Error:","timestamp":"2026-06-27T20:28:57.068Z"}
{"level":"error","message":"❌ Failed to update inventory:","timestamp":"2026-06-27T20:28:57.132Z"}
{"level":"error","message":"❌ Shopify API Error:","timestamp":"2026-06-27T20:28:57.133Z"}
{"level":"error","message":"❌ Failed to update inventory:","timestamp":"2026-06-27T20:28:57.536Z"}
{"level":"error","message":"❌ Shopify API Error:","timestamp":"2026-06-27T20:28:57.536Z"}
{"level":"error","message":"❌ Failed to update inventory:","timestamp":"2026-06-27T20:28:57.546Z"}
{"level":"error","message":"❌ Shopify API Error:","timestamp":"2026-06-27T20:28:57.546Z"}
{"level":"error","message":"❌ Failed to update inventory:","timestamp":"2026-06-27T20:28:57.559Z"}
{"level":"error","message":"❌ Shopify API Error:","timestamp":"2026-06-27T20:28:57.559Z"}
{"level":"error","message":"❌ Failed to update inventory:","timestamp":"2026-06-27T20:28:57.576Z"}
{"level":"error","message":"❌ Shopify API Error:","timestamp":"2026-06-27T20:28:57.576Z"}
{"level":"error","message":"❌ Failed to update inventory:","timestamp":"2026-06-27T20:28:57.598Z"}
{"level":"error","message":"❌ Shopify API Error:","timestamp":"2026-06-27T20:28:57.598Z"}
{"level":"error","message":"❌ Failed to update inventory:","timestamp":"2026-06-27T20:28:57.622Z"}
{"level":"error","message":"❌ Shopify API Error:","timestamp":"2026-06-27T20:28:57.622Z"}
{"level":"error","message":"❌ Failed to update inventory:","timestamp":"2026-06-27T20:28:58.030Z"}
{"level":"error","message":"❌ Shopify API Error:","timestamp":"2026-06-27T20:28:58.030Z"}
{"level":"error","message":"❌ Failed to update inventory:","timestamp":"2026-06-27T20:28:58.033Z"}
{"level":"error","message":"❌ Shopify API Error:","timestamp":"2026-06-27T20:28:58.033Z"}
{"level":"error","message":"❌ Failed to update inventory:","timestamp":"2026-06-27T20:28:58.034Z"}
{"level":"error","message":"❌ Shopify API Error:","timestamp":"2026-06-27T20:28:58.034Z"}
{"level":"error","message":"❌ Failed to update inventory:","timestamp":"2026-06-27T20:28:58.035Z"}
{"level":"error","message":"❌ Shopify API Error:","timestamp":"2026-06-27T20:28:58.035Z"}
{"level":"error","message":"❌ Failed to update inventory:","timestamp":"2026-06-27T20:28:58.036Z"}
{"level":"error","message":"❌ Shopify API Error:","timestamp":"2026-06-27T20:28:58.036Z"}
{"level":"error","message":"❌ Failed to update inventory:","timestamp":"2026-06-27T20:28:58.136Z"}
{"level":"error","message":"❌ Shopify API Error:","timestamp":"2026-06-27T20:28:58.136Z"}
{"level":"error","message":"❌ Failed to get product 10247418741019:","timestamp":"2026-06-27T20:28:58.277Z"}
{"level":"error","message":"❌ Failed to update inventory:","timestamp":"2026-06-27T20:28:58.730Z"}
{"level":"error","message":"❌ Shopify API Error:","timestamp":"2026-06-27T20:28:58.730Z"}
{"level":"error","message":"❌ Failed to update inventory:","timestamp":"2026-06-27T20:28:58.735Z"}
{"level":"error","message":"❌ Shopify API Error:","timestamp":"2026-06-27T20:28:58.735Z"}
{"level":"error","message":"❌ Failed to update inventory:","timestamp":"2026-06-27T20:28:58.737Z"}
{"level":"error","message":"❌ Shopify API Error:","timestamp":"2026-06-27T20:28:58.737Z"}
{"level":"error","message":"❌ Failed to update inventory:","timestamp":"2026-06-27T20:28:58.749Z"}
{"level":"error","message":"❌ Shopify API Error:","timestamp":"2026-06-27T20:28:58.749Z"}
{"level":"error","message":"❌ Failed to update inventory:","timestamp":"2026-06-27T20:28:58.763Z"}
{"level":"error","message":"❌ Shopify API Error:","timestamp":"2026-06-27T20:28:58.763Z"}
{"level":"error","message":"❌ Failed to get product 10247419199771:","timestamp":"2026-06-27T20:28:58.973Z"}
{"level":"error","message":"❌ Failed to update inventory:","timestamp":"2026-06-27T20:28:59.197Z"}
{"level":"error","message":"❌ Shopify API Error:","timestamp":"2026-06-27T20:28:59.198Z"}
{"level":"error","message":"❌ Failed to get product 10247418609947:","timestamp":"2026-06-27T20:28:59.202Z"}
{"level":"error","message":"❌ Failed to update inventory:","timestamp":"2026-06-27T20:28:59.664Z"}
{"level":"error","message":"❌ Shopify API Error:","timestamp":"2026-06-27T20:28:59.665Z"}
{"level":"error","message":"❌ Failed to update inventory:","timestamp":"2026-06-27T20:28:59.672Z"}
{"level":"error","message":"❌ Shopify API Error:","timestamp":"2026-06-27T20:28:59.681Z"}
{"level":"error","message":"❌ Failed to update inventory:","timestamp":"2026-06-27T20:28:59.682Z"}
{"level":"error","message":"❌ Shopify API Error:","timestamp":"2026-06-27T20:28:59.682Z"}
{"level":"error","message":"❌ Failed to update inventory:","timestamp":"2026-06-27T20:28:59.686Z"}
{"level":"error","message":"❌ Shopify API Error:","timestamp":"2026-06-27T20:28:59.691Z"}
{"level":"error","message":"❌ Failed to update inventory:","timestamp":"2026-06-27T20:28:59.755Z"}
{"level":"error","message":"❌ Shopify API Error:","timestamp":"2026-06-27T20:28:59.755Z"}
{"level":"error","message":"❌ Failed to get product 10247419461915:","timestamp":"2026-06-27T20:28:59.931Z"}
{"level":"error","message":"❌ Failed to update inventory:","timestamp":"2026-06-27T20:29:00.185Z"}
{"level":"error","message":"❌ Shopify API Error:","timestamp":"2026-06-27T20:29:00.186Z"}
{"level":"error","message":"❌ Failed to get product 10247419003163:","timestamp":"2026-06-27T20:29:00.192Z"}
{"level":"error","message":"❌ Failed to update inventory:","timestamp":"2026-06-27T20:29:00.673Z"}
{"level":"error","message":"❌ Shopify API Error:","timestamp":"2026-06-27T20:29:00.674Z"}
{"level":"error","message":"❌ Failed to update inventory:","timestamp":"2026-06-27T20:29:00.676Z"}
{"level":"error","message":"❌ Shopify API Error:","timestamp":"2026-06-27T20:29:00.676Z"}
{"level":"error","message":"❌ Failed to update inventory:","timestamp":"2026-06-27T20:29:00.677Z"}
{"level":"error","message":"❌ Shopify API Error:","timestamp":"2026-06-27T20:29:00.677Z"}
{"level":"error","message":"❌ Failed to update inventory:","timestamp":"2026-06-27T20:29:00.678Z"}
{"level":"error","message":"❌ Shopify API Error:","timestamp":"2026-06-27T20:29:00.678Z"}
{"level":"error","message":"❌ Failed to update inventory:","timestamp":"2026-06-27T20:29:00.696Z"}
{"level":"error","message":"❌ Shopify API Error:","timestamp":"2026-06-27T20:29:00.696Z"}
{"level":"error","message":"❌ Failed to update inventory:","timestamp":"2026-06-27T20:29:00.780Z"}
{"level":"error","message":"❌ Shopify API Error:","timestamp":"2026-06-27T20:29:00.781Z"}
{"level":"error","message":"❌ Failed to update inventory:","timestamp":"2026-06-27T20:29:01.142Z"}
{"level":"error","message":"❌ Shopify API Error:","timestamp":"2026-06-27T20:29:01.142Z"}
{"level":"error","message":"❌ Failed to update inventory:","timestamp":"2026-06-27T20:29:01.156Z"}
{"level":"error","message":"❌ Shopify API Error:","timestamp":"2026-06-27T20:29:01.156Z"}
{"level":"error","message":"❌ Failed to update inventory:","timestamp":"2026-06-27T20:29:01.163Z"}
{"level":"error","message":"❌ Shopify API Error:","timestamp":"2026-06-27T20:29:01.163Z"}
{"level":"error","message":"❌ Failed to update inventory:","timestamp":"2026-06-27T20:29:01.164Z"}
{"level":"error","message":"❌ Shopify API Error:","timestamp":"2026-06-27T20:29:01.164Z"}
{"level":"error","message":"❌ Failed to update inventory:","timestamp":"2026-06-27T20:29:01.261Z"}
{"level":"error","message":"❌ Shopify API Error:","timestamp":"2026-06-27T20:29:01.261Z"}
{"level":"error","message":"❌ Failed to update inventory:","timestamp":"2026-06-27T20:29:01.641Z"}
{"level":"error","message":"❌ Shopify API Error:","timestamp":"2026-06-27T20:29:01.641Z"}
{"level":"error","message":"❌ Failed to update inventory:","timestamp":"2026-06-27T20:29:01.644Z"}
{"level":"error","message":"❌ Shopify API Error:","timestamp":"2026-06-27T20:29:01.644Z"}
{"level":"error","message":"❌ Failed to update inventory:","timestamp":"2026-06-27T20:29:01.653Z"}
{"level":"error","message":"❌ Shopify API Error:","timestamp":"2026-06-27T20:29:01.653Z"}
{"level":"error","message":"❌ Failed to update inventory:","timestamp":"2026-06-27T20:29:01.661Z"}
{"level":"error","message":"❌ Shopify API Error:","timestamp":"2026-06-27T20:29:01.662Z"}
{"level":"error","message":"❌ Failed to update inventory:","timestamp":"2026-06-27T20:29:01.671Z"}
{"level":"error","message":"❌ Shopify API Error:","timestamp":"2026-06-27T20:29:01.671Z"}
{"level":"error","message":"❌ Failed to update inventory:","timestamp":"2026-06-27T20:29:01.733Z"}
{"level":"error","message":"❌ Shopify API Error:","timestamp":"2026-06-27T20:29:01.733Z"}
{"level":"error","message":"❌ Failed to update inventory:","timestamp":"2026-06-27T20:29:02.060Z"}
{"level":"error","message":"❌ Shopify API Error:","timestamp":"2026-06-27T20:29:02.061Z"}
{"level":"error","message":"❌ Failed to update inventory:","timestamp":"2026-06-27T20:29:02.118Z"}
{"level":"error","message":"❌ Shopify API Error:","timestamp":"2026-06-27T20:29:02.118Z"}
{"level":"error","message":"❌ Failed to update inventory:","timestamp":"2026-06-27T20:29:02.121Z"}
{"level":"error","message":"❌ Shopify API Error:","timestamp":"2026-06-27T20:29:02.122Z"}
{"level":"error","message":"❌ Failed to update inventory:","timestamp":"2026-06-27T20:29:02.124Z"}
{"level":"error","message":"❌ Shopify API Error:","timestamp":"2026-06-27T20:29:02.124Z"}
{"level":"error","message":"❌ Failed to update inventory:","timestamp":"2026-06-27T20:29:02.125Z"}
{"level":"error","message":"❌ Shopify API Error:","timestamp":"2026-06-27T20:29:02.125Z"}
{"level":"error","message":"❌ Failed to update inventory:","timestamp":"2026-06-27T20:29:02.146Z"}
{"level":"error","message":"❌ Shopify API Error:","timestamp":"2026-06-27T20:29:02.146Z"}
{"level":"error","message":"❌ Failed to update inventory:","timestamp":"2026-06-27T20:29:02.230Z"}
{"level":"error","message":"❌ Shopify API Error:","timestamp":"2026-06-27T20:29:02.231Z"}
{"level":"error","message":"❌ Failed to update inventory:","timestamp":"2026-06-27T20:29:02.602Z"}
{"level":"error","message":"❌ Shopify API Error:","timestamp":"2026-06-27T20:29:02.602Z"}
{"level":"error","message":"❌ Failed to update inventory:","timestamp":"2026-06-27T20:29:02.605Z"}
{"level":"error","message":"❌ Shopify API Error:","timestamp":"2026-06-27T20:29:02.606Z"}
{"level":"error","message":"❌ Failed to update inventory:","timestamp":"2026-06-27T20:29:02.606Z"}
{"level":"error","message":"❌ Shopify API Error:","timestamp":"2026-06-27T20:29:02.606Z"}
{"level":"error","message":"❌ Failed to update inventory:","timestamp":"2026-06-27T20:29:02.607Z"}
{"level":"error","message":"❌ Shopify API Error:","timestamp":"2026-06-27T20:29:02.607Z"}
{"level":"error","message":"❌ Failed to update inventory:","timestamp":"2026-06-27T20:29:02.613Z"}
{"level":"error","message":"❌ Shopify API Error:","timestamp":"2026-06-27T20:29:02.613Z"}
{"level":"error","message":"❌ Failed to update inventory:","timestamp":"2026-06-27T20:29:02.701Z"}
{"level":"error","message":"❌ Shopify API Error:","timestamp":"2026-06-27T20:29:02.701Z"}
{"level":"error","message":"❌ Failed to update inventory:","timestamp":"2026-06-27T20:29:03.088Z"}
{"level":"error","message":"❌ Shopify API Error:","timestamp":"2026-06-27T20:29:03.088Z"}
{"level":"error","message":"❌ Failed to update inventory:","timestamp":"2026-06-27T20:29:03.090Z"}
{"level":"error","message":"❌ Shopify API Error:","timestamp":"2026-06-27T20:29:03.091Z"}
{"level":"error","message":"❌ Failed to update inventory:","timestamp":"2026-06-27T20:29:03.091Z"}
{"level":"error","message":"❌ Shopify API Error:","timestamp":"2026-06-27T20:29:03.091Z"}
{"level":"error","message":"❌ Failed to update inventory:","timestamp":"2026-06-27T20:29:03.107Z"}
{"level":"error","message":"❌ Shopify API Error:","timestamp":"2026-06-27T20:29:03.107Z"}
{"level":"error","message":"❌ Failed to update inventory:","timestamp":"2026-06-27T20:29:03.157Z"}
{"level":"error","message":"❌ Shopify API Error:","timestamp":"2026-06-27T20:29:03.158Z"}
{"level":"error","message":"❌ Failed to update inventory:","timestamp":"2026-06-27T20:29:03.188Z"}
{"level":"error","message":"❌ Shopify API Error:","timestamp":"2026-06-27T20:29:03.188Z"}
{"level":"error","message":"❌ Failed to update inventory:","timestamp":"2026-06-27T20:29:04.248Z"}
{"level":"error","message":"❌ Shopify API Error:","timestamp":"2026-06-27T20:29:04.249Z"}
{"level":"error","message":"❌ Failed to update inventory:","timestamp":"2026-06-27T20:29:04.254Z"}
{"level":"error","message":"❌ Shopify API Error:","timestamp":"2026-06-27T20:29:04.254Z"}
{"level":"error","message":"❌ Failed to update inventory:","timestamp":"2026-06-27T20:29:04.256Z"}
{"level":"error","message":"❌ Shopify API Error:","timestamp":"2026-06-27T20:29:04.256Z"}
{"level":"error","message":"❌ Failed to update inventory:","timestamp":"2026-06-27T20:29:04.329Z"}
{"level":"error","message":"❌ Shopify API Error:","timestamp":"2026-06-27T20:29:04.330Z"}
{"level":"error","message":"❌ Failed to get product 10247420281115:","timestamp":"2026-06-27T20:29:04.482Z"}
{"level":"error","message":"❌ Failed to update inventory:","timestamp":"2026-06-27T20:29:04.505Z"}
{"level":"error","message":"❌ Shopify API Error:","timestamp":"2026-06-27T20:29:04.505Z"}
{"level":"error","message":"❌ Failed to update inventory:","timestamp":"2026-06-27T20:29:04.608Z"}
{"level":"error","message":"❌ Shopify API Error:","timestamp":"2026-06-27T20:29:04.608Z"}
{"level":"error","message":"❌ Failed to get product 10247420182811:","timestamp":"2026-06-27T20:29:04.742Z"}
{"level":"error","message":"❌ Failed to update inventory:","timestamp":"2026-06-27T20:29:05.239Z"}
{"level":"error","message":"❌ Shopify API Error:","timestamp":"2026-06-27T20:29:05.240Z"}
{"level":"error","message":"❌ Failed to update inventory:","timestamp":"2026-06-27T20:29:05.248Z"}
{"level":"error","message":"❌ Shopify API Error:","timestamp":"2026-06-27T20:29:05.249Z"}
{"level":"error","message":"❌ Failed to update inventory:","timestamp":"2026-06-27T20:29:05.252Z"}
{"level":"error","message":"❌ Shopify API Error:","timestamp":"2026-06-27T20:29:05.253Z"}
{"level":"error","message":"❌ Failed to update inventory:","timestamp":"2026-06-27T20:29:05.276Z"}
{"level":"error","message":"❌ Shopify API Error:","timestamp":"2026-06-27T20:29:05.277Z"}
{"level":"error","message":"❌ Failed to update inventory:","timestamp":"2026-06-27T20:29:05.455Z"}
{"level":"error","message":"❌ Shopify API Error:","timestamp":"2026-06-27T20:29:05.455Z"}
{"level":"error","message":"❌ Failed to get product 10247419887899:","timestamp":"2026-06-27T20:29:05.501Z"}
{"level":"error","message":"❌ Failed to update inventory:","timestamp":"2026-06-27T20:29:05.675Z"}
{"level":"error","message":"❌ Shopify API Error:","timestamp":"2026-06-27T20:29:05.675Z"}
{"level":"error","message":"❌ Failed to get product 10247420117275:","timestamp":"2026-06-27T20:29:05.743Z"}
{"level":"error","message":"❌ Failed to update inventory:","timestamp":"2026-06-27T20:29:06.232Z"}
{"level":"error","message":"❌ Shopify API Error:","timestamp":"2026-06-27T20:29:06.233Z"}
{"level":"error","message":"❌ Failed to update inventory:","timestamp":"2026-06-27T20:29:06.240Z"}
{"level":"error","message":"❌ Shopify API Error:","timestamp":"2026-06-27T20:29:06.241Z"}
{"level":"error","message":"❌ Failed to update inventory:","timestamp":"2026-06-27T20:29:06.244Z"}
{"level":"error","message":"❌ Shopify API Error:","timestamp":"2026-06-27T20:29:06.244Z"}
{"level":"error","message":"❌ Failed to update inventory:","timestamp":"2026-06-27T20:29:06.247Z"}
{"level":"error","message":"❌ Shopify API Error:","timestamp":"2026-06-27T20:29:06.247Z"}
{"level":"error","message":"❌ Failed to update inventory:","timestamp":"2026-06-27T20:29:06.252Z"}
{"level":"error","message":"❌ Shopify API Error:","timestamp":"2026-06-27T20:29:06.253Z"}
{"level":"error","message":"❌ Failed to get product 10247420051739:","timestamp":"2026-06-27T20:29:06.510Z"}
{"level":"error","message":"❌ Failed to update inventory:","timestamp":"2026-06-27T20:29:06.674Z"}
{"level":"error","message":"❌ Shopify API Error:","timestamp":"2026-06-27T20:29:06.674Z"}
{"level":"error","message":"❌ Failed to get product 10247419822363:","timestamp":"2026-06-27T20:29:06.746Z"}
{"level":"error","message":"❌ Failed to update inventory:","timestamp":"2026-06-27T20:29:07.224Z"}
{"level":"error","message":"❌ Shopify API Error:","timestamp":"2026-06-27T20:29:07.224Z"}
{"level":"error","message":"❌ Failed to update inventory:","timestamp":"2026-06-27T20:29:07.237Z"}
{"level":"error","message":"❌ Shopify API Error:","timestamp":"2026-06-27T20:29:07.241Z"}
{"level":"error","message":"❌ Failed to update inventory:","timestamp":"2026-06-27T20:29:07.247Z"}
{"level":"error","message":"❌ Shopify API Error:","timestamp":"2026-06-27T20:29:07.248Z"}
{"level":"error","message":"❌ Failed to update inventory:","timestamp":"2026-06-27T20:29:07.257Z"}
{"level":"error","message":"❌ Shopify API Error:","timestamp":"2026-06-27T20:29:07.261Z"}
{"level":"error","message":"❌ Failed to update inventory:","timestamp":"2026-06-27T20:29:07.303Z"}
{"level":"error","message":"❌ Shopify API Error:","timestamp":"2026-06-27T20:29:07.304Z"}
{"level":"error","message":"❌ Failed to get product 10247420444955:","timestamp":"2026-06-27T20:29:07.519Z"}
{"level":"error","message":"❌ Failed to update inventory:","timestamp":"2026-06-27T20:29:07.577Z"}
{"level":"error","message":"❌ Shopify API Error:","timestamp":"2026-06-27T20:29:07.577Z"}
{"level":"error","message":"❌ Failed to update inventory:","timestamp":"2026-06-27T20:29:08.055Z"}
{"level":"error","message":"❌ Shopify API Error:","timestamp":"2026-06-27T20:29:08.056Z"}
{"level":"error","message":"❌ Failed to update inventory:","timestamp":"2026-06-27T20:29:08.064Z"}
{"level":"error","message":"❌ Shopify API Error:","timestamp":"2026-06-27T20:29:08.066Z"}
{"level":"error","message":"❌ Failed to update inventory:","timestamp":"2026-06-27T20:29:08.066Z"}
{"level":"error","message":"❌ Shopify API Error:","timestamp":"2026-06-27T20:29:08.067Z"}
{"level":"error","message":"❌ Failed to update inventory:","timestamp":"2026-06-27T20:29:08.075Z"}
{"level":"error","message":"❌ Shopify API Error:","timestamp":"2026-06-27T20:29:08.075Z"}
{"level":"error","message":"❌ Failed to update inventory:","timestamp":"2026-06-27T20:29:08.078Z"}
{"level":"error","message":"❌ Shopify API Error:","timestamp":"2026-06-27T20:29:08.078Z"}
{"level":"error","message":"❌ Failed to update inventory:","timestamp":"2026-06-27T20:29:08.136Z"}
{"level":"error","message":"❌ Shopify API Error:","timestamp":"2026-06-27T20:29:08.137Z"}
{"level":"error","message":"❌ Failed to update inventory:","timestamp":"2026-06-27T20:29:08.559Z"}
{"level":"error","message":"❌ Shopify API Error:","timestamp":"2026-06-27T20:29:08.559Z"}
{"level":"error","message":"❌ Failed to update inventory:","timestamp":"2026-06-27T20:29:08.566Z"}
{"level":"error","message":"❌ Shopify API Error:","timestamp":"2026-06-27T20:29:08.567Z"}
{"level":"error","message":"❌ Failed to update inventory:","timestamp":"2026-06-27T20:29:08.572Z"}
{"level":"error","message":"❌ Shopify API Error:","timestamp":"2026-06-27T20:29:08.573Z"}
{"level":"error","message":"❌ Failed to update inventory:","timestamp":"2026-06-27T20:29:08.624Z"}
{"level":"error","message":"❌ Shopify API Error:","timestamp":"2026-06-27T20:29:08.624Z"}
{"level":"error","message":"❌ Failed to update inventory:","timestamp":"2026-06-27T20:29:08.633Z"}
{"level":"error","message":"❌ Shopify API Error:","timestamp":"2026-06-27T20:29:08.634Z"}
{"level":"error","message":"❌ Failed to update inventory:","timestamp":"2026-06-27T20:29:08.917Z"}
{"level":"error","message":"❌ Shopify API Error:","timestamp":"2026-06-27T20:29:08.918Z"}
{"level":"error","message":"❌ Failed to update inventory:","timestamp":"2026-06-27T20:29:09.132Z"}
{"level":"error","message":"❌ Shopify API Error:","timestamp":"2026-06-27T20:29:09.132Z"}
{"level":"error","message":"❌ Failed to update inventory:","timestamp":"2026-06-27T20:29:09.143Z"}
{"level":"error","message":"❌ Shopify API Error:","timestamp":"2026-06-27T20:29:09.143Z"}
{"level":"error","message":"❌ Failed to update inventory:","timestamp":"2026-06-27T20:29:09.155Z"}
{"level":"error","message":"❌ Shopify API Error:","timestamp":"2026-06-27T20:29:09.155Z"}
{"level":"error","message":"❌ Failed to update inventory:","timestamp":"2026-06-27T20:29:09.165Z"}
{"level":"error","message":"❌ Shopify API Error:","timestamp":"2026-06-27T20:29:09.165Z"}
{"level":"error","message":"❌ Failed to update inventory:","timestamp":"2026-06-27T20:29:09.203Z"}
{"level":"error","message":"❌ Shopify API Error:","timestamp":"2026-06-27T20:29:09.204Z"}
{"level":"error","message":"❌ Failed to update inventory:","timestamp":"2026-06-27T20:29:09.970Z"}
{"level":"error","message":"❌ Shopify API Error:","timestamp":"2026-06-27T20:29:09.971Z"}
{"level":"error","message":"❌ Failed to update inventory:","timestamp":"2026-06-27T21:40:32.633Z"}
{"level":"error","message":"❌ Shopify API Error:","timestamp":"2026-06-27T21:40:32.636Z"}
{"level":"error","message":"❌ Failed to update inventory:","timestamp":"2026-06-27T21:40:32.645Z"}
{"level":"error","message":"❌ Shopify API Error:","timestamp":"2026-06-27T21:40:32.646Z"}
{"level":"error","message":"❌ Failed to update inventory:","timestamp":"2026-06-27T21:40:32.648Z"}
{"level":"error","message":"❌ Shopify API Error:","timestamp":"2026-06-27T21:40:32.649Z"}
{"level":"error","message":"❌ Failed to update inventory:","timestamp":"2026-06-27T21:40:33.438Z"}
{"level":"error","message":"❌ Shopify API Error:","timestamp":"2026-06-27T21:40:33.438Z"}
{"level":"error","message":"❌ Failed to update inventory:","timestamp":"2026-06-27T21:40:41.280Z"}
{"level":"error","message":"❌ Shopify API Error:","timestamp":"2026-06-27T21:40:41.281Z"}
{"level":"error","message":"❌ Failed to update inventory:","timestamp":"2026-06-27T21:40:41.284Z"}
{"level":"error","message":"❌ Shopify API Error:","timestamp":"2026-06-27T21:40:41.285Z"}
{"level":"error","message":"❌ Failed to update inventory:","timestamp":"2026-06-27T21:40:41.316Z"}
{"level":"error","message":"❌ Shopify API Error:","timestamp":"2026-06-27T21:40:41.316Z"}
{"level":"error","message":"❌ Failed to update inventory:","timestamp":"2026-06-27T21:40:41.317Z"}
{"level":"error","message":"❌ Shopify API Error:","timestamp":"2026-06-27T21:40:41.317Z"}
{"level":"error","message":"❌ Failed to update inventory:","timestamp":"2026-06-27T21:40:45.056Z"}
{"level":"error","message":"❌ Shopify API Error:","timestamp":"2026-06-27T21:40:45.057Z"}
{"level":"error","message":"❌ Failed to update inventory:","timestamp":"2026-06-27T21:40:45.081Z"}
{"level":"error","message":"❌ Shopify API Error:","timestamp":"2026-06-27T21:40:45.082Z"}
{"level":"error","message":"❌ Failed to update inventory:","timestamp":"2026-06-27T21:40:45.092Z"}
{"level":"error","message":"❌ Shopify API Error:","timestamp":"2026-06-27T21:40:45.092Z"}
{"level":"error","message":"❌ Failed to update inventory:","timestamp":"2026-06-27T21:40:45.093Z"}
{"level":"error","message":"❌ Shopify API Error:","timestamp":"2026-06-27T21:40:45.094Z"}
{"level":"error","message":"❌ Failed to update inventory:","timestamp":"2026-06-27T21:41:19.995Z"}
{"level":"error","message":"❌ Shopify API Error:","timestamp":"2026-06-27T21:41:19.995Z"}
{"level":"error","message":"❌ Failed to update inventory:","timestamp":"2026-06-27T21:41:20.022Z"}
{"level":"error","message":"❌ Shopify API Error:","timestamp":"2026-06-27T21:41:20.022Z"}
{"level":"error","message":"❌ Failed to update inventory:","timestamp":"2026-06-27T21:41:20.042Z"}
{"level":"error","message":"❌ Shopify API Error:","timestamp":"2026-06-27T21:41:20.042Z"}
{"level":"error","message":"❌ Failed to update inventory:","timestamp":"2026-06-27T21:41:20.066Z"}
{"level":"error","message":"❌ Shopify API Error:","timestamp":"2026-06-27T21:41:20.067Z"}
{"level":"error","message":"❌ Failed to update inventory:","timestamp":"2026-06-27T21:41:20.383Z"}
{"level":"error","message":"❌ Shopify API Error:","timestamp":"2026-06-27T21:41:20.384Z"}
{"level":"error","message":"❌ Failed to update inventory:","timestamp":"2026-06-27T21:41:20.929Z"}
{"level":"error","message":"❌ Shopify API Error:","timestamp":"2026-06-27T21:41:20.929Z"}
{"level":"error","message":"❌ Failed to update inventory:","timestamp":"2026-06-27T21:43:04.441Z"}
{"level":"error","message":"❌ Shopify API Error:","timestamp":"2026-06-27T21:43:04.444Z"}
{"level":"error","message":"❌ Failed to update inventory:","timestamp":"2026-06-27T21:43:04.464Z"}
{"level":"error","message":"❌ Shopify API Error:","timestamp":"2026-06-27T21:43:04.468Z"}
{"level":"error","message":"❌ Failed to update inventory:","timestamp":"2026-06-27T21:43:04.509Z"}
{"level":"error","message":"❌ Shopify API Error:","timestamp":"2026-06-27T21:43:04.510Z"}
{"level":"error","message":"❌ Failed to update inventory:","timestamp":"2026-06-27T21:43:04.588Z"}
{"level":"error","message":"❌ Shopify API Error:","timestamp":"2026-06-27T21:43:04.588Z"}
{"level":"error","message":"❌ Failed to update inventory:","timestamp":"2026-06-27T21:43:04.643Z"}
{"level":"error","message":"❌ Shopify API Error:","timestamp":"2026-06-27T21:43:04.644Z"}
{"level":"error","message":"❌ Failed to update inventory:","timestamp":"2026-06-27T21:43:04.852Z"}
{"level":"error","message":"❌ Shopify API Error:","timestamp":"2026-06-27T21:43:04.852Z"}
{"level":"error","message":"❌ Failed to update inventory:","timestamp":"2026-06-27T21:43:08.347Z"}
{"level":"error","message":"❌ Shopify API Error:","timestamp":"2026-06-27T21:43:08.348Z"}
{"level":"error","message":"❌ Failed to update inventory:","timestamp":"2026-06-27T21:43:08.352Z"}
{"level":"error","message":"❌ Shopify API Error:","timestamp":"2026-06-27T21:43:08.352Z"}
{"level":"error","message":"❌ Failed to update inventory:","timestamp":"2026-06-27T21:43:08.352Z"}
{"level":"error","message":"❌ Shopify API Error:","timestamp":"2026-06-27T21:43:08.353Z"}
{"level":"error","message":"❌ Failed to update inventory:","timestamp":"2026-06-27T21:43:08.482Z"}
{"level":"error","message":"❌ Shopify API Error:","timestamp":"2026-06-27T21:43:08.482Z"}
{"level":"error","message":"❌ Failed to update inventory:","timestamp":"2026-06-27T21:43:08.551Z"}
{"level":"error","message":"❌ Shopify API Error:","timestamp":"2026-06-27T21:43:08.552Z"}
{"level":"error","message":"❌ Failed to update inventory:","timestamp":"2026-06-27T21:43:09.168Z"}
{"level":"error","message":"❌ Shopify API Error:","timestamp":"2026-06-27T21:43:09.168Z"}
{"level":"error","message":"❌ GraphQL Errors:","timestamp":"2026-06-27T21:58:25.516Z"}
{"level":"error","message":"❌ GraphQL Request Failed:","timestamp":"2026-06-27T21:58:25.522Z"}
{"level":"error","message":"Status:","timestamp":"2026-06-27T21:58:25.523Z"}
{"level":"error","message":"Response:","timestamp":"2026-06-27T21:58:25.523Z"}
{"level":"error","message":"❌ GraphQL Errors:","timestamp":"2026-06-27T21:58:30.474Z"}
{"level":"error","message":"❌ GraphQL Request Failed:","timestamp":"2026-06-27T21:58:30.475Z"}
{"level":"error","message":"Status:","timestamp":"2026-06-27T21:58:30.476Z"}
{"level":"error","message":"Response:","timestamp":"2026-06-27T21:58:30.476Z"}
{"level":"error","message":"❌ GraphQL Errors:","timestamp":"2026-06-27T21:58:33.693Z"}
{"level":"error","message":"❌ GraphQL Request Failed:","timestamp":"2026-06-27T21:58:33.694Z"}
{"level":"error","message":"Status:","timestamp":"2026-06-27T21:58:33.695Z"}
{"level":"error","message":"Response:","timestamp":"2026-06-27T21:58:33.695Z"}
{"level":"error","message":"❌ GraphQL Errors:","timestamp":"2026-06-27T21:59:09.053Z"}
{"level":"error","message":"❌ GraphQL Request Failed:","timestamp":"2026-06-27T21:59:09.057Z"}
{"level":"error","message":"Status:","timestamp":"2026-06-27T21:59:09.057Z"}
{"level":"error","message":"Response:","timestamp":"2026-06-27T21:59:09.058Z"}
{"level":"error","message":"❌ GraphQL Errors:","timestamp":"2026-06-27T22:00:03.912Z"}
{"level":"error","message":"❌ GraphQL Request Failed:","timestamp":"2026-06-27T22:00:03.915Z"}
{"level":"error","message":"Status:","timestamp":"2026-06-27T22:00:03.916Z"}
{"level":"error","message":"Response:","timestamp":"2026-06-27T22:00:03.917Z"}
{"level":"error","message":"❌ GraphQL Errors:","timestamp":"2026-06-27T22:00:06.425Z"}
{"level":"error","message":"❌ GraphQL Request Failed:","timestamp":"2026-06-27T22:00:06.426Z"}
{"level":"error","message":"Status:","timestamp":"2026-06-27T22:00:06.426Z"}
{"level":"error","message":"Response:","timestamp":"2026-06-27T22:00:06.427Z"}
{"level":"error","message":"❌ GraphQL Errors:","timestamp":"2026-06-27T22:00:07.662Z"}
{"level":"error","message":"❌ GraphQL Request Failed:","timestamp":"2026-06-27T22:00:07.663Z"}
{"level":"error","message":"Status:","timestamp":"2026-06-27T22:00:07.663Z"}
{"level":"error","message":"Response:","timestamp":"2026-06-27T22:00:07.663Z"}
{"level":"error","message":"❌ GraphQL Errors:","timestamp":"2026-06-27T22:00:11.734Z"}
{"level":"error","message":"❌ GraphQL Request Failed:","timestamp":"2026-06-27T22:00:11.734Z"}
{"level":"error","message":"Status:","timestamp":"2026-06-27T22:00:11.734Z"}
{"level":"error","message":"Response:","timestamp":"2026-06-27T22:00:11.735Z"}
{"level":"error","message":"❌ GraphQL Errors:","timestamp":"2026-06-27T22:00:18.941Z"}
{"level":"error","message":"❌ GraphQL Request Failed:","timestamp":"2026-06-27T22:00:18.941Z"}
{"level":"error","message":"Status:","timestamp":"2026-06-27T22:00:18.941Z"}
{"level":"error","message":"Response:","timestamp":"2026-06-27T22:00:18.941Z"}
{"level":"error","message":"❌ GraphQL Errors:","timestamp":"2026-06-27T22:00:44.451Z"}
{"level":"error","message":"❌ GraphQL Request Failed:","timestamp":"2026-06-27T22:00:44.452Z"}
{"level":"error","message":"Status:","timestamp":"2026-06-27T22:00:44.453Z"}
{"level":"error","message":"Response:","timestamp":"2026-06-27T22:00:44.453Z"}
{"level":"error","message":"❌ GraphQL Errors:","timestamp":"2026-06-27T22:04:45.479Z"}
{"level":"error","message":"❌ GraphQL Request Failed:","timestamp":"2026-06-27T22:04:45.483Z"}
{"level":"error","message":"Status:","timestamp":"2026-06-27T22:04:45.483Z"}
{"level":"error","message":"Response:","timestamp":"2026-06-27T22:04:45.484Z"}
{"level":"error","message":"❌ Failed to update inventory:","timestamp":"2026-06-27T22:04:45.484Z"}
{"level":"error","message":"❌ GraphQL Errors:","timestamp":"2026-06-27T22:04:51.604Z"}
{"level":"error","message":"❌ GraphQL Request Failed:","timestamp":"2026-06-27T22:04:51.604Z"}
{"level":"error","message":"Status:","timestamp":"2026-06-27T22:04:51.605Z"}
{"level":"error","message":"Response:","timestamp":"2026-06-27T22:04:51.605Z"}
{"level":"error","message":"❌ Failed to update inventory:","timestamp":"2026-06-27T22:04:51.605Z"}
{"level":"error","message":"❌ GraphQL Errors:","timestamp":"2026-06-27T22:04:58.130Z"}
{"level":"error","message":"❌ GraphQL Request Failed:","timestamp":"2026-06-27T22:04:58.131Z"}
{"level":"error","message":"Status:","timestamp":"2026-06-27T22:04:58.132Z"}
{"level":"error","message":"Response:","timestamp":"2026-06-27T22:04:58.132Z"}
{"level":"error","message":"❌ Failed to update inventory:","timestamp":"2026-06-27T22:04:58.133Z"}
{"level":"error","message":"❌ GraphQL Errors:","timestamp":"2026-06-27T22:05:30.400Z"}
{"level":"error","message":"❌ GraphQL Request Failed:","timestamp":"2026-06-27T22:05:30.403Z"}
{"level":"error","message":"Status:","timestamp":"2026-06-27T22:05:30.404Z"}
{"level":"error","message":"Response:","timestamp":"2026-06-27T22:05:30.405Z"}
{"level":"error","message":"❌ Failed to update inventory:","timestamp":"2026-06-27T22:05:30.406Z"}
{"level":"error","message":"❌ GraphQL Errors:","timestamp":"2026-06-27T22:08:36.812Z"}
{"level":"error","message":"❌ GraphQL Request Failed:","timestamp":"2026-06-27T22:08:36.815Z"}
{"level":"error","message":"Status:","timestamp":"2026-06-27T22:08:36.816Z"}
{"level":"error","message":"Response:","timestamp":"2026-06-27T22:08:36.816Z"}
{"level":"error","message":"❌ Failed to update inventory:","timestamp":"2026-06-27T22:08:36.816Z"}
{"level":"error","message":"❌ GraphQL Errors:","timestamp":"2026-06-27T22:08:38.395Z"}
{"level":"error","message":"❌ GraphQL Request Failed:","timestamp":"2026-06-27T22:08:38.396Z"}
{"level":"error","message":"Status:","timestamp":"2026-06-27T22:08:38.397Z"}
{"level":"error","message":"Response:","timestamp":"2026-06-27T22:08:38.397Z"}
{"level":"error","message":"❌ Failed to update inventory:","timestamp":"2026-06-27T22:08:38.397Z"}
{"level":"error","message":"❌ GraphQL Errors:","timestamp":"2026-06-27T22:08:39.979Z"}
{"level":"error","message":"❌ GraphQL Request Failed:","timestamp":"2026-06-27T22:08:39.980Z"}
{"level":"error","message":"Status:","timestamp":"2026-06-27T22:08:39.980Z"}
{"level":"error","message":"Response:","timestamp":"2026-06-27T22:08:39.980Z"}
{"level":"error","message":"❌ Failed to update inventory:","timestamp":"2026-06-27T22:08:39.980Z"}
{"level":"error","message":"❌ GraphQL Errors:","timestamp":"2026-06-27T22:08:41.579Z"}
{"level":"error","message":"❌ GraphQL Request Failed:","timestamp":"2026-06-27T22:08:41.579Z"}
{"level":"error","message":"Status:","timestamp":"2026-06-27T22:08:41.579Z"}
{"level":"error","message":"Response:","timestamp":"2026-06-27T22:08:41.579Z"}
{"level":"error","message":"❌ Failed to update inventory:","timestamp":"2026-06-27T22:08:41.579Z"}
{"level":"error","message":"❌ GraphQL Errors:","timestamp":"2026-06-27T22:08:43.155Z"}
{"level":"error","message":"❌ GraphQL Request Failed:","timestamp":"2026-06-27T22:08:43.156Z"}
{"level":"error","message":"Status:","timestamp":"2026-06-27T22:08:43.156Z"}
{"level":"error","message":"Response:","timestamp":"2026-06-27T22:08:43.156Z"}
{"level":"error","message":"❌ Failed to update inventory:","timestamp":"2026-06-27T22:08:43.156Z"}
{"level":"error","message":"❌ GraphQL Errors:","timestamp":"2026-06-27T22:08:44.718Z"}
{"level":"error","message":"❌ GraphQL Request Failed:","timestamp":"2026-06-27T22:08:44.719Z"}
{"level":"error","message":"Status:","timestamp":"2026-06-27T22:08:44.719Z"}
{"level":"error","message":"Response:","timestamp":"2026-06-27T22:08:44.719Z"}
{"level":"error","message":"❌ Failed to update inventory:","timestamp":"2026-06-27T22:08:44.720Z"}
{"level":"error","message":"❌ GraphQL Errors:","timestamp":"2026-06-27T22:10:48.863Z"}
{"level":"error","message":"❌ GraphQL Request Failed:","timestamp":"2026-06-27T22:10:48.866Z"}
{"level":"error","message":"Status:","timestamp":"2026-06-27T22:10:48.866Z"}
{"level":"error","message":"Response:","timestamp":"2026-06-27T22:10:48.867Z"}
{"level":"error","message":"❌ Failed to update inventory:","timestamp":"2026-06-27T22:10:48.867Z"}
{"level":"error","message":"❌ GraphQL Errors:","timestamp":"2026-06-27T22:15:48.802Z"}
{"level":"error","message":"❌ GraphQL Request Failed:","timestamp":"2026-06-27T22:15:48.806Z"}
{"level":"error","message":"Status:","timestamp":"2026-06-27T22:15:48.807Z"}
{"level":"error","message":"Response:","timestamp":"2026-06-27T22:15:48.807Z"}
{"level":"error","message":"❌ GraphQL Errors:","timestamp":"2026-06-27T22:18:31.564Z"}
{"level":"error","message":"❌ GraphQL Request Failed:","timestamp":"2026-06-27T22:18:31.566Z"}
{"level":"error","message":"Status:","timestamp":"2026-06-27T22:18:31.567Z"}
{"level":"error","message":"Response:","timestamp":"2026-06-27T22:18:31.567Z"}
{"level":"error","message":"❌ GraphQL Errors:","timestamp":"2026-06-27T22:18:34.313Z"}
{"level":"error","message":"❌ GraphQL Request Failed:","timestamp":"2026-06-27T22:18:34.314Z"}
{"level":"error","message":"Status:","timestamp":"2026-06-27T22:18:34.315Z"}
{"level":"error","message":"Response:","timestamp":"2026-06-27T22:18:34.315Z"}
{"level":"error","message":"❌ GraphQL Errors:","timestamp":"2026-06-27T22:18:41.475Z"}
{"level":"error","message":"❌ GraphQL Request Failed:","timestamp":"2026-06-27T22:18:41.476Z"}
{"level":"error","message":"Status:","timestamp":"2026-06-27T22:18:41.476Z"}
{"level":"error","message":"Response:","timestamp":"2026-06-27T22:18:41.476Z"}
{"level":"error","message":"❌ GraphQL Errors:","timestamp":"2026-06-27T22:22:27.836Z"}
{"level":"error","message":"❌ GraphQL Request Failed:","timestamp":"2026-06-27T22:22:27.838Z"}
{"level":"error","message":"Status:","timestamp":"2026-06-27T22:22:27.839Z"}
{"level":"error","message":"Response:","timestamp":"2026-06-27T22:22:27.839Z"}
{"level":"error","message":"❌ Failed to update inventory:","timestamp":"2026-06-27T22:22:27.840Z"}
{"level":"error","message":"❌ GraphQL Errors:","timestamp":"2026-06-27T22:25:33.906Z"}
{"level":"error","message":"❌ GraphQL Request Failed:","timestamp":"2026-06-27T22:25:33.912Z"}
{"level":"error","message":"Status:","timestamp":"2026-06-27T22:25:33.913Z"}
{"level":"error","message":"Response:","timestamp":"2026-06-27T22:25:33.913Z"}
{"level":"error","message":"❌ GraphQL Errors:","timestamp":"2026-06-27T22:25:48.321Z"}
{"level":"error","message":"❌ GraphQL Request Failed:","timestamp":"2026-06-27T22:25:48.324Z"}
{"level":"error","message":"Status:","timestamp":"2026-06-27T22:25:48.325Z"}
{"level":"error","message":"Response:","timestamp":"2026-06-27T22:25:48.325Z"}
{"level":"error","message":"❌ GraphQL Errors:","timestamp":"2026-06-27T22:26:46.351Z"}
{"level":"error","message":"❌ GraphQL Request Failed:","timestamp":"2026-06-27T22:26:46.356Z"}
{"level":"error","message":"Status:","timestamp":"2026-06-27T22:26:46.356Z"}
{"level":"error","message":"Response:","timestamp":"2026-06-27T22:26:46.357Z"}
{"level":"error","message":"❌ GraphQL Errors:","timestamp":"2026-06-27T22:26:49.759Z"}
{"level":"error","message":"❌ GraphQL Request Failed:","timestamp":"2026-06-27T22:26:49.761Z"}
{"level":"error","message":"Status:","timestamp":"2026-06-27T22:26:49.763Z"}
{"level":"error","message":"Response:","timestamp":"2026-06-27T22:26:49.764Z"}
{"level":"error","message":"❌ GraphQL Errors:","timestamp":"2026-06-27T22:26:53.705Z"}
{"level":"error","message":"❌ GraphQL Request Failed:","timestamp":"2026-06-27T22:26:53.706Z"}
{"level":"error","message":"Status:","timestamp":"2026-06-27T22:26:53.706Z"}
{"level":"error","message":"Response:","timestamp":"2026-06-27T22:26:53.707Z"}
{"level":"error","message":"❌ GraphQL Errors:","timestamp":"2026-06-27T22:26:56.427Z"}
{"level":"error","message":"❌ GraphQL Request Failed:","timestamp":"2026-06-27T22:26:56.428Z"}
{"level":"error","message":"Status:","timestamp":"2026-06-27T22:26:56.428Z"}
{"level":"error","message":"Response:","timestamp":"2026-06-27T22:26:56.428Z"}
{"level":"error","message":"❌ GraphQL Errors:","timestamp":"2026-06-27T22:26:58.597Z"}
{"level":"error","message":"❌ GraphQL Request Failed:","timestamp":"2026-06-27T22:26:58.598Z"}
{"level":"error","message":"Status:","timestamp":"2026-06-27T22:26:58.598Z"}
{"level":"error","message":"Response:","timestamp":"2026-06-27T22:26:58.598Z"}
{"level":"error","message":"❌ GraphQL Errors:","timestamp":"2026-06-27T22:27:00.767Z"}
{"level":"error","message":"❌ GraphQL Request Failed:","timestamp":"2026-06-27T22:27:00.768Z"}
{"level":"error","message":"Status:","timestamp":"2026-06-27T22:27:00.768Z"}
{"level":"error","message":"Response:","timestamp":"2026-06-27T22:27:00.768Z"}
{"level":"error","message":"❌ GraphQL Errors:","timestamp":"2026-06-27T22:27:02.911Z"}
{"level":"error","message":"❌ GraphQL Request Failed:","timestamp":"2026-06-27T22:27:02.911Z"}
{"level":"error","message":"Status:","timestamp":"2026-06-27T22:27:02.912Z"}
{"level":"error","message":"Response:","timestamp":"2026-06-27T22:27:02.912Z"}
{"level":"error","message":"❌ GraphQL Errors:","timestamp":"2026-06-27T22:27:05.895Z"}
{"level":"error","message":"❌ GraphQL Request Failed:","timestamp":"2026-06-27T22:27:05.895Z"}
{"level":"error","message":"Status:","timestamp":"2026-06-27T22:27:05.895Z"}
{"level":"error","message":"Response:","timestamp":"2026-06-27T22:27:05.895Z"}
{"level":"error","message":"❌ GraphQL Errors:","timestamp":"2026-06-27T22:27:07.407Z"}
{"level":"error","message":"❌ GraphQL Request Failed:","timestamp":"2026-06-27T22:27:07.408Z"}
{"level":"error","message":"Status:","timestamp":"2026-06-27T22:27:07.408Z"}
{"level":"error","message":"Response:","timestamp":"2026-06-27T22:27:07.408Z"}
{"level":"error","message":"❌ GraphQL Errors:","timestamp":"2026-06-27T22:32:20.582Z"}
{"level":"error","message":"❌ GraphQL Request Failed:","timestamp":"2026-06-27T22:32:20.583Z"}
{"level":"error","message":"Status:","timestamp":"2026-06-27T22:32:20.584Z"}
{"level":"error","message":"Response:","timestamp":"2026-06-27T22:32:20.584Z"}
{"level":"error","message":"❌ GraphQL Errors:","timestamp":"2026-06-27T22:36:32.456Z"}
{"level":"error","message":"❌ GraphQL Request Failed:","timestamp":"2026-06-27T22:36:32.460Z"}
{"level":"error","message":"Status:","timestamp":"2026-06-27T22:36:32.461Z"}
{"level":"error","message":"Response:","timestamp":"2026-06-27T22:36:32.461Z"}
{"level":"error","message":"❌ Error fetching products:","timestamp":"2026-06-27T22:36:32.462Z"}
{"level":"error","message":"❌ GraphQL Errors:","timestamp":"2026-06-27T22:36:34.159Z"}
{"level":"error","message":"❌ GraphQL Request Failed:","timestamp":"2026-06-27T22:36:34.160Z"}
{"level":"error","message":"Status:","timestamp":"2026-06-27T22:36:34.161Z"}
{"level":"error","message":"Response:","timestamp":"2026-06-27T22:36:34.161Z"}
{"level":"error","message":"❌ Error fetching products:","timestamp":"2026-06-27T22:36:34.162Z"}
{"level":"error","message":"❌ GraphQL Errors:","timestamp":"2026-06-27T22:36:39.266Z"}
{"level":"error","message":"❌ GraphQL Request Failed:","timestamp":"2026-06-27T22:36:39.266Z"}
{"level":"error","message":"Status:","timestamp":"2026-06-27T22:36:39.266Z"}
{"level":"error","message":"Response:","timestamp":"2026-06-27T22:36:39.267Z"}
{"level":"error","message":"❌ Error fetching products:","timestamp":"2026-06-27T22:36:39.267Z"}
{"level":"error","message":"❌ GraphQL Errors:","timestamp":"2026-06-27T22:36:51.073Z"}
{"level":"error","message":"❌ GraphQL Request Failed:","timestamp":"2026-06-27T22:36:51.077Z"}
{"level":"error","message":"Status:","timestamp":"2026-06-27T22:36:51.078Z"}
{"level":"error","message":"Response:","timestamp":"2026-06-27T22:36:51.079Z"}
{"level":"error","message":"❌ Error fetching products:","timestamp":"2026-06-27T22:36:51.079Z"}
{"level":"error","message":"❌ GraphQL Errors:","timestamp":"2026-06-27T22:36:55.629Z"}
{"level":"error","message":"❌ GraphQL Request Failed:","timestamp":"2026-06-27T22:36:55.630Z"}
{"level":"error","message":"Status:","timestamp":"2026-06-27T22:36:55.630Z"}
{"level":"error","message":"Response:","timestamp":"2026-06-27T22:36:55.630Z"}
{"level":"error","message":"❌ Error fetching products:","timestamp":"2026-06-27T22:36:55.631Z"}
{"level":"error","message":"❌ GraphQL Errors:","timestamp":"2026-06-27T22:37:09.662Z"}
{"level":"error","message":"❌ GraphQL Request Failed:","timestamp":"2026-06-27T22:37:09.663Z"}
{"level":"error","message":"Status:","timestamp":"2026-06-27T22:37:09.663Z"}
{"level":"error","message":"Response:","timestamp":"2026-06-27T22:37:09.664Z"}
{"level":"error","message":"❌ Error fetching products:","timestamp":"2026-06-27T22:37:09.664Z"}
{"level":"error","message":"❌ GraphQL Errors:","timestamp":"2026-06-27T22:38:14.119Z"}
{"level":"error","message":"❌ GraphQL Request Failed:","timestamp":"2026-06-27T22:38:14.120Z"}
{"level":"error","message":"Status:","timestamp":"2026-06-27T22:38:14.120Z"}
{"level":"error","message":"Response:","timestamp":"2026-06-27T22:38:14.120Z"}
{"level":"error","message":"❌ Error fetching products:","timestamp":"2026-06-27T22:38:14.121Z"}
{"level":"error","message":"❌ GraphQL Errors:","timestamp":"2026-06-27T22:39:32.883Z"}
{"level":"error","message":"❌ GraphQL Request Failed:","timestamp":"2026-06-27T22:39:32.884Z"}
{"level":"error","message":"Status:","timestamp":"2026-06-27T22:39:32.884Z"}
{"level":"error","message":"Response:","timestamp":"2026-06-27T22:39:32.884Z"}
{"level":"error","message":"❌ Error fetching products:","timestamp":"2026-06-27T22:39:32.884Z"}
{"level":"error","message":"❌ Failed to update inventory:","timestamp":"2026-06-27T22:41:31.746Z"}
{"level":"error","message":"❌ Shopify API Error:","timestamp":"2026-06-27T22:41:31.749Z"}
{"level":"error","message":"❌ Failed to update inventory:","timestamp":"2026-06-27T22:41:31.763Z"}
{"level":"error","message":"❌ Shopify API Error:","timestamp":"2026-06-27T22:41:31.764Z"}
{"level":"error","message":"❌ Failed to update inventory:","timestamp":"2026-06-27T22:41:31.798Z"}
{"level":"error","message":"❌ Shopify API Error:","timestamp":"2026-06-27T22:41:31.799Z"}
{"level":"error","message":"❌ Failed to update inventory:","timestamp":"2026-06-27T22:41:31.907Z"}
{"level":"error","message":"❌ Shopify API Error:","timestamp":"2026-06-27T22:41:31.908Z"}
{"level":"error","message":"❌ GraphQL Errors:","timestamp":"2026-06-27T22:53:45.126Z"}
{"level":"error","message":"❌ GraphQL Request Failed:","timestamp":"2026-06-27T22:53:45.133Z"}
{"level":"error","message":"Status:","timestamp":"2026-06-27T22:53:45.136Z"}
{"level":"error","message":"Response:","timestamp":"2026-06-27T22:53:45.136Z"}
{"level":"error","message":"❌ GraphQL Errors:","timestamp":"2026-06-27T22:53:53.856Z"}
{"level":"error","message":"❌ GraphQL Request Failed:","timestamp":"2026-06-27T22:53:53.857Z"}
{"level":"error","message":"Status:","timestamp":"2026-06-27T22:53:53.859Z"}
{"level":"error","message":"Response:","timestamp":"2026-06-27T22:53:53.859Z"}
{"level":"error","message":"❌ GraphQL Errors:","timestamp":"2026-06-27T23:16:02.353Z"}
{"level":"error","message":"❌ GraphQL Request Failed:","timestamp":"2026-06-27T23:16:02.363Z"}
{"level":"error","message":"Status:","timestamp":"2026-06-27T23:16:02.364Z"}
{"level":"error","message":"Response:","timestamp":"2026-06-27T23:16:02.365Z"}
{"level":"error","message":"❌ GraphQL Errors:","timestamp":"2026-06-27T23:16:29.374Z"}
{"level":"error","message":"❌ GraphQL Request Failed:","timestamp":"2026-06-27T23:16:29.378Z"}
{"level":"error","message":"Status:","timestamp":"2026-06-27T23:16:29.380Z"}
{"level":"error","message":"Response:","timestamp":"2026-06-27T23:16:29.380Z"}
{"level":"error","message":"❌ Error fetching products:","timestamp":"2026-06-27T23:16:29.381Z"}
{"level":"error","message":"❌ GraphQL Errors:","timestamp":"2026-06-27T23:16:47.310Z"}
{"level":"error","message":"❌ GraphQL Request Failed:","timestamp":"2026-06-27T23:16:47.312Z"}
{"level":"error","message":"Status:","timestamp":"2026-06-27T23:16:47.313Z"}
{"level":"error","message":"Response:","timestamp":"2026-06-27T23:16:47.314Z"}
{"level":"error","message":"❌ Error fetching products:","timestamp":"2026-06-27T23:16:47.315Z"}
{"level":"error","message":"❌ GraphQL Errors:","timestamp":"2026-06-27T23:16:51.622Z"}
{"level":"error","message":"❌ GraphQL Request Failed:","timestamp":"2026-06-27T23:16:51.623Z"}
{"level":"error","message":"Status:","timestamp":"2026-06-27T23:16:51.623Z"}
{"level":"error","message":"Response:","timestamp":"2026-06-27T23:16:51.623Z"}
{"level":"error","message":"❌ Error fetching products:","timestamp":"2026-06-27T23:16:51.624Z"}
{"level":"error","message":"❌ Failed to update inventory:","timestamp":"2026-06-27T23:17:49.070Z"}
{"level":"error","message":"❌ Shopify API Error:","timestamp":"2026-06-27T23:17:49.080Z"}
{"level":"error","message":"❌ Failed to update inventory:","timestamp":"2026-06-27T23:17:59.362Z"}
{"level":"error","message":"❌ Shopify API Error:","timestamp":"2026-06-27T23:17:59.364Z"}
{"level":"error","message":"❌ Failed to update inventory:","timestamp":"2026-06-27T23:18:00.163Z"}
{"level":"error","message":"❌ Shopify API Error:","timestamp":"2026-06-27T23:18:00.165Z"}
{"level":"error","message":"❌ Failed to update inventory:","timestamp":"2026-06-27T23:18:00.949Z"}
{"level":"error","message":"❌ Shopify API Error:","timestamp":"2026-06-27T23:18:00.950Z"}
{"level":"error","message":"❌ Failed to update inventory:","timestamp":"2026-06-27T23:18:01.760Z"}
{"level":"error","message":"❌ Shopify API Error:","timestamp":"2026-06-27T23:18:01.761Z"}
{"level":"error","message":"❌ Failed to update inventory:","timestamp":"2026-06-27T23:18:02.561Z"}
{"level":"error","message":"❌ Shopify API Error:","timestamp":"2026-06-27T23:18:02.562Z"}
{"level":"error","message":"❌ Failed to update inventory:","timestamp":"2026-06-27T23:18:03.333Z"}
{"level":"error","message":"❌ Shopify API Error:","timestamp":"2026-06-27T23:18:03.333Z"}
{"level":"error","message":"❌ Failed to update inventory:","timestamp":"2026-06-27T23:18:04.117Z"}
{"level":"error","message":"❌ Shopify API Error:","timestamp":"2026-06-27T23:18:04.118Z"}
{"level":"error","message":"❌ Failed to update inventory:","timestamp":"2026-06-27T23:18:04.930Z"}
{"level":"error","message":"❌ Shopify API Error:","timestamp":"2026-06-27T23:18:04.931Z"}
{"level":"error","message":"❌ Failed to update inventory:","timestamp":"2026-06-27T23:18:05.818Z"}
{"level":"error","message":"❌ Shopify API Error:","timestamp":"2026-06-27T23:18:05.820Z"}
{"level":"error","message":"❌ Failed to update inventory:","timestamp":"2026-06-27T23:18:06.597Z"}
{"level":"error","message":"❌ Shopify API Error:","timestamp":"2026-06-27T23:18:06.597Z"}
{"level":"error","message":"❌ Failed to update inventory:","timestamp":"2026-06-27T23:18:07.358Z"}
{"level":"error","message":"❌ Shopify API Error:","timestamp":"2026-06-27T23:18:07.358Z"}
{"level":"error","message":"❌ Failed to update inventory:","timestamp":"2026-06-27T23:18:08.153Z"}
{"level":"error","message":"❌ Shopify API Error:","timestamp":"2026-06-27T23:18:08.153Z"}
{"level":"error","message":"❌ Failed to update inventory:","timestamp":"2026-06-27T23:18:09.031Z"}
{"level":"error","message":"❌ Shopify API Error:","timestamp":"2026-06-27T23:18:09.031Z"}
{"level":"error","message":"❌ Failed to update inventory:","timestamp":"2026-06-27T23:18:28.125Z"}
{"level":"error","message":"❌ Shopify API Error:","timestamp":"2026-06-27T23:18:28.125Z"}
{"level":"error","message":"❌ Failed to update inventory:","timestamp":"2026-06-27T23:18:28.951Z"}
{"level":"error","message":"❌ Shopify API Error:","timestamp":"2026-06-27T23:18:28.951Z"}
{"level":"error","message":"❌ Failed to update inventory:","timestamp":"2026-06-27T23:18:29.693Z"}
{"level":"error","message":"❌ Shopify API Error:","timestamp":"2026-06-27T23:18:29.693Z"}
{"level":"error","message":"❌ Failed to update inventory:","timestamp":"2026-06-27T23:18:30.434Z"}
{"level":"error","message":"❌ Shopify API Error:","timestamp":"2026-06-27T23:18:30.434Z"}
{"level":"error","message":"❌ Failed to update inventory:","timestamp":"2026-06-27T23:18:31.184Z"}
{"level":"error","message":"❌ Shopify API Error:","timestamp":"2026-06-27T23:18:31.185Z"}
{"level":"error","message":"❌ Failed to update inventory:","timestamp":"2026-06-27T23:18:31.946Z"}
{"level":"error","message":"❌ Shopify API Error:","timestamp":"2026-06-27T23:18:31.947Z"}
{"level":"error","message":"❌ Failed to update inventory:","timestamp":"2026-06-27T23:18:32.714Z"}
{"level":"error","message":"❌ Shopify API Error:","timestamp":"2026-06-27T23:18:32.714Z"}
{"level":"error","message":"❌ Failed to update inventory:","timestamp":"2026-06-27T23:18:33.515Z"}
{"level":"error","message":"❌ Shopify API Error:","timestamp":"2026-06-27T23:18:33.518Z"}
{"level":"error","message":"❌ Failed to update inventory:","timestamp":"2026-06-27T23:18:34.285Z"}
{"level":"error","message":"❌ Shopify API Error:","timestamp":"2026-06-27T23:18:34.286Z"}
{"level":"error","message":"❌ Failed to update inventory:","timestamp":"2026-06-27T23:18:35.042Z"}
{"level":"error","message":"❌ Shopify API Error:","timestamp":"2026-06-27T23:18:35.043Z"}
{"level":"error","message":"❌ Failed to update inventory:","timestamp":"2026-06-27T23:18:35.825Z"}
{"level":"error","message":"❌ Shopify API Error:","timestamp":"2026-06-27T23:18:35.859Z"}
{"level":"error","message":"❌ Failed to update inventory:","timestamp":"2026-06-27T23:18:36.651Z"}
{"level":"error","message":"❌ Shopify API Error:","timestamp":"2026-06-27T23:18:36.652Z"}
{"level":"error","message":"❌ Failed to update inventory:","timestamp":"2026-06-27T23:18:37.476Z"}
{"level":"error","message":"❌ Shopify API Error:","timestamp":"2026-06-27T23:18:37.477Z"}
{"level":"error","message":"❌ Failed to update inventory:","timestamp":"2026-06-27T23:18:38.286Z"}
{"level":"error","message":"❌ Shopify API Error:","timestamp":"2026-06-27T23:18:38.287Z"}
{"level":"error","message":"❌ Failed to update inventory:","timestamp":"2026-06-27T23:40:12.725Z"}
{"level":"error","message":"❌ Shopify API Error:","timestamp":"2026-06-27T23:40:12.727Z"}
{"level":"error","message":"❌ Failed to update inventory:","timestamp":"2026-06-27T23:40:13.549Z"}
{"level":"error","message":"❌ Shopify API Error:","timestamp":"2026-06-27T23:40:13.549Z"}
{"level":"error","message":"❌ Failed to update inventory:","timestamp":"2026-06-27T23:40:14.066Z"}
{"level":"error","message":"❌ Shopify API Error:","timestamp":"2026-06-27T23:40:14.067Z"}
{"level":"error","message":"❌ Failed to update inventory:","timestamp":"2026-06-27T23:40:14.587Z"}
{"level":"error","message":"❌ Shopify API Error:","timestamp":"2026-06-27T23:40:14.587Z"}
{"level":"error","message":"❌ Failed to update inventory:","timestamp":"2026-06-27T23:40:15.074Z"}
{"level":"error","message":"❌ Shopify API Error:","timestamp":"2026-06-27T23:40:15.075Z"}
{"level":"error","message":"❌ Failed to update inventory:","timestamp":"2026-06-27T23:40:15.586Z"}
{"level":"error","message":"❌ Shopify API Error:","timestamp":"2026-06-27T23:40:15.587Z"}
{"level":"error","message":"❌ Failed to update inventory:","timestamp":"2026-06-27T23:40:16.123Z"}
{"level":"error","message":"❌ Shopify API Error:","timestamp":"2026-06-27T23:40:16.124Z"}
{"level":"error","message":"❌ Failed to update inventory:","timestamp":"2026-06-27T23:40:16.648Z"}
{"level":"error","message":"❌ Shopify API Error:","timestamp":"2026-06-27T23:40:16.649Z"}
{"level":"error","message":"❌ Failed to update inventory:","timestamp":"2026-06-27T23:40:17.250Z"}
{"level":"error","message":"❌ Shopify API Error:","timestamp":"2026-06-27T23:40:17.250Z"}
{"level":"error","message":"❌ Failed to update inventory:","timestamp":"2026-06-27T23:40:18.258Z"}
{"level":"error","message":"❌ Shopify API Error:","timestamp":"2026-06-27T23:40:18.260Z"}
{"level":"error","message":"❌ Failed to update inventory:","timestamp":"2026-06-27T23:40:19.597Z"}
{"level":"error","message":"❌ Shopify API Error:","timestamp":"2026-06-27T23:40:19.598Z"}
{"level":"error","message":"❌ Failed to update inventory:","timestamp":"2026-06-27T23:40:20.098Z"}
{"level":"error","message":"❌ Shopify API Error:","timestamp":"2026-06-27T23:40:20.099Z"}
{"level":"error","message":"❌ Failed to update inventory:","timestamp":"2026-06-27T23:40:20.636Z"}
{"level":"error","message":"❌ Shopify API Error:","timestamp":"2026-06-27T23:40:20.637Z"}
{"level":"error","message":"❌ Failed to update inventory:","timestamp":"2026-06-27T23:40:21.180Z"}
{"level":"error","message":"❌ Shopify API Error:","timestamp":"2026-06-27T23:40:21.181Z"}
{"level":"error","message":"❌ Failed to update inventory:","timestamp":"2026-06-27T23:40:21.685Z"}
{"level":"error","message":"❌ Shopify API Error:","timestamp":"2026-06-27T23:40:21.686Z"}
{"level":"error","message":"❌ Failed to update inventory:","timestamp":"2026-06-27T23:40:22.199Z"}
{"level":"error","message":"❌ Shopify API Error:","timestamp":"2026-06-27T23:40:22.200Z"}
{"level":"error","message":"❌ Failed to update inventory:","timestamp":"2026-06-27T23:40:22.706Z"}
{"level":"error","message":"❌ Shopify API Error:","timestamp":"2026-06-27T23:40:22.707Z"}
{"level":"error","message":"❌ Failed to update inventory:","timestamp":"2026-06-27T23:40:23.705Z"}
{"level":"error","message":"❌ Shopify API Error:","timestamp":"2026-06-27T23:40:23.706Z"}
{"level":"error","message":"❌ Failed to update inventory:","timestamp":"2026-06-27T23:40:24.210Z"}
{"level":"error","message":"❌ Shopify API Error:","timestamp":"2026-06-27T23:40:24.211Z"}
{"level":"error","message":"❌ Failed to update inventory:","timestamp":"2026-06-27T23:40:24.706Z"}
{"level":"error","message":"❌ Shopify API Error:","timestamp":"2026-06-27T23:40:24.746Z"}
{"level":"error","message":"❌ Failed to update inventory:","timestamp":"2026-06-27T23:40:25.263Z"}
{"level":"error","message":"❌ Shopify API Error:","timestamp":"2026-06-27T23:40:25.263Z"}
{"level":"error","message":"❌ Failed to update inventory:","timestamp":"2026-06-27T23:40:26.074Z"}
{"level":"error","message":"❌ Shopify API Error:","timestamp":"2026-06-27T23:40:26.074Z"}
{"level":"error","message":"❌ Failed to update inventory:","timestamp":"2026-06-27T23:40:26.596Z"}
{"level":"error","message":"❌ Shopify API Error:","timestamp":"2026-06-27T23:40:26.597Z"}
{"level":"error","message":"❌ Failed to update inventory:","timestamp":"2026-06-27T23:40:27.106Z"}
{"level":"error","message":"❌ Shopify API Error:","timestamp":"2026-06-27T23:40:27.107Z"}
{"level":"error","message":"❌ Failed to update inventory:","timestamp":"2026-06-27T23:40:27.590Z"}
{"level":"error","message":"❌ Shopify API Error:","timestamp":"2026-06-27T23:40:27.591Z"}
{"level":"error","message":"❌ Failed to update inventory:","timestamp":"2026-06-27T23:40:28.095Z"}
{"level":"error","message":"❌ Shopify API Error:","timestamp":"2026-06-27T23:40:28.096Z"}
{"level":"error","message":"❌ Failed to update inventory:","timestamp":"2026-06-27T23:40:28.622Z"}
{"level":"error","message":"❌ Shopify API Error:","timestamp":"2026-06-27T23:40:28.623Z"}
{"level":"error","message":"❌ Failed to update inventory:","timestamp":"2026-06-27T23:40:29.148Z"}
{"level":"error","message":"❌ Shopify API Error:","timestamp":"2026-06-27T23:40:29.148Z"}
{"level":"error","message":"❌ Failed to update inventory:","timestamp":"2026-06-27T23:40:29.659Z"}
{"level":"error","message":"❌ Shopify API Error:","timestamp":"2026-06-27T23:40:29.659Z"}
{"level":"error","message":"❌ Failed to update inventory:","timestamp":"2026-06-27T23:40:30.153Z"}
{"level":"error","message":"❌ Shopify API Error:","timestamp":"2026-06-27T23:40:30.154Z"}
{"level":"error","message":"❌ Failed to update inventory:","timestamp":"2026-06-27T23:40:30.630Z"}
{"level":"error","message":"❌ Shopify API Error:","timestamp":"2026-06-27T23:40:30.631Z"}
{"level":"error","message":"❌ Failed to update inventory:","timestamp":"2026-06-27T23:40:31.136Z"}
{"level":"error","message":"❌ Shopify API Error:","timestamp":"2026-06-27T23:40:31.137Z"}
{"level":"error","message":"❌ Failed to update inventory:","timestamp":"2026-06-27T23:40:31.648Z"}
{"level":"error","message":"❌ Shopify API Error:","timestamp":"2026-06-27T23:40:31.649Z"}
{"level":"error","message":"❌ Failed to update inventory:","timestamp":"2026-06-27T23:40:32.160Z"}
{"level":"error","message":"❌ Shopify API Error:","timestamp":"2026-06-27T23:40:32.161Z"}
{"level":"error","message":"❌ Failed to update inventory:","timestamp":"2026-06-27T23:40:32.653Z"}
{"level":"error","message":"❌ Shopify API Error:","timestamp":"2026-06-27T23:40:32.654Z"}
{"level":"error","message":"❌ Failed to update inventory:","timestamp":"2026-06-27T23:40:33.181Z"}
{"level":"error","message":"❌ Shopify API Error:","timestamp":"2026-06-27T23:40:33.181Z"}
{"level":"error","message":"❌ Failed to update inventory:","timestamp":"2026-06-27T23:40:33.671Z"}
{"level":"error","message":"❌ Shopify API Error:","timestamp":"2026-06-27T23:40:33.672Z"}
{"level":"error","message":"❌ Failed to update inventory:","timestamp":"2026-06-27T23:40:34.188Z"}
{"level":"error","message":"❌ Shopify API Error:","timestamp":"2026-06-27T23:40:34.189Z"}
{"level":"error","message":"❌ Failed to update inventory:","timestamp":"2026-06-27T23:40:34.688Z"}
{"level":"error","message":"❌ Shopify API Error:","timestamp":"2026-06-27T23:40:34.689Z"}
{"level":"error","message":"❌ Failed to update inventory:","timestamp":"2026-06-27T23:40:35.213Z"}
{"level":"error","message":"❌ Shopify API Error:","timestamp":"2026-06-27T23:40:35.215Z"}
{"level":"error","message":"❌ Failed to update inventory:","timestamp":"2026-06-27T23:40:35.749Z"}
{"level":"error","message":"❌ Shopify API Error:","timestamp":"2026-06-27T23:40:35.750Z"}
{"level":"error","message":"❌ Failed to update inventory:","timestamp":"2026-06-27T23:40:36.228Z"}
{"level":"error","message":"❌ Shopify API Error:","timestamp":"2026-06-27T23:40:36.230Z"}
{"level":"error","message":"❌ Failed to update inventory:","timestamp":"2026-06-27T23:40:37.072Z"}
{"level":"error","message":"❌ Shopify API Error:","timestamp":"2026-06-27T23:40:37.073Z"}
{"level":"error","message":"❌ Failed to update inventory:","timestamp":"2026-06-27T23:40:37.604Z"}
{"level":"error","message":"❌ Shopify API Error:","timestamp":"2026-06-27T23:40:37.605Z"}
{"level":"error","message":"❌ Failed to update inventory:","timestamp":"2026-06-27T23:40:38.101Z"}
{"level":"error","message":"❌ Shopify API Error:","timestamp":"2026-06-27T23:40:38.102Z"}
{"level":"error","message":"❌ Failed to update inventory:","timestamp":"2026-06-27T23:40:38.606Z"}
{"level":"error","message":"❌ Shopify API Error:","timestamp":"2026-06-27T23:40:38.607Z"}
{"level":"error","message":"❌ Failed to update inventory:","timestamp":"2026-06-27T23:40:39.133Z"}
{"level":"error","message":"❌ Shopify API Error:","timestamp":"2026-06-27T23:40:39.134Z"}
{"level":"error","message":"❌ Failed to update inventory:","timestamp":"2026-06-27T23:40:39.713Z"}
{"level":"error","message":"❌ Shopify API Error:","timestamp":"2026-06-27T23:40:39.714Z"}
{"level":"error","message":"❌ Failed to update inventory:","timestamp":"2026-06-27T23:40:40.244Z"}
{"level":"error","message":"❌ Shopify API Error:","timestamp":"2026-06-27T23:40:40.245Z"}
{"level":"error","message":"❌ Failed to update inventory:","timestamp":"2026-06-27T23:40:40.753Z"}
{"level":"error","message":"❌ Shopify API Error:","timestamp":"2026-06-27T23:40:40.754Z"}
{"level":"error","message":"❌ Failed to update inventory:","timestamp":"2026-06-27T23:40:41.536Z"}
{"level":"error","message":"❌ Shopify API Error:","timestamp":"2026-06-27T23:40:41.537Z"}
{"level":"error","message":"❌ Failed to update inventory:","timestamp":"2026-06-27T23:40:42.099Z"}
{"level":"error","message":"❌ Shopify API Error:","timestamp":"2026-06-27T23:40:42.100Z"}
{"level":"error","message":"❌ Failed to update inventory:","timestamp":"2026-06-27T23:40:42.636Z"}
{"level":"error","message":"❌ Shopify API Error:","timestamp":"2026-06-27T23:40:42.636Z"}
{"level":"error","message":"❌ Failed to update inventory:","timestamp":"2026-06-27T23:40:43.165Z"}
{"level":"error","message":"❌ Shopify API Error:","timestamp":"2026-06-27T23:40:43.165Z"}
{"level":"error","message":"❌ Failed to update inventory:","timestamp":"2026-06-27T23:40:43.761Z"}
{"level":"error","message":"❌ Shopify API Error:","timestamp":"2026-06-27T23:40:43.761Z"}
{"level":"error","message":"❌ Failed to update inventory:","timestamp":"2026-06-27T23:40:44.566Z"}
{"level":"error","message":"❌ Shopify API Error:","timestamp":"2026-06-27T23:40:44.566Z"}
{"level":"error","message":"❌ Failed to update inventory:","timestamp":"2026-06-27T23:40:45.092Z"}
{"level":"error","message":"❌ Shopify API Error:","timestamp":"2026-06-27T23:40:45.092Z"}
{"level":"error","message":"❌ Failed to update inventory:","timestamp":"2026-06-27T23:40:45.601Z"}
{"level":"error","message":"❌ Shopify API Error:","timestamp":"2026-06-27T23:40:45.602Z"}
{"level":"error","message":"❌ Failed to update inventory:","timestamp":"2026-06-27T23:40:46.181Z"}
{"level":"error","message":"❌ Shopify API Error:","timestamp":"2026-06-27T23:40:46.184Z"}
{"level":"error","message":"❌ Failed to update inventory:","timestamp":"2026-06-27T23:40:47.086Z"}
{"level":"error","message":"❌ Shopify API Error:","timestamp":"2026-06-27T23:40:47.086Z"}
{"level":"error","message":"❌ Failed to update inventory:","timestamp":"2026-06-27T23:40:47.592Z"}
{"level":"error","message":"❌ Shopify API Error:","timestamp":"2026-06-27T23:40:47.593Z"}
{"level":"error","message":"❌ Failed to update inventory:","timestamp":"2026-06-27T23:40:48.097Z"}
{"level":"error","message":"❌ Shopify API Error:","timestamp":"2026-06-27T23:40:48.144Z"}
{"level":"error","message":"❌ Failed to update inventory:","timestamp":"2026-06-27T23:40:48.655Z"}
{"level":"error","message":"❌ Shopify API Error:","timestamp":"2026-06-27T23:40:48.655Z"}
{"level":"error","message":"❌ Failed to update inventory:","timestamp":"2026-06-27T23:40:49.169Z"}
{"level":"error","message":"❌ Shopify API Error:","timestamp":"2026-06-27T23:40:49.169Z"}
{"level":"error","message":"❌ Failed to update inventory:","timestamp":"2026-06-27T23:40:49.681Z"}
{"level":"error","message":"❌ Shopify API Error:","timestamp":"2026-06-27T23:40:49.682Z"}
{"level":"error","message":"❌ Failed to update inventory:","timestamp":"2026-06-27T23:40:50.224Z"}
{"level":"error","message":"❌ Shopify API Error:","timestamp":"2026-06-27T23:40:50.225Z"}
{"level":"error","message":"❌ Failed to update inventory:","timestamp":"2026-06-27T23:40:50.725Z"}
{"level":"error","message":"❌ Shopify API Error:","timestamp":"2026-06-27T23:40:50.726Z"}
{"level":"error","message":"❌ Failed to update inventory:","timestamp":"2026-06-27T23:40:51.723Z"}
{"level":"error","message":"❌ Shopify API Error:","timestamp":"2026-06-27T23:40:51.724Z"}
{"level":"error","message":"❌ Failed to update inventory:","timestamp":"2026-06-27T23:40:52.212Z"}
{"level":"error","message":"❌ Shopify API Error:","timestamp":"2026-06-27T23:40:52.213Z"}
{"level":"error","message":"❌ Failed to update inventory:","timestamp":"2026-06-27T23:40:52.696Z"}
{"level":"error","message":"❌ Shopify API Error:","timestamp":"2026-06-27T23:40:52.697Z"}
{"level":"error","message":"❌ Failed to update inventory:","timestamp":"2026-06-27T23:40:53.219Z"}
{"level":"error","message":"❌ Shopify API Error:","timestamp":"2026-06-27T23:40:53.219Z"}
{"level":"error","message":"❌ Failed to update inventory:","timestamp":"2026-06-27T23:40:53.738Z"}
{"level":"error","message":"❌ Shopify API Error:","timestamp":"2026-06-27T23:40:53.739Z"}
{"level":"error","message":"❌ Failed to update inventory:","timestamp":"2026-06-27T23:40:54.240Z"}
{"level":"error","message":"❌ Shopify API Error:","timestamp":"2026-06-27T23:40:54.240Z"}
{"level":"error","message":"❌ Failed to update inventory:","timestamp":"2026-06-27T23:40:54.722Z"}
{"level":"error","message":"❌ Shopify API Error:","timestamp":"2026-06-27T23:40:54.723Z"}
{"level":"error","message":"❌ Failed to update inventory:","timestamp":"2026-06-27T23:40:55.209Z"}
{"level":"error","message":"❌ Shopify API Error:","timestamp":"2026-06-27T23:40:55.210Z"}
{"level":"error","message":"❌ Failed to update inventory:","timestamp":"2026-06-27T23:40:55.729Z"}
{"level":"error","message":"❌ Shopify API Error:","timestamp":"2026-06-27T23:40:55.729Z"}
{"level":"error","message":"❌ Failed to update inventory:","timestamp":"2026-06-27T23:40:56.224Z"}
{"level":"error","message":"❌ Shopify API Error:","timestamp":"2026-06-27T23:40:56.225Z"}
{"level":"error","message":"❌ Failed to update inventory:","timestamp":"2026-06-27T23:40:56.743Z"}
{"level":"error","message":"❌ Shopify API Error:","timestamp":"2026-06-27T23:40:56.744Z"}
{"level":"error","message":"❌ Failed to update inventory:","timestamp":"2026-06-27T23:40:57.566Z"}
{"level":"error","message":"❌ Shopify API Error:","timestamp":"2026-06-27T23:40:57.567Z"}
{"level":"error","message":"❌ Failed to update inventory:","timestamp":"2026-06-27T23:40:58.068Z"}
{"level":"error","message":"❌ Shopify API Error:","timestamp":"2026-06-27T23:40:58.069Z"}
{"level":"error","message":"❌ Failed to update inventory:","timestamp":"2026-06-27T23:40:58.604Z"}
{"level":"error","message":"❌ Shopify API Error:","timestamp":"2026-06-27T23:40:58.605Z"}
{"level":"error","message":"❌ Failed to update inventory:","timestamp":"2026-06-27T23:40:59.110Z"}
{"level":"error","message":"❌ Shopify API Error:","timestamp":"2026-06-27T23:40:59.111Z"}
{"level":"error","message":"❌ Failed to update inventory:","timestamp":"2026-06-27T23:40:59.635Z"}
{"level":"error","message":"❌ Shopify API Error:","timestamp":"2026-06-27T23:40:59.635Z"}
{"level":"error","message":"❌ Failed to update inventory:","timestamp":"2026-06-27T23:41:00.188Z"}
{"level":"error","message":"❌ Shopify API Error:","timestamp":"2026-06-27T23:41:00.189Z"}
{"level":"error","message":"❌ Failed to update inventory:","timestamp":"2026-06-27T23:41:00.674Z"}
{"level":"error","message":"❌ Shopify API Error:","timestamp":"2026-06-27T23:41:00.675Z"}
{"level":"error","message":"❌ Failed to update inventory:","timestamp":"2026-06-27T23:41:01.175Z"}
{"level":"error","message":"❌ Shopify API Error:","timestamp":"2026-06-27T23:41:01.175Z"}
{"level":"error","message":"❌ Failed to update inventory:","timestamp":"2026-06-27T23:41:01.652Z"}
{"level":"error","message":"❌ Shopify API Error:","timestamp":"2026-06-27T23:41:01.653Z"}
{"level":"error","message":"❌ Failed to update inventory:","timestamp":"2026-06-27T23:41:02.171Z"}
{"level":"error","message":"❌ Shopify API Error:","timestamp":"2026-06-27T23:41:02.172Z"}
{"level":"error","message":"❌ Failed to update inventory:","timestamp":"2026-06-27T23:41:02.728Z"}
{"level":"error","message":"❌ Shopify API Error:","timestamp":"2026-06-27T23:41:02.729Z"}
{"level":"error","message":"❌ Failed to update inventory:","timestamp":"2026-06-27T23:41:03.223Z"}
{"level":"error","message":"❌ Shopify API Error:","timestamp":"2026-06-27T23:41:03.224Z"}
{"level":"error","message":"❌ Failed to update inventory:","timestamp":"2026-06-27T23:41:03.710Z"}
{"level":"error","message":"❌ Shopify API Error:","timestamp":"2026-06-27T23:41:03.710Z"}
{"level":"error","message":"❌ Failed to update inventory:","timestamp":"2026-06-27T23:41:04.207Z"}
{"level":"error","message":"❌ Shopify API Error:","timestamp":"2026-06-27T23:41:04.208Z"}
{"level":"error","message":"❌ Failed to update inventory:","timestamp":"2026-06-27T23:41:05.536Z"}
{"level":"error","message":"❌ Shopify API Error:","timestamp":"2026-06-27T23:41:05.537Z"}
{"level":"error","message":"❌ Failed to update inventory:","timestamp":"2026-06-27T23:41:06.050Z"}
{"level":"error","message":"❌ Shopify API Error:","timestamp":"2026-06-27T23:41:06.051Z"}
{"level":"error","message":"❌ Failed to update inventory:","timestamp":"2026-06-27T23:41:06.550Z"}
{"level":"error","message":"❌ Shopify API Error:","timestamp":"2026-06-27T23:41:06.551Z"}
{"level":"error","message":"❌ Failed to update inventory:","timestamp":"2026-06-27T23:41:07.066Z"}
{"level":"error","message":"❌ Shopify API Error:","timestamp":"2026-06-27T23:41:07.067Z"}
{"level":"error","message":"❌ Failed to update inventory:","timestamp":"2026-06-27T23:41:07.591Z"}
{"level":"error","message":"❌ Shopify API Error:","timestamp":"2026-06-27T23:41:07.592Z"}
{"level":"error","message":"❌ Failed to update inventory:","timestamp":"2026-06-27T23:41:08.074Z"}
{"level":"error","message":"❌ Shopify API Error:","timestamp":"2026-06-27T23:41:08.075Z"}
{"level":"error","message":"❌ Failed to update inventory:","timestamp":"2026-06-27T23:41:08.571Z"}
{"level":"error","message":"❌ Shopify API Error:","timestamp":"2026-06-27T23:41:08.572Z"}
{"level":"error","message":"❌ Failed to update inventory:","timestamp":"2026-06-27T23:41:09.066Z"}
{"level":"error","message":"❌ Shopify API Error:","timestamp":"2026-06-27T23:41:09.067Z"}
{"level":"error","message":"❌ Failed to update inventory:","timestamp":"2026-06-27T23:41:09.550Z"}
{"level":"error","message":"❌ Shopify API Error:","timestamp":"2026-06-27T23:41:09.550Z"}
{"level":"error","message":"❌ Failed to update inventory:","timestamp":"2026-06-27T23:41:10.070Z"}
{"level":"error","message":"❌ Shopify API Error:","timestamp":"2026-06-27T23:41:10.071Z"}
{"level":"error","message":"❌ Failed to update inventory:","timestamp":"2026-06-27T23:41:10.613Z"}
{"level":"error","message":"❌ Shopify API Error:","timestamp":"2026-06-27T23:41:10.613Z"}
{"level":"error","message":"❌ Failed to update inventory:","timestamp":"2026-06-27T23:41:11.131Z"}
{"level":"error","message":"❌ Shopify API Error:","timestamp":"2026-06-27T23:41:11.132Z"}
{"level":"error","message":"❌ Failed to update inventory:","timestamp":"2026-06-27T23:41:11.643Z"}
{"level":"error","message":"❌ Shopify API Error:","timestamp":"2026-06-27T23:41:11.644Z"}
{"level":"error","message":"❌ Failed to update inventory:","timestamp":"2026-06-27T23:41:12.262Z"}
{"level":"error","message":"❌ Shopify API Error:","timestamp":"2026-06-27T23:41:12.262Z"}
{"level":"error","message":"❌ Failed to update inventory:","timestamp":"2026-06-27T23:41:13.079Z"}
{"level":"error","message":"❌ Shopify API Error:","timestamp":"2026-06-27T23:41:13.079Z"}
{"level":"error","message":"❌ Failed to update inventory:","timestamp":"2026-06-27T23:41:13.592Z"}
{"level":"error","message":"❌ Shopify API Error:","timestamp":"2026-06-27T23:41:13.593Z"}
{"level":"error","message":"❌ Failed to update inventory:","timestamp":"2026-06-27T23:41:14.095Z"}
{"level":"error","message":"❌ Shopify API Error:","timestamp":"2026-06-27T23:41:14.096Z"}
{"level":"error","message":"❌ Failed to update inventory:","timestamp":"2026-06-27T23:41:14.597Z"}
{"level":"error","message":"❌ Shopify API Error:","timestamp":"2026-06-27T23:41:14.598Z"}
{"level":"error","message":"❌ Failed to update inventory:","timestamp":"2026-06-27T23:41:15.079Z"}
{"level":"error","message":"❌ Shopify API Error:","timestamp":"2026-06-27T23:41:15.080Z"}
{"level":"error","message":"❌ Failed to update inventory:","timestamp":"2026-06-27T23:41:15.598Z"}
{"level":"error","message":"❌ Shopify API Error:","timestamp":"2026-06-27T23:41:15.599Z"}
{"level":"error","message":"❌ Failed to update inventory:","timestamp":"2026-06-27T23:41:16.091Z"}
{"level":"error","message":"❌ Shopify API Error:","timestamp":"2026-06-27T23:41:16.091Z"}
{"level":"error","message":"❌ Failed to update inventory:","timestamp":"2026-06-27T23:41:16.648Z"}
{"level":"error","message":"❌ Shopify API Error:","timestamp":"2026-06-27T23:41:16.649Z"}
{"level":"error","message":"❌ Failed to update inventory:","timestamp":"2026-06-27T23:41:17.146Z"}
{"level":"error","message":"❌ Shopify API Error:","timestamp":"2026-06-27T23:41:17.147Z"}
{"level":"error","message":"❌ Failed to update inventory:","timestamp":"2026-06-27T23:41:17.670Z"}
{"level":"error","message":"❌ Shopify API Error:","timestamp":"2026-06-27T23:41:17.671Z"}
{"level":"error","message":"❌ Failed to update inventory:","timestamp":"2026-06-27T23:41:18.159Z"}
{"level":"error","message":"❌ Shopify API Error:","timestamp":"2026-06-27T23:41:18.160Z"}
{"level":"error","message":"❌ Failed to update inventory:","timestamp":"2026-06-27T23:41:18.700Z"}
{"level":"error","message":"❌ Shopify API Error:","timestamp":"2026-06-27T23:41:18.701Z"}
{"level":"error","message":"❌ Failed to update inventory:","timestamp":"2026-06-27T23:41:19.205Z"}
{"level":"error","message":"❌ Shopify API Error:","timestamp":"2026-06-27T23:41:19.206Z"}
{"level":"error","message":"❌ Failed to update inventory:","timestamp":"2026-06-28T00:00:24.569Z"}
{"level":"error","message":"❌ Shopify API Error:","timestamp":"2026-06-28T00:00:24.571Z"}
{"level":"error","message":"❌ Failed to update inventory:","timestamp":"2026-06-28T00:00:29.673Z"}
{"level":"error","message":"❌ Shopify API Error:","timestamp":"2026-06-28T00:00:29.674Z"}
{"level":"error","message":"❌ Failed to update inventory:","timestamp":"2026-06-28T00:00:34.339Z"}
{"level":"error","message":"❌ Shopify API Error:","timestamp":"2026-06-28T00:00:34.340Z"}
{"level":"error","message":"❌ Failed to update inventory:","timestamp":"2026-06-28T00:00:39.298Z"}
{"level":"error","message":"❌ Shopify API Error:","timestamp":"2026-06-28T00:00:39.299Z"}
{"level":"error","message":"❌ Failed to update inventory:","timestamp":"2026-06-28T00:00:44.373Z"}
{"level":"error","message":"❌ Shopify API Error:","timestamp":"2026-06-28T00:00:44.374Z"}
{"level":"error","message":"❌ Failed to update inventory:","timestamp":"2026-06-28T00:00:49.436Z"}
{"level":"error","message":"❌ Shopify API Error:","timestamp":"2026-06-28T00:00:49.437Z"}
{"level":"error","message":"❌ Failed to update inventory:","timestamp":"2026-06-28T00:01:05.413Z"}
{"level":"error","message":"❌ Shopify API Error:","timestamp":"2026-06-28T00:01:05.414Z"}
{"level":"error","message":"❌ Failed to update inventory:","timestamp":"2026-06-28T00:01:10.382Z"}
{"level":"error","message":"❌ Shopify API Error:","timestamp":"2026-06-28T00:01:10.387Z"}
{"level":"error","message":"❌ Failed to update inventory:","timestamp":"2026-06-28T00:01:15.448Z"}
{"level":"error","message":"❌ Shopify API Error:","timestamp":"2026-06-28T00:01:15.449Z"}
{"level":"error","message":"❌ Failed to update inventory:","timestamp":"2026-06-28T00:01:20.455Z"}
{"level":"error","message":"❌ Shopify API Error:","timestamp":"2026-06-28T00:01:20.456Z"}
{"level":"error","message":"❌ Failed to update inventory:","timestamp":"2026-06-28T00:01:25.584Z"}
{"level":"error","message":"❌ Shopify API Error:","timestamp":"2026-06-28T00:01:25.585Z"}
{"level":"error","message":"❌ Failed to update inventory:","timestamp":"2026-06-28T00:09:23.331Z"}
{"level":"error","message":"❌ Shopify API Error:","timestamp":"2026-06-28T00:09:23.332Z"}
{"level":"error","message":"❌ Failed to update inventory:","timestamp":"2026-06-28T00:09:28.338Z"}
{"level":"error","message":"❌ Shopify API Error:","timestamp":"2026-06-28T00:09:28.339Z"}
{"level":"error","message":"❌ Failed to update inventory:","timestamp":"2026-06-28T00:09:33.349Z"}
{"level":"error","message":"❌ Shopify API Error:","timestamp":"2026-06-28T00:09:33.350Z"}
{"level":"error","message":"❌ Failed to update inventory:","timestamp":"2026-06-28T00:09:38.307Z"}
{"level":"error","message":"❌ Shopify API Error:","timestamp":"2026-06-28T00:09:38.308Z"}
{"level":"error","message":"❌ Failed to update inventory:","timestamp":"2026-06-28T00:09:43.327Z"}
{"level":"error","message":"❌ Shopify API Error:","timestamp":"2026-06-28T00:09:43.328Z"}
{"level":"error","message":"❌ Failed to update inventory:","timestamp":"2026-06-28T00:09:48.337Z"}
{"level":"error","message":"❌ Shopify API Error:","timestamp":"2026-06-28T00:09:48.338Z"}
{"level":"error","message":"❌ Failed to update inventory:","timestamp":"2026-06-28T00:09:52.874Z"}
{"level":"error","message":"❌ Shopify API Error:","timestamp":"2026-06-28T00:09:52.875Z"}
{"level":"error","message":"❌ Failed to update inventory:","timestamp":"2026-06-28T00:09:57.432Z"}
{"level":"error","message":"❌ Shopify API Error:","timestamp":"2026-06-28T00:09:57.433Z"}
{"level":"error","message":"❌ Failed to update inventory:","timestamp":"2026-06-28T00:10:02.043Z"}
{"level":"error","message":"❌ Shopify API Error:","timestamp":"2026-06-28T00:10:02.043Z"}
{"level":"error","message":"❌ Failed to update inventory:","timestamp":"2026-06-28T00:10:06.593Z"}
{"level":"error","message":"❌ Shopify API Error:","timestamp":"2026-06-28T00:10:06.594Z"}
{"level":"error","message":"❌ Failed to update inventory:","timestamp":"2026-06-28T00:10:11.183Z"}
{"level":"error","message":"❌ Shopify API Error:","timestamp":"2026-06-28T00:10:11.183Z"}
{"level":"error","message":"❌ Failed to update inventory:","timestamp":"2026-06-28T00:10:15.717Z"}
{"level":"error","message":"❌ Shopify API Error:","timestamp":"2026-06-28T00:10:15.717Z"}
{"level":"error","message":"❌ Failed to update inventory:","timestamp":"2026-06-28T00:10:20.307Z"}
{"level":"error","message":"❌ Shopify API Error:","timestamp":"2026-06-28T00:10:20.308Z"}
{"level":"error","message":"❌ Failed to update inventory:","timestamp":"2026-06-28T00:10:24.851Z"}
{"level":"error","message":"❌ Shopify API Error:","timestamp":"2026-06-28T00:10:24.852Z"}
{"level":"error","message":"❌ Failed to update inventory:","timestamp":"2026-06-28T00:10:29.424Z"}
{"level":"error","message":"❌ Shopify API Error:","timestamp":"2026-06-28T00:10:29.425Z"}
{"level":"error","message":"❌ Failed to update inventory:","timestamp":"2026-06-28T00:10:34.000Z"}
{"level":"error","message":"❌ Shopify API Error:","timestamp":"2026-06-28T00:10:34.001Z"}
{"level":"error","message":"❌ Failed to update inventory:","timestamp":"2026-06-28T00:10:39.335Z"}
{"level":"error","message":"❌ Shopify API Error:","timestamp":"2026-06-28T00:10:39.336Z"}
{"level":"error","message":"❌ Failed to update inventory:","timestamp":"2026-06-28T00:10:43.937Z"}
{"level":"error","message":"❌ Shopify API Error:","timestamp":"2026-06-28T00:10:43.938Z"}
{"level":"error","message":"❌ Failed to update inventory:","timestamp":"2026-06-28T00:10:49.307Z"}
{"level":"error","message":"❌ Shopify API Error:","timestamp":"2026-06-28T00:10:49.308Z"}
{"level":"error","message":"❌ Failed to update inventory:","timestamp":"2026-06-28T00:10:54.325Z"}
{"level":"error","message":"❌ Shopify API Error:","timestamp":"2026-06-28T00:10:54.326Z"}
{"level":"error","message":"❌ Failed to update inventory:","timestamp":"2026-06-28T00:10:59.293Z"}
{"level":"error","message":"❌ Shopify API Error:","timestamp":"2026-06-28T00:10:59.294Z"}
{"level":"error","message":"❌ Failed to update inventory:","timestamp":"2026-06-28T00:11:04.294Z"}
{"level":"error","message":"❌ Shopify API Error:","timestamp":"2026-06-28T00:11:04.295Z"}
{"level":"error","message":"❌ Failed to update inventory:","timestamp":"2026-06-28T00:11:08.808Z"}
{"level":"error","message":"❌ Shopify API Error:","timestamp":"2026-06-28T00:11:08.809Z"}
{"level":"error","message":"❌ Failed to update inventory:","timestamp":"2026-06-28T00:11:14.316Z"}
{"level":"error","message":"❌ Shopify API Error:","timestamp":"2026-06-28T00:11:14.316Z"}
{"level":"error","message":"❌ Failed to update inventory:","timestamp":"2026-06-28T00:11:19.403Z"}
{"level":"error","message":"❌ Shopify API Error:","timestamp":"2026-06-28T00:11:19.404Z"}
{"level":"error","message":"❌ Failed to update inventory:","timestamp":"2026-06-28T00:11:24.285Z"}
{"level":"error","message":"❌ Shopify API Error:","timestamp":"2026-06-28T00:11:24.286Z"}
{"level":"error","message":"❌ Failed to update inventory:","timestamp":"2026-06-28T00:11:29.298Z"}
{"level":"error","message":"❌ Shopify API Error:","timestamp":"2026-06-28T00:11:29.299Z"}
{"level":"error","message":"❌ Failed to update inventory:","timestamp":"2026-06-28T00:11:45.499Z"}
{"level":"error","message":"❌ Shopify API Error:","timestamp":"2026-06-28T00:11:45.500Z"}
{"level":"error","message":"❌ Failed to update inventory:","timestamp":"2026-06-28T00:11:50.304Z"}
{"level":"error","message":"❌ Shopify API Error:","timestamp":"2026-06-28T00:11:50.304Z"}
{"level":"error","message":"❌ Failed to update inventory:","timestamp":"2026-06-28T00:11:55.302Z"}
{"level":"error","message":"❌ Shopify API Error:","timestamp":"2026-06-28T00:11:55.303Z"}
{"level":"error","message":"❌ Failed to update inventory:","timestamp":"2026-06-28T00:12:00.337Z"}
{"level":"error","message":"❌ Shopify API Error:","timestamp":"2026-06-28T00:12:00.340Z"}
{"level":"error","message":"❌ GraphQL Errors:","timestamp":"2026-06-28T13:32:17.219Z"}
{"level":"error","message":"❌ GraphQL Request Failed:","timestamp":"2026-06-28T13:32:17.227Z"}
{"level":"error","message":"Status:","timestamp":"2026-06-28T13:32:17.230Z"}
{"level":"error","message":"Response:","timestamp":"2026-06-28T13:32:17.231Z"}
{"level":"error","message":"❌ GraphQL Errors:","timestamp":"2026-06-28T13:32:20.074Z"}
{"level":"error","message":"❌ GraphQL Request Failed:","timestamp":"2026-06-28T13:32:20.076Z"}
{"level":"error","message":"Status:","timestamp":"2026-06-28T13:32:20.077Z"}
{"level":"error","message":"Response:","timestamp":"2026-06-28T13:32:20.078Z"}
{"errors":{"base":["Cannot set name for an option value linked to a metafield"]},"level":"error","message":"❌ Failed to update product 10278980550939:","timestamp":"2026-06-28T13:41:30.557Z"}
{"level":"error","message":"❌ Upload error:","timestamp":"2026-06-28T13:41:30.559Z"}
{"level":"error","message":"❌ Failed to get product 10285612826907:","timestamp":"2026-06-28T13:51:52.340Z"}
{"level":"error","message":"❌ Failed to get product 10285628850459:","timestamp":"2026-06-28T14:47:03.429Z"}
{"level":"error","message":"❌ Failed to get product 10285687767323:","timestamp":"2026-06-28T16:28:53.800Z"}
{"errors":{"base":["could not update variants to []"]},"level":"error","message":"❌ Failed to update product 10287290646811:","timestamp":"2026-07-01T06:08:22.552Z"}
{"level":"error","message":"❌ Failed to fix https://kimland.dz/product/11202/american-college-t-shirt-pour-homme/: Request failed with status code 422","timestamp":"2026-07-01T06:08:22.553Z"}
{"level":"error","message":"❌ Failed to extract product:","timestamp":"2026-07-01T06:30:04.125Z"}
{"level":"error","message":"❌ Failed to fix https://kimland.dz/product/11202/american-college-t-shirt-pour-homme/: waitUntil: expected one of (load|domcontentloaded|networkidle|commit)","timestamp":"2026-07-01T06:30:04.357Z"}
{"level":"error","message":"❌ Failed to get product 10287290646811:","timestamp":"2026-07-01T06:31:14.098Z"}
{"level":"error","message":"❌ Failed to extract product:","timestamp":"2026-07-01T08:49:26.439Z"}
{"level":"error","message":"❌ Échec de la récupération des produits:","timestamp":"2026-07-02T21:01:44.562Z"}
{"level":"error","message":"❌ Échec de la récupération des produits:","timestamp":"2026-07-02T21:01:56.280Z"}
{"level":"error","message":"❌ Échec de la récupération des produits:","timestamp":"2026-07-02T21:02:01.692Z"}
{"level":"error","message":"❌ Échec de la récupération des produits:","timestamp":"2026-07-02T21:02:03.979Z"}
{"level":"error","message":"❌ Échec de la récupération des produits:","timestamp":"2026-07-02T21:02:04.985Z"}
{"level":"error","message":"❌ Échec de la récupération des produits:","timestamp":"2026-07-02T21:02:06.047Z"}
{"level":"error","message":"❌ Échec de la récupération des produits:","timestamp":"2026-07-02T21:02:06.704Z"}
{"level":"error","message":"❌ Échec de la récupération des produits:","timestamp":"2026-07-02T21:19:08.480Z"}
{"level":"error","message":"❌ Erreur API Shopify:","timestamp":"2026-07-02T21:19:08.481Z"}
{"level":"error","message":"❌ Échec de la récupération des produits:","timestamp":"2026-07-02T21:19:13.486Z"}
{"level":"error","message":"❌ Erreur API Shopify:","timestamp":"2026-07-02T21:19:13.486Z"}
{"level":"error","message":"❌ Échec de la récupération des produits:","timestamp":"2026-07-02T21:21:30.873Z"}
{"level":"error","message":"❌ Erreur API Shopify:","timestamp":"2026-07-02T21:21:30.874Z"}
{"level":"error","message":"❌ Échec de la récupération des produits:","timestamp":"2026-07-02T21:21:37.386Z"}
{"level":"error","message":"❌ Erreur API Shopify:","timestamp":"2026-07-02T21:21:37.388Z"}
{"data":{"errors":{"page":"page cannot be passed. See https://shopify.dev/api/usage/pagination-rest for more information."}},"level":"error","message":"❌ Erreur API Shopify (getAllProducts):","status":400,"statusText":"Bad Request","timestamp":"2026-07-02T21:22:49.825Z"}
{"data":{"errors":"Not Found"},"level":"error","message":"❌ Erreur API Shopify (getProduct):","status":404,"statusText":"Not Found","timestamp":"2026-07-02T22:53:48.983Z"}
{"data":{"errors":"Not Found"},"level":"error","message":"❌ Erreur API Shopify (getProduct):","status":404,"statusText":"Not Found","timestamp":"2026-07-02T23:05:39.252Z"}
{"data":{"errors":"Not Found"},"level":"error","message":"❌ Erreur API Shopify (getProduct):","status":404,"statusText":"Not Found","timestamp":"2026-07-02T23:21:40.314Z"}
{"data":{"errors":"Not Found"},"level":"error","message":"❌ Erreur API Shopify (getProduct):","status":404,"statusText":"Not Found","timestamp":"2026-07-03T00:20:46.071Z"}
{"data":{"errors":"[API] Invalid API key or access token (unrecognized login or wrong password)"},"level":"error","message":"❌ Erreur API Shopify (getAllProducts):","status":401,"statusText":"Unauthorized","timestamp":"2026-07-03T00:40:43.747Z"}
{"data":{"errors":"[API] Invalid API key or access token (unrecognized login or wrong password)"},"level":"error","message":"❌ Erreur API Shopify (getAllProducts):","status":401,"statusText":"Unauthorized","timestamp":"2026-07-03T00:40:47.823Z"}
{"data":{"errors":"[API] Invalid API key or access token (unrecognized login or wrong password)"},"level":"error","message":"❌ Erreur API Shopify (getAllProducts):","status":401,"statusText":"Unauthorized","timestamp":"2026-07-03T00:40:56.739Z"}
{"data":{"errors":"[API] Invalid API key or access token (unrecognized login or wrong password)"},"level":"error","message":"❌ Erreur API Shopify (getAllProducts):","status":401,"statusText":"Unauthorized","timestamp":"2026-07-03T00:41:43.657Z"}
{"data":{"errors":"[API] Invalid API key or access token (unrecognized login or wrong password)"},"level":"error","message":"❌ Erreur API Shopify (getAllProducts):","status":401,"statusText":"Unauthorized","timestamp":"2026-07-03T00:41:43.956Z"}
{"data":{"errors":"[API] Invalid API key or access token (unrecognized login or wrong password)"},"level":"error","message":"❌ Erreur API Shopify (getProduct):","status":401,"statusText":"Unauthorized","timestamp":"2026-07-03T00:41:44.272Z"}
{"data":{"errors":"[API] Invalid API key or access token (unrecognized login or wrong password)"},"level":"error","message":"❌ Erreur API Shopify (createProduct):","status":401,"statusText":"Unauthorized","timestamp":"2026-07-03T00:41:44.568Z"}
{"data":{"errors":"Not Found"},"level":"error","message":"❌ Erreur API Shopify (getProduct):","status":404,"statusText":"Not Found","timestamp":"2026-07-03T00:42:41.333Z"}
{"data":{"errors":"Not Found"},"level":"error","message":"❌ Erreur API Shopify (getProduct):","status":404,"statusText":"Not Found","timestamp":"2026-07-03T00:48:37.968Z"}
